id,description,source,page,extraction_method
MCGM_Civil_BOQ_p1_l1,A EARTHWORK,MCGM_Civil_BOQ,1,text
MCGM_Civil_BOQ_p1_l3,1) Item includes Excavation with,MCGM_Civil_BOQ,1,text
MCGM_Civil_BOQ_p1_l5,dewatering by pumps. No separate payment,MCGM_Civil_BOQ,1,text
MCGM_Civil_BOQ_p1_l14,"rock, debris etc. required for refilling or",MCGM_Civil_BOQ,1,text
MCGM_Civil_BOQ_p1_l20,"Contractor should provide the same at his 1 R2-CS-EW-1 Excavation for foundations, substructures,",MCGM_Civil_BOQ,1,text
MCGM_Civil_BOQ_p1_l21,"basements, tanks, sumps, walls, chambers,",MCGM_Civil_BOQ,1,text
MCGM_Civil_BOQ_p1_l22,"manholes, trenches, poles, pits & general",MCGM_Civil_BOQ,1,text
MCGM_Civil_BOQ_p1_l24,"vegetable earth, soft murum, running sand,",MCGM_Civil_BOQ,1,text
MCGM_Civil_BOQ_p1_l32,"vegetation, backfilling in layers not more",MCGM_Civil_BOQ,1,text
MCGM_Civil_BOQ_p1_l43,"3R2-CS-EW-3 Excavation for foundation, substructures,",MCGM_Civil_BOQ,1,text
MCGM_Civil_BOQ_p1_l44,"basements, tanks, sumps, walls, chambers,",MCGM_Civil_BOQ,1,text
MCGM_Civil_BOQ_p1_l45,"manholes, trenches, poles, pits & general",MCGM_Civil_BOQ,1,text
MCGM_Civil_BOQ_p1_l47,"sand stone, stiff clay, gravel, cobblestone,",MCGM_Civil_BOQ,1,text
MCGM_Civil_BOQ_p1_l51,"hardcore, lime concrete, plain cement",MCGM_Civil_BOQ,1,text
MCGM_Civil_BOQ_p1_l52,"concrete, stone masonry and all types of",MCGM_Civil_BOQ,1,text
MCGM_Civil_BOQ_p1_l53,"brick/ block masonry below ground level,",MCGM_Civil_BOQ,1,text
MCGM_Civil_BOQ_p1_l58,"removing rank vegetation, backfilling in",MCGM_Civil_BOQ,1,text
MCGM_Civil_BOQ_p1_l60,4R2-CS-EW-4 Excavation by chiseling by manual,MCGM_Civil_BOQ,1,text
MCGM_Civil_BOQ_p1_l63,"etc. for foundations,",MCGM_Civil_BOQ,1,text
MCGM_Civil_BOQ_p1_l64,"substructures,basements, tanks, sumps,",MCGM_Civil_BOQ,1,text
MCGM_Civil_BOQ_p1_l65,"walls, chambers, manholes, poles, pits &",MCGM_Civil_BOQ,1,text
MCGM_Civil_BOQ_p1_l67,"reinforced concrete, Bituminous macadam",MCGM_Civil_BOQ,1,text
MCGM_Civil_BOQ_p1_l71,"vegetation, backfilling in layers not more",MCGM_Civil_BOQ,1,text
MCGM_Civil_BOQ_p2_l0,5R2-CS-EW-5 Excavation by using splitters for,MCGM_Civil_BOQ,2,text
MCGM_Civil_BOQ_p2_l1,"foundations, substructures, basements,",MCGM_Civil_BOQ,2,text
MCGM_Civil_BOQ_p2_l2,"tanks, sumps, walls, chambers, manholes,",MCGM_Civil_BOQ,2,text
MCGM_Civil_BOQ_p2_l4,"works in hard rock, reinforced concrete, for",MCGM_Civil_BOQ,2,text
MCGM_Civil_BOQ_p2_l9,"vegetation, backfilling in layers not more",MCGM_Civil_BOQ,2,text
MCGM_Civil_BOQ_p2_l30,"10R2-CS-EW-11 Filling in plinth, floors, trenches, pits with",MCGM_Civil_BOQ,2,text
MCGM_Civil_BOQ_p2_l38,"11 R2-CS-EW-12 Filling in plinth, floors, trenches, pits with",MCGM_Civil_BOQ,2,text
MCGM_Civil_BOQ_p2_l54,small chips including filling in with,MCGM_Civil_BOQ,2,text
MCGM_Civil_BOQ_p2_l57,"watering, sand spreading 12mm thk. layer Cum 600 2,231 1338600.00",MCGM_Civil_BOQ,2,text
MCGM_Civil_BOQ_p2_l63,"walling, struts, open poling boards, Sqm 100 1,372 137200.00",MCGM_Civil_BOQ,2,text
MCGM_Civil_BOQ_p2_l64,TOTAL FOR EARTHWORK 11628350,MCGM_Civil_BOQ,2,text
MCGM_Civil_BOQ_p2_l71,"foundation pits, wall trenches, basement",MCGM_Civil_BOQ,2,text
MCGM_Civil_BOQ_p2_l72,"excavation, backfill in immediate contact",MCGM_Civil_BOQ,2,text
MCGM_Civil_BOQ_p2_l73,with foundation and treating the top surface,MCGM_Civil_BOQ,2,text
MCGM_Civil_BOQ_p2_l74,"of plinth filling, junction of wall & floor,",MCGM_Civil_BOQ,2,text
MCGM_Civil_BOQ_p2_l76,"expansion joints, surrounding of pipes,",MCGM_Civil_BOQ,2,text
MCGM_Civil_BOQ_p2_l77,water conduits and at places suggested and,MCGM_Civil_BOQ,2,text
MCGM_Civil_BOQ_p2_l81,inspection chamber to control the nuisance,MCGM_Civil_BOQ,2,text
MCGM_Civil_BOQ_p3_l0,C R2-CS-CW CONCRETE WORKS,MCGM_Civil_BOQ,3,text
MCGM_Civil_BOQ_p3_l1,I Plain Cement Concrete (RMC),MCGM_Civil_BOQ,3,text
MCGM_Civil_BOQ_p3_l4,cement concrete of specified grade cement,MCGM_Civil_BOQ,3,text
MCGM_Civil_BOQ_p3_l6,mixing in concrete mixer including bailing,MCGM_Civil_BOQ,3,text
MCGM_Civil_BOQ_p3_l7,"out water, compacting, finishing surface,",MCGM_Civil_BOQ,3,text
MCGM_Civil_BOQ_p3_l8,curing and including the cost of centering,MCGM_Civil_BOQ,3,text
MCGM_Civil_BOQ_p3_l9,and shuttering at all level : Nominal Mix of Cum 950 6821 6479950,MCGM_Civil_BOQ,3,text
MCGM_Civil_BOQ_p3_l11,mixed design mix M 20 grade cement,MCGM_Civil_BOQ,3,text
MCGM_Civil_BOQ_p3_l12,concrete for reinforced cement concrete,MCGM_Civil_BOQ,3,text
MCGM_Civil_BOQ_p3_l13,"work, using cement content as per",MCGM_Civil_BOQ,3,text
MCGM_Civil_BOQ_p3_l14,"approved design mix, including pumping of",MCGM_Civil_BOQ,3,text
MCGM_Civil_BOQ_p3_l15,concrete to site of laying and the cost of,MCGM_Civil_BOQ,3,text
MCGM_Civil_BOQ_p3_l16,"centering, shuttering, finishing and",MCGM_Civil_BOQ,3,text
MCGM_Civil_BOQ_p3_l17,"excluding reinforcement, including",MCGM_Civil_BOQ,3,text
MCGM_Civil_BOQ_p3_l20,"of concrete, improve workability without",MCGM_Civil_BOQ,3,text
MCGM_Civil_BOQ_p3_l28,All works (including Centering &,MCGM_Civil_BOQ,3,text
MCGM_Civil_BOQ_p3_l29,Shuttering) 19R2-CS-CW-7-,MCGM_Civil_BOQ,3,text
MCGM_Civil_BOQ_p3_l30,"aFoundations, footings, bases of columns,",MCGM_Civil_BOQ,3,text
MCGM_Civil_BOQ_p3_l33,bWalls (any thickness) including,MCGM_Civil_BOQ,3,text
MCGM_Civil_BOQ_p3_l34,"attached butteresses, retaining wall, shear",MCGM_Civil_BOQ,3,text
MCGM_Civil_BOQ_p3_l35,"wall, diaphragm wall, trench,pit walls, etcCum 2,650 10,518 27872700",MCGM_Civil_BOQ,3,text
MCGM_Civil_BOQ_p3_l37,"cSlabs, Suspended floors, roofs, landings,",MCGM_Civil_BOQ,3,text
MCGM_Civil_BOQ_p3_l41,"dLintels, beams, plinth beams, girders, floor",MCGM_Civil_BOQ,3,text
MCGM_Civil_BOQ_p3_l42,"beam, coping.Cum 1,800 9,556 17200800",MCGM_Civil_BOQ,3,text
MCGM_Civil_BOQ_p3_l44,"eColumns, Pillars, Piers, Posts and Struts. Cum 1,800 11,184 20131200",MCGM_Civil_BOQ,3,text
MCGM_Civil_BOQ_p3_l46,"fStairs (waist slab), folded slab, inclined slab Cum 175 11,059 1935325",MCGM_Civil_BOQ,3,text
MCGM_Civil_BOQ_p3_l49,"cantilever beam, etc.,",MCGM_Civil_BOQ,3,text
MCGM_Civil_BOQ_p3_l51,26R2-CS-CW-9 Extra for providing two stage centering for,MCGM_Civil_BOQ,3,text
MCGM_Civil_BOQ_p3_l53,"in terms of floor slabs including finishing,Cum 25 1,623 40575",MCGM_Civil_BOQ,3,text
MCGM_Civil_BOQ_p3_l55,of M-30 grade cement concrete instead of,MCGM_Civil_BOQ,3,text
MCGM_Civil_BOQ_p3_l56,M20 (Note :- Cement content considered,MCGM_Civil_BOQ,3,text
MCGM_Civil_BOQ_p3_l58,table showing minimum cement content.)Cum 500 532 266000,MCGM_Civil_BOQ,3,text
MCGM_Civil_BOQ_p3_l60,of M-40 grade cement concrete instead of,MCGM_Civil_BOQ,3,text
MCGM_Civil_BOQ_p3_l61,M20 (Note :- Cement content considered,MCGM_Civil_BOQ,3,text
MCGM_Civil_BOQ_p3_l63,"table showing minimum cement content.)Cum 9,100 1,064 9682400",MCGM_Civil_BOQ,3,text
MCGM_Civil_BOQ_p3_l65,M-50 grade cement concrete instead of M20,MCGM_Civil_BOQ,3,text
MCGM_Civil_BOQ_p3_l66,(Note :- Cement content considered in this,MCGM_Civil_BOQ,3,text
MCGM_Civil_BOQ_p3_l68,III Reinforcement Steel,MCGM_Civil_BOQ,3,text
MCGM_Civil_BOQ_p3_l69,30R2-CS-CW-35 Providing and fixing in position steel bars,MCGM_Civil_BOQ,3,text
MCGM_Civil_BOQ_p3_l70,reinforcement of various diameters for,MCGM_Civil_BOQ,3,text
MCGM_Civil_BOQ_p3_l72,"footings,raft,retaining wall,shear wall,",MCGM_Civil_BOQ,3,text
MCGM_Civil_BOQ_p3_l73,"lift wall, foundations, slabs, beams,",MCGM_Civil_BOQ,3,text
MCGM_Civil_BOQ_p3_l74,"columns, canopies, staircases, newels,",MCGM_Civil_BOQ,3,text
MCGM_Civil_BOQ_p3_l78,cThermo-Mechanically Treated steel bar (500,MCGM_Civil_BOQ,3,text
MCGM_Civil_BOQ_p3_l80,32 R2-CS-CW-62 Providing & Laying Plum concrete,MCGM_Civil_BOQ,3,text
MCGM_Civil_BOQ_p4_l1,1-bProviding and Casting RCC bored cast in-,MCGM_Civil_BOQ,4,text
MCGM_Civil_BOQ_p4_l3,Sand /Rock by rotary hydraulic rigs using,MCGM_Civil_BOQ,4,text
MCGM_Civil_BOQ_p4_l7,Cement Concrete work of filling the bore,MCGM_Civil_BOQ,4,text
MCGM_Civil_BOQ_p4_l8,(after placement of reinforcement cage as,MCGM_Civil_BOQ,4,text
MCGM_Civil_BOQ_p4_l10,Concrete using 43 Grade Ordinary Portland,MCGM_Civil_BOQ,4,text
MCGM_Civil_BOQ_p4_l11,"Cementconfirming to IS :8112, ofapproved",MCGM_Civil_BOQ,4,text
MCGM_Civil_BOQ_p4_l12,make and brand with minimum cement Rmt 750 5125 3843750,MCGM_Civil_BOQ,4,text
MCGM_Civil_BOQ_p4_l18,"required shape, welding, painting with Red MT 16 79777 1276432",MCGM_Civil_BOQ,4,text
MCGM_Civil_BOQ_p4_l23,aProviding & fixing steel anchor dowel bars,MCGM_Civil_BOQ,4,text
MCGM_Civil_BOQ_p4_l24,in open foundation including drilling holes,MCGM_Civil_BOQ,4,text
MCGM_Civil_BOQ_p4_l28,effectively grouting the holes with cement,MCGM_Civil_BOQ,4,text
MCGM_Civil_BOQ_p4_l30,TOTAL FOR CONCRETE WORKS 326281657,MCGM_Civil_BOQ,4,text
MCGM_Civil_BOQ_p4_l32,External wall & Compound wall,MCGM_Civil_BOQ,4,text
MCGM_Civil_BOQ_p4_l33,37R2-CS-MW-4 Brick work with clay flyash F.P.S. (non,MCGM_Civil_BOQ,4,text
MCGM_Civil_BOQ_p4_l34,modular) brick of class designation 3.5 and,MCGM_Civil_BOQ,4,text
MCGM_Civil_BOQ_p4_l36,upto floor five level in all shapes and sizes 38R2-CS-MW-4-,MCGM_Civil_BOQ,4,text
MCGM_Civil_BOQ_p4_l37,cCement mortar 1:6 (1 cement : 6 coarse,MCGM_Civil_BOQ,4,text
MCGM_Civil_BOQ_p4_l38,"sand)Cum 2190 6,706 14686140",MCGM_Civil_BOQ,4,text
MCGM_Civil_BOQ_p4_l39,Internal wall,MCGM_Civil_BOQ,4,text
MCGM_Civil_BOQ_p4_l42,(cellular) cement blocks masonry with more,MCGM_Civil_BOQ,4,text
MCGM_Civil_BOQ_p4_l43,than 100 mm thick AAC blocks in cement,MCGM_Civil_BOQ,4,text
MCGM_Civil_BOQ_p4_l44,mortar 1:4 (1 cement : 4 coarse sand ),MCGM_Civil_BOQ,4,text
MCGM_Civil_BOQ_p4_l45,including RCC stiffeners. The rate includes,MCGM_Civil_BOQ,4,text
MCGM_Civil_BOQ_p4_l48,"masonry work, racking of joints, scaffolding Cum 2,625 6,911 18141126.2",MCGM_Civil_BOQ,4,text
MCGM_Civil_BOQ_p4_l49,40R2-CS-MW-6 Extra for brick work / AAC block,MCGM_Civil_BOQ,4,text
MCGM_Civil_BOQ_p4_l50,masonry / Tile brick masonry in,MCGM_Civil_BOQ,4,text
MCGM_Civil_BOQ_p4_l52,floors or part there of by mechanical,MCGM_Civil_BOQ,4,text
MCGM_Civil_BOQ_p4_l53,"means.(5th to 8th floor)Cum 1,040 394 409760",MCGM_Civil_BOQ,4,text
MCGM_Civil_BOQ_p4_l54,41R2-CS-MW-6 Extra for brick work / AAC block,MCGM_Civil_BOQ,4,text
MCGM_Civil_BOQ_p4_l55,masonry / Tile brick masonry in,MCGM_Civil_BOQ,4,text
MCGM_Civil_BOQ_p4_l57,floors or part thereof by mechanical,MCGM_Civil_BOQ,4,text
MCGM_Civil_BOQ_p4_l63,bBrick work with common burnt clay,MCGM_Civil_BOQ,4,text
MCGM_Civil_BOQ_p4_l64,modular bricks of class designation 3.5 and,MCGM_Civil_BOQ,4,text
MCGM_Civil_BOQ_p4_l65,above in foundation and plinth in:Cement Cum 30 5368 161040,MCGM_Civil_BOQ,4,text
MCGM_Civil_BOQ_p4_l67,E PLASTERING WORKS,MCGM_Civil_BOQ,4,text
MCGM_Civil_BOQ_p4_l68,Internal Plaster,MCGM_Civil_BOQ,4,text
MCGM_Civil_BOQ_p4_l70,internal plaster in one coat in cement,MCGM_Civil_BOQ,4,text
MCGM_Civil_BOQ_p4_l71,mortar 1:3 with white cementicious wall,MCGM_Civil_BOQ,4,text
MCGM_Civil_BOQ_p4_l73,locations for masonry (except stone,MCGM_Civil_BOQ,4,text
MCGM_Civil_BOQ_p4_l74,masonry) and concrete surfaces,MCGM_Civil_BOQ,4,text
MCGM_Civil_BOQ_p4_l76,External Plaster,MCGM_Civil_BOQ,4,text
MCGM_Civil_BOQ_p4_l78,external sand faced cement plaster with neat,MCGM_Civil_BOQ,4,text
MCGM_Civil_BOQ_p4_l79,cement rendering upto 10m from ground,MCGM_Civil_BOQ,4,text
MCGM_Civil_BOQ_p4_l80,level and at all locations in cement mortar,MCGM_Civil_BOQ,4,text
MCGM_Civil_BOQ_p4_l82,masonry (except stone masonry) and,MCGM_Civil_BOQ,4,text
MCGM_Civil_BOQ_p4_l83,concrete surfaces including providing water,MCGM_Civil_BOQ,4,text
MCGM_Civil_BOQ_p4_l84,proofing compound to the first coat of,MCGM_Civil_BOQ,4,text
MCGM_Civil_BOQ_p4_l85,"plaster as per manufacturers specification,",MCGM_Civil_BOQ,4,text
MCGM_Civil_BOQ_p4_l86,"racking out joints, hacking of concrete",MCGM_Civil_BOQ,4,text
MCGM_Civil_BOQ_p4_l87,"surface, finishing, curing, scaffolding etc",MCGM_Civil_BOQ,4,text
MCGM_Civil_BOQ_p5_l1,"cIn cement mortar 1:3 Sqm 8,710 518 4511780",MCGM_Civil_BOQ,5,text
MCGM_Civil_BOQ_p5_l5,plastering.,MCGM_Civil_BOQ,5,text
MCGM_Civil_BOQ_p5_l19,48R2-CS-PL-26 Providing and applying cement plaster for,MCGM_Civil_BOQ,5,text
MCGM_Civil_BOQ_p5_l23,locations in cement mortar 1:3 for masonry,MCGM_Civil_BOQ,5,text
MCGM_Civil_BOQ_p5_l24,(except stone masonry) and concrete,MCGM_Civil_BOQ,5,text
MCGM_Civil_BOQ_p5_l29,as required over junctions of concrete,MCGM_Civil_BOQ,5,text
MCGM_Civil_BOQ_p5_l30,& brick / block masonry or any,MCGM_Civil_BOQ,5,text
MCGM_Civil_BOQ_p5_l33,"joints / junction prior to plastering, Sqm 7,700 248 1909600",MCGM_Civil_BOQ,5,text
MCGM_Civil_BOQ_p5_l36,and external plaster. The dose of 6mm long,MCGM_Civil_BOQ,5,text
MCGM_Civil_BOQ_p5_l37,fibers shall be 125gms per 50 kg of cement,MCGM_Civil_BOQ,5,text
MCGM_Civil_BOQ_p5_l39,51R2-CS-PL-43 Providing and applying Plaster of Paris,MCGM_Civil_BOQ,5,text
MCGM_Civil_BOQ_p5_l40,"punning to walls, beams, ceilings, columns",MCGM_Civil_BOQ,5,text
MCGM_Civil_BOQ_p5_l42,single coat cement plaster including,MCGM_Civil_BOQ,5,text
MCGM_Civil_BOQ_p5_l44,"groove at skirting and door, window jamb, Sqm 28,500 298 8493000",MCGM_Civil_BOQ,5,text
MCGM_Civil_BOQ_p5_l47,"thick plaster including scaffolding, finishing,",MCGM_Civil_BOQ,5,text
MCGM_Civil_BOQ_p5_l49,TOTAL FOR PLASTERING WORKS 26751948.52,MCGM_Civil_BOQ,5,text
MCGM_Civil_BOQ_p5_l50,F PAINTING WORKS,MCGM_Civil_BOQ,5,text
MCGM_Civil_BOQ_p5_l52,1) Rates of all the items in painting,MCGM_Civil_BOQ,5,text
MCGM_Civil_BOQ_p5_l55,height for internal painting and upto 10m,MCGM_Civil_BOQ,5,text
MCGM_Civil_BOQ_p5_l57,painting. Refer separate item for 2) The manufacturer’s representative,MCGM_Civil_BOQ,5,text
MCGM_Civil_BOQ_p5_l59,waterproof cement paint is being carried out,MCGM_Civil_BOQ,5,text
MCGM_Civil_BOQ_p5_l66,quantity of cement paint as being actually,MCGM_Civil_BOQ,5,text
MCGM_Civil_BOQ_p5_l75,"and preparing surfaces for painting with Sqm 1,950 46 89700",MCGM_Civil_BOQ,5,text
MCGM_Civil_BOQ_p5_l76,Ceiling Painting,MCGM_Civil_BOQ,5,text
MCGM_Civil_BOQ_p6_l32,Compound wall Painting,MCGM_Civil_BOQ,6,text
MCGM_Civil_BOQ_p6_l35,"anti-fungal, exterior paint as specified below",MCGM_Civil_BOQ,6,text
MCGM_Civil_BOQ_p6_l40,"surfaces for painting by any approved Sqm 2,700 188 507600",MCGM_Civil_BOQ,6,text
MCGM_Civil_BOQ_p6_l41,Internal paint,MCGM_Civil_BOQ,6,text
MCGM_Civil_BOQ_p6_l44,enamel paint/flat oil paint of an approved,MCGM_Civil_BOQ,6,text
MCGM_Civil_BOQ_p6_l49,Quantity same as internal plaster,MCGM_Civil_BOQ,6,text
MCGM_Civil_BOQ_p6_l50,External Painting,MCGM_Civil_BOQ,6,text
MCGM_Civil_BOQ_p6_l51,57R2-CS-PL-44 Providing & applying synthetic plaster,MCGM_Civil_BOQ,6,text
MCGM_Civil_BOQ_p6_l56,backing coat of 16mm cement plaster ( 16,MCGM_Civil_BOQ,6,text
MCGM_Civil_BOQ_p6_l57,mm cement plaster will be paid under,MCGM_Civil_BOQ,6,text
MCGM_Civil_BOQ_p6_l59,Quantity same as external plaster minus,MCGM_Civil_BOQ,6,text
MCGM_Civil_BOQ_p6_l60,compound wall plaster qty & without any,MCGM_Civil_BOQ,6,text
MCGM_Civil_BOQ_p7_l2,enamel paint/flat oil paint of an approved,MCGM_Civil_BOQ,7,text
MCGM_Civil_BOQ_p7_l8,TOTAL FOR PAINTING WORKS 22073970,MCGM_Civil_BOQ,7,text
MCGM_Civil_BOQ_p7_l9,G FLOORING WORKS,MCGM_Civil_BOQ,7,text
MCGM_Civil_BOQ_p7_l15,"finishing to required shape and size,",MCGM_Civil_BOQ,7,text
MCGM_Civil_BOQ_p7_l16,"setting, fitting and fixing in position, Kota flooring",MCGM_Civil_BOQ,7,text
MCGM_Civil_BOQ_p7_l20,size for paving /flooring in plain,MCGM_Civil_BOQ,7,text
MCGM_Civil_BOQ_p7_l22,including cement mortar bedding of 25,MCGM_Civil_BOQ,7,text
MCGM_Civil_BOQ_p7_l23,"mm thick in 1:4 proportion, cement",MCGM_Civil_BOQ,7,text
MCGM_Civil_BOQ_p7_l25,"leveling, jointing, filling the joints with R2-CS-FL-01-",MCGM_Civil_BOQ,7,text
MCGM_Civil_BOQ_p7_l30,Ceramic Flooring,MCGM_Civil_BOQ,7,text
MCGM_Civil_BOQ_p7_l31,60R2-CS-FL-07 Providing and laying 8mm thk. ceramic tiles,MCGM_Civil_BOQ,7,text
MCGM_Civil_BOQ_p7_l33,"2006 for flooring of an approved, quality,",MCGM_Civil_BOQ,7,text
MCGM_Civil_BOQ_p7_l34,"make, size and pattern /design, for flooring",MCGM_Civil_BOQ,7,text
MCGM_Civil_BOQ_p7_l35,including cement mortar bedding of 25 mm,MCGM_Civil_BOQ,7,text
MCGM_Civil_BOQ_p7_l36,"thick in 1:4 proportion, neat cement float,",MCGM_Civil_BOQ,7,text
MCGM_Civil_BOQ_p7_l37,"cutting, leveling, jointing, filling the joints",MCGM_Civil_BOQ,7,text
MCGM_Civil_BOQ_p7_l38,by neat cement slurry or approved colour 61R2-CS-FL-07-,MCGM_Civil_BOQ,7,text
MCGM_Civil_BOQ_p7_l39,cLight coloured antiskid / matt ceramic tiles Sqm 1310 1701 2228310,MCGM_Civil_BOQ,7,text
MCGM_Civil_BOQ_p7_l41,AProviding and fixing 8mm thk. ceramic tiles,MCGM_Civil_BOQ,7,text
MCGM_Civil_BOQ_p7_l46,backing of 20 thk. cement mortar in,MCGM_Civil_BOQ,7,text
MCGM_Civil_BOQ_p7_l47,porportion 1:3 with approved waterproofing,MCGM_Civil_BOQ,7,text
MCGM_Civil_BOQ_p7_l49,"chamfered top edge in cement mortar 1:3,",MCGM_Civil_BOQ,7,text
MCGM_Civil_BOQ_p7_l50,"cement float, machine cutting, leveling,",MCGM_Civil_BOQ,7,text
MCGM_Civil_BOQ_p7_l51,"jointing, filling the joints with neat cement Sqm 16,500 1770 29205000",MCGM_Civil_BOQ,7,text
MCGM_Civil_BOQ_p7_l52,63R2-CS-FL-34-a Providing and fixing 8mm thk. ceramic tiles,MCGM_Civil_BOQ,7,text
MCGM_Civil_BOQ_p7_l57,backing of 20 thk. cement mortar in,MCGM_Civil_BOQ,7,text
MCGM_Civil_BOQ_p7_l59,"chamfered top edge in cement mortar 1:3,",MCGM_Civil_BOQ,7,text
MCGM_Civil_BOQ_p7_l60,"cement float, machine cutting, leveling,",MCGM_Civil_BOQ,7,text
MCGM_Civil_BOQ_p7_l61,"jointing, filling the joints with neat cement Sqm 22,760 1766 40194160",MCGM_Civil_BOQ,7,text
MCGM_Civil_BOQ_p7_l63,tiles 25 mm to 30 mm thick of an approved,MCGM_Civil_BOQ,7,text
MCGM_Civil_BOQ_p7_l64,quality and size for paving / flooring,MCGM_Civil_BOQ,7,text
MCGM_Civil_BOQ_p7_l65,including cement mortar bedding of 25 mm,MCGM_Civil_BOQ,7,text
MCGM_Civil_BOQ_p7_l66,"thick in 1:4 proportion, cement float,",MCGM_Civil_BOQ,7,text
MCGM_Civil_BOQ_p7_l67,"pointing in cement mortar 1:3, cutting,",MCGM_Civil_BOQ,7,text
MCGM_Civil_BOQ_p7_l71,Vitrified Flooring,MCGM_Civil_BOQ,7,text
MCGM_Civil_BOQ_p8_l1,vitrified tiles as specified below conforming,MCGM_Civil_BOQ,8,text
MCGM_Civil_BOQ_p8_l3,"than 0.08% for flooring of an approved,",MCGM_Civil_BOQ,8,text
MCGM_Civil_BOQ_p8_l5,flooring including cement mortar bedding of,MCGM_Civil_BOQ,8,text
MCGM_Civil_BOQ_p8_l7,"leveling, jointing, filling the joints by neat R2-CS-FL-8-c Light coloured antiskid / matt vitrified tiles Sqm 11864 1,608 19076690",MCGM_Civil_BOQ,8,text
MCGM_Civil_BOQ_p8_l10,colouredITALIAN MARBLE SLAB,MCGM_Civil_BOQ,8,text
MCGM_Civil_BOQ_p8_l13,Italian marble inlays for flooring in,MCGM_Civil_BOQ,8,text
MCGM_Civil_BOQ_p8_l14,required pattern on a bed of 1:4 cement,MCGM_Civil_BOQ,8,text
MCGM_Civil_BOQ_p8_l16,"thickness including neat cement float, Sqm 50 5743 287150",MCGM_Civil_BOQ,8,text
MCGM_Civil_BOQ_p8_l20,"SLAB with in lays of approved size,20mm",MCGM_Civil_BOQ,8,text
MCGM_Civil_BOQ_p8_l23,"thickness including neat cement float,filling",MCGM_Civil_BOQ,8,text
MCGM_Civil_BOQ_p8_l26,metallic topping for flooring in cement,MCGM_Civil_BOQ,8,text
MCGM_Civil_BOQ_p8_l28,equivalent over existing concrete bed and as,MCGM_Civil_BOQ,8,text
MCGM_Civil_BOQ_p8_l30,"leveling, curing, finishing etc complete as SQM 165 346 57090",MCGM_Civil_BOQ,8,text
MCGM_Civil_BOQ_p8_l32,69R2-CS-FL-25 Providing and fixing 8mm thk. vitrified tiles,MCGM_Civil_BOQ,8,text
MCGM_Civil_BOQ_p8_l37,"desired line, backing of 20 thk. cement",MCGM_Civil_BOQ,8,text
MCGM_Civil_BOQ_p8_l39,"or chamfered top edge in cement mortar 1:3,",MCGM_Civil_BOQ,8,text
MCGM_Civil_BOQ_p8_l40,"cement float, machine cutting, leveling, R2-CS-FL-25-",MCGM_Civil_BOQ,8,text
MCGM_Civil_BOQ_p8_l41,aLight coloured glazed vitrified tiles for,MCGM_Civil_BOQ,8,text
MCGM_Civil_BOQ_p8_l45,getanti-skid effect including cement mortar,MCGM_Civil_BOQ,8,text
MCGM_Civil_BOQ_p8_l47,"cement float, etc. complete. (Entrance Ramp Sqm 290 5501 1595290",MCGM_Civil_BOQ,8,text
MCGM_Civil_BOQ_p8_l48,Door Granite Fr ame,MCGM_Civil_BOQ,8,text
MCGM_Civil_BOQ_p8_l52,door and window frames / architraves,MCGM_Civil_BOQ,8,text
MCGM_Civil_BOQ_p8_l56,cement plastering along the sides to match,MCGM_Civil_BOQ,8,text
MCGM_Civil_BOQ_p8_l57,"the existing surface in cement mortar, filling",MCGM_Civil_BOQ,8,text
MCGM_Civil_BOQ_p8_l64,kadappa stone slab base with minimum,MCGM_Civil_BOQ,8,text
MCGM_Civil_BOQ_p8_l74,dSteel gray Granite granite slab at top and,MCGM_Civil_BOQ,8,text
MCGM_Civil_BOQ_p8_l81,"any other approved means, filling the joints",MCGM_Civil_BOQ,8,text
MCGM_Civil_BOQ_p8_l82,with neat cement motar with neat smooth R2-CS-FL-47-,MCGM_Civil_BOQ,8,text
MCGM_Civil_BOQ_p9_l4,"desired line, cement float, machine cutting,",MCGM_Civil_BOQ,9,text
MCGM_Civil_BOQ_p9_l5,"leveling, jointing, filling the joints with neat Sqm 100 3,636 363600",MCGM_Civil_BOQ,9,text
MCGM_Civil_BOQ_p11_l25,"joints over c.m. bedding of 1:6, for flooring/",MCGM_Civil_BOQ,11,text
MCGM_Civil_BOQ_p11_l26,"skirting / dado, with cement float and grout",MCGM_Civil_BOQ,11,text
MCGM_Civil_BOQ_p11_l28,flooring shall be mirror polished. Basic rate Sqm 115 4259 489785,MCGM_Civil_BOQ,11,text
MCGM_Civil_BOQ_p11_l31,backing coat of 1:4 cement,MCGM_Civil_BOQ,11,text
MCGM_Civil_BOQ_p11_l32,"plaster/mortar/cement paste , cleaning etc.",MCGM_Civil_BOQ,11,text
MCGM_Civil_BOQ_p11_l39,"1:4 cement plaster/mortar/cement paste,",MCGM_Civil_BOQ,11,text
MCGM_Civil_BOQ_p11_l43,tiles /slab as specified below of approved,MCGM_Civil_BOQ,11,text
MCGM_Civil_BOQ_p11_l47,"desired line, backing of 20 thk. cement",MCGM_Civil_BOQ,11,text
MCGM_Civil_BOQ_p11_l49,"or chamfered top edge in cement mortar 1:3,",MCGM_Civil_BOQ,11,text
MCGM_Civil_BOQ_p11_l50,"cement float, machine cutting, leveling, R2-CS-FL-21-",MCGM_Civil_BOQ,11,text
MCGM_Civil_BOQ_p11_l52,green Granite tiles/slab for height upto 150,MCGM_Civil_BOQ,11,text
MCGM_Civil_BOQ_p11_l54,Window sill & Jams,MCGM_Civil_BOQ,11,text
MCGM_Civil_BOQ_p11_l56,"tiles as specified below of approved quality,",MCGM_Civil_BOQ,11,text
MCGM_Civil_BOQ_p11_l59,"in the desired line, cement mortar 1:3",MCGM_Civil_BOQ,11,text
MCGM_Civil_BOQ_p11_l60,"bedding or backing, cement float, machine",MCGM_Civil_BOQ,11,text
MCGM_Civil_BOQ_p11_l61,"cutting, leveling, jointing, smooth cement",MCGM_Civil_BOQ,11,text
MCGM_Civil_BOQ_p11_l62,plastering along the sides to match the 87R2-CS-FL-40- 18mm thk. Steel gray Granite slab for width Rmt 3250 377 1225250,MCGM_Civil_BOQ,11,text
MCGM_Civil_BOQ_p11_l63,88R2-CS-FL-40- 18mm thk. Steel gray Granite slab for width Rmt 3250 621 2018250,MCGM_Civil_BOQ,11,text
MCGM_Civil_BOQ_p11_l65,cut mirror polish 1st quality Granite window,MCGM_Civil_BOQ,11,text
MCGM_Civil_BOQ_p11_l68,"1:4 cement plaster / mortar/cement paste,",MCGM_Civil_BOQ,11,text
MCGM_Civil_BOQ_p11_l75,/flooring including cement mortar bedding,MCGM_Civil_BOQ,11,text
MCGM_Civil_BOQ_p11_l76,"of 25 mm thick in 1:4 proportion, cement",MCGM_Civil_BOQ,11,text
MCGM_Civil_BOQ_p11_l78,"jointing, filling the joints with neat cement",MCGM_Civil_BOQ,11,text
MCGM_Civil_BOQ_p12_l6,"construction,by making zari, in walls upto",MCGM_Civil_BOQ,12,text
MCGM_Civil_BOQ_p12_l7,75 mm deep & fitting the wall surface by,MCGM_Civil_BOQ,12,text
MCGM_Civil_BOQ_p12_l14,and fixed in C.M. 1:2and filling joints in,MCGM_Civil_BOQ,12,text
MCGM_Civil_BOQ_p12_l15,"white cement mixed with pigment to Nos. 30 5,344 160320",MCGM_Civil_BOQ,12,text
MCGM_Civil_BOQ_p12_l16,93 R2-CS-FL-89 ACCESS FLOORING -Providing & fixing,MCGM_Civil_BOQ,12,text
MCGM_Civil_BOQ_p12_l17,"anti-static flooring at server room with Sqm 250 3,934 983500",MCGM_Civil_BOQ,12,text
MCGM_Civil_BOQ_p12_l28,with 2 to 6 mm thk. adhesives on wall of,MCGM_Civil_BOQ,12,text
MCGM_Civil_BOQ_p12_l33,"Vinyl flooring of approved brand, pattern,",MCGM_Civil_BOQ,12,text
MCGM_Civil_BOQ_p12_l35,manufacturer's specifications including floor,MCGM_Civil_BOQ,12,text
MCGM_Civil_BOQ_p12_l37,required. The flooring shall be in roll form,MCGM_Civil_BOQ,12,text
MCGM_Civil_BOQ_p12_l41,"tiles tiles of an approved, quality, make,",MCGM_Civil_BOQ,12,text
MCGM_Civil_BOQ_p12_l42,pattern and size for flooring in the areas like,MCGM_Civil_BOQ,12,text
MCGM_Civil_BOQ_p12_l43,battary rooms etc. including cement mortar,MCGM_Civil_BOQ,12,text
MCGM_Civil_BOQ_p12_l45,"cutting, leveling, jointing, fillingthe joints in",MCGM_Civil_BOQ,12,text
MCGM_Civil_BOQ_p12_l47,"and shades, curing, finishing etc complete as",MCGM_Civil_BOQ,12,text
MCGM_Civil_BOQ_p12_l55,TOTAL FOR FLOORING WORKS 115488634.58,MCGM_Civil_BOQ,12,text
MCGM_Civil_BOQ_p12_l56,H WATERPROOFING WORKS,MCGM_Civil_BOQ,12,text
MCGM_Civil_BOQ_p12_l57,Basement Waterproofing,MCGM_Civil_BOQ,12,text
MCGM_Civil_BOQ_p12_l58,R2-CS-WP-33 Providing waterproofing treatment from,MCGM_Civil_BOQ,12,text
MCGM_Civil_BOQ_p12_l63,base slab or raft slab is laid. On the,MCGM_Civil_BOQ,12,text
MCGM_Civil_BOQ_p12_l64,P.C.C. bedding a waterproofing layer,MCGM_Civil_BOQ,12,text
MCGM_Civil_BOQ_p12_l65,based on cement with rough shahabad,MCGM_Civil_BOQ,12,text
MCGM_Civil_BOQ_p12_l68,thick for floors and 20 mm thick for sides,MCGM_Civil_BOQ,12,text
MCGM_Civil_BOQ_p12_l69,with cement float and water proofing,MCGM_Civil_BOQ,12,text
MCGM_Civil_BOQ_p12_l73,slab as per design. After completion of the,MCGM_Civil_BOQ,12,text
MCGM_Civil_BOQ_p12_l74,raft / base slab and side walls the,MCGM_Civil_BOQ,12,text
MCGM_Civil_BOQ_p12_l75,"treatment of waterproofing layer shall be Sq.m 2,520 1,336 3366720",MCGM_Civil_BOQ,12,text
MCGM_Civil_BOQ_p13_l1,"the outer side of the walls, the following",MCGM_Civil_BOQ,13,text
MCGM_Civil_BOQ_p13_l2,procedure shall be adopted :- Brick,MCGM_Civil_BOQ,13,text
MCGM_Civil_BOQ_p13_l3,masonry walls of adequate strength shall,MCGM_Civil_BOQ,13,text
MCGM_Civil_BOQ_p13_l5,outside level of the walls of basement. The,MCGM_Civil_BOQ,13,text
MCGM_Civil_BOQ_p13_l7,above for flooring and on the inner face of,MCGM_Civil_BOQ,13,text
MCGM_Civil_BOQ_p13_l8,the brick masonry upto a height of 30 cm,MCGM_Civil_BOQ,13,text
MCGM_Civil_BOQ_p13_l11,regular R.C.C.raft slab and walls. The,MCGM_Civil_BOQ,13,text
MCGM_Civil_BOQ_p13_l12,thickness of the treatment for floor and walls,MCGM_Civil_BOQ,13,text
MCGM_Civil_BOQ_p13_l16,plain cement concrete bedding in the,MCGM_Civil_BOQ,13,text
MCGM_Civil_BOQ_p13_l18,brick masonry of adequate thickness shall,MCGM_Civil_BOQ,13,text
MCGM_Civil_BOQ_p13_l20,"caps, footings, columns and plinth beams",MCGM_Civil_BOQ,13,text
MCGM_Civil_BOQ_p13_l22,bedding of the main floor. The,MCGM_Civil_BOQ,13,text
MCGM_Civil_BOQ_p13_l23,waterproofing treatment shall then be,MCGM_Civil_BOQ,13,text
MCGM_Civil_BOQ_p13_l25,P.C.C. bedding of the floor and the inner,MCGM_Civil_BOQ,13,text
MCGM_Civil_BOQ_p13_l26,faces of the brick masonry walls. The,MCGM_Civil_BOQ,13,text
MCGM_Civil_BOQ_p13_l28,brick masonry wall and continued over the,MCGM_Civil_BOQ,13,text
MCGM_Civil_BOQ_p13_l29,P.C.C. of the main basement floor. Other,MCGM_Civil_BOQ,13,text
MCGM_Civil_BOQ_p13_l31,"(c) The payment for brick masonry,",MCGM_Civil_BOQ,13,text
MCGM_Civil_BOQ_p13_l32,concrete walls and their foundation,MCGM_Civil_BOQ,13,text
MCGM_Civil_BOQ_p13_l33,constructed to receive the waterproofing,MCGM_Civil_BOQ,13,text
MCGM_Civil_BOQ_p13_l36,(d) The payment for waterproofing,MCGM_Civil_BOQ,13,text
MCGM_Civil_BOQ_p13_l38,basis of 'the actual area of the treatment.Retaining wall & sides of Raft,MCGM_Civil_BOQ,13,text
MCGM_Civil_BOQ_p13_l39,98 Providing and laying integral cement based,MCGM_Civil_BOQ,13,text
MCGM_Civil_BOQ_p13_l40,treatment for water proofing on the vertical,MCGM_Civil_BOQ,13,text
MCGM_Civil_BOQ_p13_l41,surface by fixing specified stone slab 22 mm,MCGM_Civil_BOQ,13,text
MCGM_Civil_BOQ_p13_l42,to 25 mm thick with cement slurry mixed,MCGM_Civil_BOQ,13,text
MCGM_Civil_BOQ_p13_l43,with water proofing compound conforming,MCGM_Civil_BOQ,13,text
MCGM_Civil_BOQ_p13_l46,between stone slabs and the receiving,MCGM_Civil_BOQ,13,text
MCGM_Civil_BOQ_p13_l47,surfaces and filling the gaps with neat,MCGM_Civil_BOQ,13,text
MCGM_Civil_BOQ_p13_l48,cement slurry mixed with water,MCGM_Civil_BOQ,13,text
MCGM_Civil_BOQ_p13_l49,proofing compound and finishing the,MCGM_Civil_BOQ,13,text
MCGM_Civil_BOQ_p13_l50,"exterior of stone slab with cement mortar 1:3 Sq.m 750 1,448 1086000",MCGM_Civil_BOQ,13,text
MCGM_Civil_BOQ_p13_l54,50mm thick with cement concrete 1:2:4 (1,MCGM_Civil_BOQ,13,text
MCGM_Civil_BOQ_p13_l55,cement : 2 coarse sand : 4 graded stone,MCGM_Civil_BOQ,13,text
MCGM_Civil_BOQ_p13_l56,aggregate 12.5mm nominal size) including,MCGM_Civil_BOQ,13,text
MCGM_Civil_BOQ_p13_l57,water proofing material in cement concrete,MCGM_Civil_BOQ,13,text
MCGM_Civil_BOQ_p13_l58,work in doses by weight of cement as per Sqm 480 160 76800,MCGM_Civil_BOQ,13,text
MCGM_Civil_BOQ_p13_l59,100 Toilet Waterproofing,MCGM_Civil_BOQ,13,text
MCGM_Civil_BOQ_p13_l60,101R2-CS-WP-37 Providing waterproofing treatment through,MCGM_Civil_BOQ,13,text
MCGM_Civil_BOQ_p13_l62,specifications to the flooring of water,MCGM_Civil_BOQ,13,text
MCGM_Civil_BOQ_p13_l64,"washing places, sanitary blocks etc. by",MCGM_Civil_BOQ,13,text
MCGM_Civil_BOQ_p13_l65,giving INJECTIONS with cement solution,MCGM_Civil_BOQ,13,text
MCGM_Civil_BOQ_p13_l66,with water proofing compound into the floor,MCGM_Civil_BOQ,13,text
MCGM_Civil_BOQ_p13_l67,"slab so as to make it consistent,",MCGM_Civil_BOQ,13,text
MCGM_Civil_BOQ_p13_l70,then be covered with brickbat waterproof,MCGM_Civil_BOQ,13,text
MCGM_Civil_BOQ_p13_l73,Finally the floor shall be covered with joint,MCGM_Civil_BOQ,13,text
MCGM_Civil_BOQ_p13_l74,less waterproof cement plaster in 1:3 c.s. 12 Sqm 1025 512 524800,MCGM_Civil_BOQ,13,text
MCGM_Civil_BOQ_p13_l75,Terrace waterproofig treatmentR2-CS-WP-2,MCGM_Civil_BOQ,13,text
MCGM_Civil_BOQ_p14_l0,102R2-CS-WP-23 Waterproofing the terrace slabs with,MCGM_Civil_BOQ,14,text
MCGM_Civil_BOQ_p14_l1,"average 100 mm thick, brick bats laid in",MCGM_Civil_BOQ,14,text
MCGM_Civil_BOQ_p14_l2,cement mortar bed 1:4 filled with mortar 1:4,MCGM_Civil_BOQ,14,text
MCGM_Civil_BOQ_p14_l5,walls and IPS flooring (1:2:3) 40 mm,MCGM_Civil_BOQ,14,text
MCGM_Civil_BOQ_p14_l7,"proofing compound, as per manufacturers",MCGM_Civil_BOQ,14,text
MCGM_Civil_BOQ_p14_l8,"specification laid after grouting the slab,",MCGM_Civil_BOQ,14,text
MCGM_Civil_BOQ_p14_l9,finishing curing etc. complete as R2-CS-WP-24 Do with broken China mosaic flooring,MCGM_Civil_BOQ,14,text
MCGM_Civil_BOQ_p14_l10,instead of IPS set in cement mortar (1:4),MCGM_Civil_BOQ,14,text
MCGM_Civil_BOQ_p14_l14,ofbrickbats over 100 mm in 1:5 c.s. either,MCGM_Civil_BOQ,14,text
MCGM_Civil_BOQ_p14_l15,due to location of rain water pipes or due to,MCGM_Civil_BOQ,14,text
MCGM_Civil_BOQ_p14_l17,water or brick bats required in the sunk,MCGM_Civil_BOQ,14,text
MCGM_Civil_BOQ_p14_l20,"fixing brickbats in C.M., with waterproofing",MCGM_Civil_BOQ,14,text
MCGM_Civil_BOQ_p14_l22,Tank Waterproofig treatment,MCGM_Civil_BOQ,14,text
MCGM_Civil_BOQ_p14_l24,waterproofing treatment to inside surfaces of,MCGM_Civil_BOQ,14,text
MCGM_Civil_BOQ_p14_l31,crystalline waterproofing compound at,MCGM_Civil_BOQ,14,text
MCGM_Civil_BOQ_p14_l35,c) Extra for Plastering of walls and finishing,MCGM_Civil_BOQ,14,text
MCGM_Civil_BOQ_p14_l36,smooth with 15 mm thick cement mortar 1:4,MCGM_Civil_BOQ,14,text
MCGM_Civil_BOQ_p14_l37,(1 cement : 4 fine sand) admixed with,MCGM_Civil_BOQ,14,text
MCGM_Civil_BOQ_p14_l38,approved waterproofing compound in,MCGM_Civil_BOQ,14,text
MCGM_Civil_BOQ_p14_l42,cement concrete of mix 1:2:4 (1 cement : 2,MCGM_Civil_BOQ,14,text
MCGM_Civil_BOQ_p14_l43,coarse sand : 4 coarse aggregate of 12.5mm,MCGM_Civil_BOQ,14,text
MCGM_Civil_BOQ_p14_l45,waterproofing compound in recommended,MCGM_Civil_BOQ,14,text
MCGM_Civil_BOQ_p14_l46,"proportions, on floors to required gradient,",MCGM_Civil_BOQ,14,text
MCGM_Civil_BOQ_p14_l48,"with walls and floors etc., and finished",MCGM_Civil_BOQ,14,text
MCGM_Civil_BOQ_p14_l50,Tank shall be tested by filling with water Dado wateroroofing,MCGM_Civil_BOQ,14,text
MCGM_Civil_BOQ_p14_l52,aProviding waterproofing treatment,MCGM_Civil_BOQ,14,text
MCGM_Civil_BOQ_p14_l54,portionof the R.C.C. side walls upto 1.5 m,MCGM_Civil_BOQ,14,text
MCGM_Civil_BOQ_p14_l55,"height from floor area of water closets,",MCGM_Civil_BOQ,14,text
MCGM_Civil_BOQ_p14_l57,sanitary blocks etc. by giving,MCGM_Civil_BOQ,14,text
MCGM_Civil_BOQ_p14_l59,waterproofing compound and cement,MCGM_Civil_BOQ,14,text
MCGM_Civil_BOQ_p14_l60,solution. The walls will then be,MCGM_Civil_BOQ,14,text
MCGM_Civil_BOQ_p14_l61,plastered with waterproof cement plaster,MCGM_Civil_BOQ,14,text
MCGM_Civil_BOQ_p14_l63,the walls shall be covered with jointless,MCGM_Civil_BOQ,14,text
MCGM_Civil_BOQ_p14_l64,waterproof plaster in 1:3 c.s. 12 to 15 103,MCGM_Civil_BOQ,14,text
MCGM_Civil_BOQ_p15_l1,bDo- -Do- brickwall without injection,MCGM_Civil_BOQ,15,text
MCGM_Civil_BOQ_p15_l3,Chajja wateroroofing,MCGM_Civil_BOQ,15,text
MCGM_Civil_BOQ_p15_l4,106 R2-CS-WP-49 Providing & Making Waterproofing,MCGM_Civil_BOQ,15,text
MCGM_Civil_BOQ_p15_l5,Treatment to the Chajja by finishing top,MCGM_Civil_BOQ,15,text
MCGM_Civil_BOQ_p15_l7,plaster with addition of approved water,MCGM_Civil_BOQ,15,text
MCGM_Civil_BOQ_p15_l8,proofing compound as per manufacturers,MCGM_Civil_BOQ,15,text
MCGM_Civil_BOQ_p15_l9,specifications and neat cement,MCGM_Civil_BOQ,15,text
MCGM_Civil_BOQ_p15_l11,bottom of chajja & cement vatta above Sq.m 440 503 221320,MCGM_Civil_BOQ,15,text
MCGM_Civil_BOQ_p15_l14,waterproofing with MCGM approved,MCGM_Civil_BOQ,15,text
MCGM_Civil_BOQ_p15_l16,floors on wall including cleaning the surface,MCGM_Civil_BOQ,15,text
MCGM_Civil_BOQ_p15_l22,a) 1st coat of chemical water proofing to be,MCGM_Civil_BOQ,15,text
MCGM_Civil_BOQ_p15_l24,TOTAL FOR WATERPROOFING,MCGM_Civil_BOQ,15,text
MCGM_Civil_BOQ_p15_l30,"around frame of doors, windows and",MCGM_Civil_BOQ,15,text
MCGM_Civil_BOQ_p15_l33,23Providing and fixing trap door in the,MCGM_Civil_BOQ,15,text
MCGM_Civil_BOQ_p15_l41,leaf flush door of required size including,MCGM_Civil_BOQ,15,text
MCGM_Civil_BOQ_p15_l48,finishing all exposed surfaces of wood,MCGM_Civil_BOQ,15,text
MCGM_Civil_BOQ_p15_l51,"masonary with tar paint (Black Japan), Sqm 50 14,117 705850",MCGM_Civil_BOQ,15,text
MCGM_Civil_BOQ_p15_l54,37Fire rated Double leaf Door - Laminate,MCGM_Civil_BOQ,15,text
MCGM_Civil_BOQ_p15_l56,door with Panic Bar of approved make and,MCGM_Civil_BOQ,15,text
MCGM_Civil_BOQ_p15_l58,integrity and insulation in accordance with,MCGM_Civil_BOQ,15,text
MCGM_Civil_BOQ_p15_l60,Report 212(1)/FR/2003; insulation on door,MCGM_Civil_BOQ,15,text
MCGM_Civil_BOQ_p15_l66,required integrity & insulation (i.e. to,MCGM_Civil_BOQ,15,text
MCGM_Civil_BOQ_p15_l75,40VIEWING GLASS 5MM AT DOORS,MCGM_Civil_BOQ,15,text
MCGM_Civil_BOQ_p16_l1,47Fire rated Single leaf Door - Laminate,MCGM_Civil_BOQ,16,text
MCGM_Civil_BOQ_p16_l2,Finish: PnF of Wooden Fire door without,MCGM_Civil_BOQ,16,text
MCGM_Civil_BOQ_p16_l5,and insulation in accordance with the,MCGM_Civil_BOQ,16,text
MCGM_Civil_BOQ_p16_l7,report 212 (1)/FR/2003; Insulation on door,MCGM_Civil_BOQ,16,text
MCGM_Civil_BOQ_p16_l12,the required integrity & insulation (i.e. to,MCGM_Civil_BOQ,16,text
MCGM_Civil_BOQ_p16_l33,side. The Fire Doors with frame will be as,MCGM_Civil_BOQ,16,text
MCGM_Civil_BOQ_p16_l36,"wood frame for doors, windows and",MCGM_Civil_BOQ,16,text
MCGM_Civil_BOQ_p16_l41,length of 225 mm for doors & 150 mm for,MCGM_Civil_BOQ,16,text
MCGM_Civil_BOQ_p16_l42,windows and finishing with 3 coats of,MCGM_Civil_BOQ,16,text
MCGM_Civil_BOQ_p16_l44,synthetic enamel paint in two coats as,MCGM_Civil_BOQ,16,text
MCGM_Civil_BOQ_p16_l47,FINISH WALL PANELING made by using,MCGM_Civil_BOQ,16,text
MCGM_Civil_BOQ_p16_l58,existing column by using37x25mm thick,MCGM_Civil_BOQ,16,text
MCGM_Civil_BOQ_p17_l2,plastic (FRP) Door Frames of cross-section,MCGM_Civil_BOQ,17,text
MCGM_Civil_BOQ_p17_l7,polyester resin and chopped mat. Door,MCGM_Civil_BOQ,17,text
MCGM_Civil_BOQ_p17_l16,door shutter in different plain and wood,MCGM_Civil_BOQ,17,text
MCGM_Civil_BOQ_p17_l21,fixing of fittings and polyurethane foam,MCGM_Civil_BOQ,17,text
MCGM_Civil_BOQ_p17_l25,Louvered Window,MCGM_Civil_BOQ,17,text
MCGM_Civil_BOQ_p17_l27,louvered window with anodised aluminum,MCGM_Civil_BOQ,17,text
MCGM_Civil_BOQ_p17_l32,Window & Ventiletors,MCGM_Civil_BOQ,17,text
MCGM_Civil_BOQ_p17_l34,door partly glazed and partly panelled with,MCGM_Civil_BOQ,17,text
MCGM_Civil_BOQ_p17_l58,"hung / louvered type windows, doors,",MCGM_Civil_BOQ,17,text
MCGM_Civil_BOQ_p17_l67,/ frosted / tinted glass/ Novapan sheet,MCGM_Civil_BOQ,17,text
MCGM_Civil_BOQ_p17_l68,/ acrylic sheet / hardner laminated sheet,MCGM_Civil_BOQ,17,text
MCGM_Civil_BOQ_p17_l73,h12 mm thick Novapan sheet conforming to,MCGM_Civil_BOQ,17,text
MCGM_Civil_BOQ_p18_l7,"openable / fixed windows conforming to Sqm 3745 1,453 5441485",MCGM_Civil_BOQ,18,text
MCGM_Civil_BOQ_p18_l9,46Providing and fixing glazing panels & doors,MCGM_Civil_BOQ,18,text
MCGM_Civil_BOQ_p18_l13,floor) at the bottom & side edge and wall,MCGM_Civil_BOQ,18,text
MCGM_Civil_BOQ_p18_l15,steel articulated countersunk bolts threaded,MCGM_Civil_BOQ,18,text
MCGM_Civil_BOQ_p18_l23,"patch fittings, fabricated long length satin",MCGM_Civil_BOQ,18,text
MCGM_Civil_BOQ_p18_l24,"finish SS 304 handles, patchlock, floor",MCGM_Civil_BOQ,18,text
MCGM_Civil_BOQ_p18_l26,"architect for frameless patch doors, s(ingle",MCGM_Civil_BOQ,18,text
MCGM_Civil_BOQ_p18_l28,"Hardware-Droma BTS 80 Floor Spring.Sqm 80 11,733 938640",MCGM_Civil_BOQ,18,text
MCGM_Civil_BOQ_p18_l34,for doors with necessary fixtures and,MCGM_Civil_BOQ,18,text
MCGM_Civil_BOQ_p18_l40,"1992 (Part I, II) for doors &",MCGM_Civil_BOQ,18,text
MCGM_Civil_BOQ_p18_l41,windows with necessary materials and R2-CS-HW-08-,MCGM_Civil_BOQ,18,text
MCGM_Civil_BOQ_p18_l45,128.0 R2-CS-HW-13 Providing and fixing magnetic type floor,MCGM_Civil_BOQ,18,text
MCGM_Civil_BOQ_p18_l46,door stopper of approved make including No. 465 84 39060,MCGM_Civil_BOQ,18,text
MCGM_Civil_BOQ_p18_l49,manufactured as per relevant IS for door,MCGM_Civil_BOQ,18,text
MCGM_Civil_BOQ_p18_l50,& windows with necessary materials and,MCGM_Civil_BOQ,18,text
MCGM_Civil_BOQ_p18_l57,dD] Standard Stainless Steel hinges,MCGM_Civil_BOQ,18,text
MCGM_Civil_BOQ_p18_l63,doors and windows with necessary,MCGM_Civil_BOQ,18,text
MCGM_Civil_BOQ_p18_l71,"I,II) for doors & windows with necessary R2-CS-HW-08-",MCGM_Civil_BOQ,18,text
MCGM_Civil_BOQ_p18_l77,IS:208-1992 for doors and windows and,MCGM_Civil_BOQ,18,text
MCGM_Civil_BOQ_p19_l0,R2-CS-HW-11 Providing and fixing hydraulic door,MCGM_Civil_BOQ,19,text
MCGM_Civil_BOQ_p19_l2,per IS:3564 for doors with necessary,MCGM_Civil_BOQ,19,text
MCGM_Civil_BOQ_p19_l9,hydraulic floor spring of approved brand,MCGM_Civil_BOQ,19,text
MCGM_Civil_BOQ_p19_l11,doors including cost of cutting floors as,MCGM_Civil_BOQ,19,text
MCGM_Civil_BOQ_p19_l12,"required, embedding in floors and cover",MCGM_Civil_BOQ,19,text
MCGM_Civil_BOQ_p19_l14,piece M.S. sheet outer box with slide plate 138.0 R2-CS-HW-15-,MCGM_Civil_BOQ,19,text
MCGM_Civil_BOQ_p19_l15,"aWith stainless steel cover plate Nos. 6 2,309 13854",MCGM_Civil_BOQ,19,text
MCGM_Civil_BOQ_p19_l24,fixing in galvanized steel sections with,MCGM_Civil_BOQ,19,text
MCGM_Civil_BOQ_p19_l34,false ceiling & around the RCC columns,MCGM_Civil_BOQ,19,text
MCGM_Civil_BOQ_p19_l37,walls with help of rawal plug & GI screw at,MCGM_Civil_BOQ,19,text
MCGM_Civil_BOQ_p19_l43,tiles of pre coated galvanised steel in,MCGM_Civil_BOQ,19,text
MCGM_Civil_BOQ_p19_l46,area of 16%. The back of the tile should,MCGM_Civil_BOQ,19,text
MCGM_Civil_BOQ_p19_l50,43Providing & fixing TRAP DOOR with T.W.,MCGM_Civil_BOQ,19,text
MCGM_Civil_BOQ_p19_l54,"surface finished with flat oil paint with s.s. Sqm 10 6,222 62,220.00",MCGM_Civil_BOQ,19,text
MCGM_Civil_BOQ_p19_l63,RF CC slab. The gypsum board should be,MCGM_Civil_BOQ,19,text
MCGM_Civil_BOQ_p19_l70,"openings for light fixtures, asbestos cement Sqm 2595 839 2177205",MCGM_Civil_BOQ,19,text
MCGM_Civil_BOQ_p19_l74,calcium silicate tiles of Spintone/cosmos,MCGM_Civil_BOQ,19,text
MCGM_Civil_BOQ_p19_l81,METAL CLIP in tiles 600 mm x 600,MCGM_Civil_BOQ,19,text
MCGM_Civil_BOQ_p19_l82,mm to be suspended from slab with,MCGM_Civil_BOQ,19,text
MCGM_Civil_BOQ_p20_l0,STRUCTURAL STEEL WORKS,MCGM_Civil_BOQ,20,text
MCGM_Civil_BOQ_p20_l1,"Supporting tank on terrace,ramp &",MCGM_Civil_BOQ,20,text
MCGM_Civil_BOQ_p20_l10,structural steel members for all heights & at,MCGM_Civil_BOQ,20,text
MCGM_Civil_BOQ_p20_l19,preparing surface for painting with wire MT 30 80088 2402640,MCGM_Civil_BOQ,20,text
MCGM_Civil_BOQ_p20_l39,using B Class GI Hollow pipes including,MCGM_Civil_BOQ,20,text
MCGM_Civil_BOQ_p20_l51,steel gates with vertical channels 20 x 10 x 2,MCGM_Civil_BOQ,20,text
MCGM_Civil_BOQ_p20_l54,"mm size, 30 mm steel pulleys complete with",MCGM_Civil_BOQ,20,text
MCGM_Civil_BOQ_p20_l56,handles and painting with one coat of red,MCGM_Civil_BOQ,20,text
MCGM_Civil_BOQ_p20_l66,"sections, hollow pipes (Hollow pipes",MCGM_Civil_BOQ,20,text
MCGM_Civil_BOQ_p20_l74,cement concrete block of grade M15 and,MCGM_Civil_BOQ,20,text
MCGM_Civil_BOQ_p20_l77,one coat of Synthetic Enamel paint after,MCGM_Civil_BOQ,20,text
MCGM_Civil_BOQ_p20_l79,"enamel paint after erection, with approved",MCGM_Civil_BOQ,20,text
MCGM_Civil_BOQ_p20_l82,S.S Pipe Handrailing,MCGM_Civil_BOQ,20,text
MCGM_Civil_BOQ_p21_l1,S.S. 304 grade pipe railing for staircase,MCGM_Civil_BOQ,21,text
MCGM_Civil_BOQ_p21_l3,"S.S.pipe as top rail,18 gauge 40 mm dia S.S.",MCGM_Civil_BOQ,21,text
MCGM_Civil_BOQ_p21_l4,"pipe as verticals, 18 gauge 25 mm dia as",MCGM_Civil_BOQ,21,text
MCGM_Civil_BOQ_p21_l15,weight specified below for windows as per,MCGM_Civil_BOQ,21,text
MCGM_Civil_BOQ_p21_l18,including painting with one coat of red,MCGM_Civil_BOQ,21,text
MCGM_Civil_BOQ_p21_l20,synthetic enamel paint of approved colour,MCGM_Civil_BOQ,21,text
MCGM_Civil_BOQ_p21_l26,compound wall / Fencing including,MCGM_Civil_BOQ,21,text
MCGM_Civil_BOQ_p21_l29,painting with one coat of red oxide zinc Kg 1000 184 184000,MCGM_Civil_BOQ,21,text
MCGM_Civil_BOQ_p21_l36,including painting with one coat of red,MCGM_Civil_BOQ,21,text
MCGM_Civil_BOQ_p21_l38,cMild steel grill of weight 20 to 25 Kg/sq. m. Sqm 480 2576 1236480,MCGM_Civil_BOQ,21,text
MCGM_Civil_BOQ_p21_l40,"out of 18 gauge steel sheets for curtains,",MCGM_Civil_BOQ,21,text
MCGM_Civil_BOQ_p21_l51,TOTAL FOR STRUCTURAL STEEL,MCGM_Civil_BOQ,21,text
MCGM_Civil_BOQ_p21_l67,brick/concrete/rubble walls for drainage,MCGM_Civil_BOQ,21,text
MCGM_Civil_BOQ_p21_l68,"pipes, fittings, etc. and making good the",MCGM_Civil_BOQ,21,text
MCGM_Civil_BOQ_p21_l69,same in cement mortar 1:3 or cement,MCGM_Civil_BOQ,21,text
MCGM_Civil_BOQ_p21_l70,concrete 1:2:4 & finishing on both sides,MCGM_Civil_BOQ,21,text
MCGM_Civil_BOQ_p21_l71,with cement plaster and 3 coats of whiteEA 200 163 32600,MCGM_Civil_BOQ,21,text
MCGM_Civil_BOQ_p22_l19,"thick MULTICELL (6-Wall, 5- Cell",MCGM_Civil_BOQ,22,text
MCGM_Civil_BOQ_p22_l26,stainless steel retention clips and with,MCGM_Civil_BOQ,22,text
MCGM_Civil_BOQ_p22_l27,Double wall Aluminium Spacer on both,MCGM_Civil_BOQ,22,text
MCGM_Civil_BOQ_p22_l37,fixed in masonary at interval of eachfloor,MCGM_Civil_BOQ,22,text
MCGM_Civil_BOQ_p22_l38,on concrete slab with 80 mm x 100 mm x,MCGM_Civil_BOQ,22,text
MCGM_Civil_BOQ_p22_l40,wall side with raw bolt size of 10 mm x 90,MCGM_Civil_BOQ,22,text
MCGM_Civil_BOQ_p22_l52,"expansion joint,around manholes &",MCGM_Civil_BOQ,22,text
MCGM_Civil_BOQ_p22_l59,aluminium PVDF coated sheet available in,MCGM_Civil_BOQ,22,text
MCGM_Civil_BOQ_p22_l61,mm aluminium sheet chemically treated (,MCGM_Civil_BOQ,22,text
MCGM_Civil_BOQ_p22_l62,"back sheet ) bent as per requirement,",MCGM_Civil_BOQ,22,text
MCGM_Civil_BOQ_p22_l68,corning / G.E. silicon for circular columns,MCGM_Civil_BOQ,22,text
MCGM_Civil_BOQ_p22_l69,and curved beams etc complete. All,MCGM_Civil_BOQ,22,text
MCGM_Civil_BOQ_p22_l78,130Providing & fixing stainless steel 20 mm,MCGM_Civil_BOQ,22,text
MCGM_Civil_BOQ_p23_l0,R2-CS-CW-6 Providing precast cement concrete Jali of,MCGM_Civil_BOQ,23,text
MCGM_Civil_BOQ_p23_l1,Nominal Mix 1:2:4 (1 cement : 2 coarse,MCGM_Civil_BOQ,23,text
MCGM_Civil_BOQ_p23_l2,sand : 4 graded stone aggregate 6mm,MCGM_Civil_BOQ,23,text
MCGM_Civil_BOQ_p23_l4,mild steel wire including centering and,MCGM_Civil_BOQ,23,text
MCGM_Civil_BOQ_p23_l5,"shuttering, roughening cleaning, fixing",MCGM_Civil_BOQ,23,text
MCGM_Civil_BOQ_p23_l6,and finishing in cement mortar 1:3 (1,MCGM_Civil_BOQ,23,text
MCGM_Civil_BOQ_p23_l7,cement: 3 fine sand) etc. complete,MCGM_Civil_BOQ,23,text
MCGM_Civil_BOQ_p23_l8,"excluding plastering of the jambs, sills and",MCGM_Civil_BOQ,23,text
MCGM_Civil_BOQ_p23_l17,167 CS-RM- 110 Stitching of Curtains for windows and,MCGM_Civil_BOQ,23,text
MCGM_Civil_BOQ_p23_l18,doors and fixing the same withapproved,MCGM_Civil_BOQ,23,text
MCGM_Civil_BOQ_p24_l1,columns at parking area size W100 x,MCGM_Civil_BOQ,24,text
MCGM_Civil_BOQ_p24_l5,Rubberized) Fixing: Fixed on the wall &,MCGM_Civil_BOQ,24,text
MCGM_Civil_BOQ_p24_l6,"corner of columns with six 2"" Screws.Nos. 500 410 2,05,000",MCGM_Civil_BOQ,24,text
MCGM_Civil_BOQ_p24_l12,to structural steel frame work and/ or with,MCGM_Civil_BOQ,24,text
MCGM_Civil_BOQ_p24_l16,"Engineer-in-charge. (The steel frame work,",MCGM_Civil_BOQ,24,text
MCGM_Civil_BOQ_p24_l17,stainless steel cramps and pins etc. shall be,MCGM_Civil_BOQ,24,text
MCGM_Civil_BOQ_p24_l19,"173R2-CS-MW-30-b White sand stone sqm 120 6027 7,23,240",MCGM_Civil_BOQ,24,text
MCGM_Civil_BOQ_p24_l35,"and woodwork,door frame including all",MCGM_Civil_BOQ,24,text
MCGM_Civil_BOQ_p24_l40,"175 R2-CS-DD-2 Demolishing R.C.C. slab, R.C.C. wall of any",MCGM_Civil_BOQ,24,text
MCGM_Civil_BOQ_p24_l41,"thickness, R.C.C. beams, joists, R.C.C.",MCGM_Civil_BOQ,24,text
MCGM_Civil_BOQ_p24_l42,"columns, piles, pile caps etc., in any",MCGM_Civil_BOQ,24,text
MCGM_Civil_BOQ_p24_l44,means including stacking of steel bars and,MCGM_Civil_BOQ,24,text
MCGM_Civil_BOQ_p24_l49,176 R2-CS-DD-3 Demolishing brick work in lime or cement,MCGM_Civil_BOQ,24,text
MCGM_Civil_BOQ_p24_l50,"mortar including plaster, paint, etc.",MCGM_Civil_BOQ,24,text
MCGM_Civil_BOQ_p24_l60,Bed Number Pods Number Floor,MCGM_Civil_BOQ,24,text
MCGM_Civil_BOQ_p24_l67,acrylic sheet as per approved sample by,MCGM_Civil_BOQ,24,text
MCGM_Civil_BOQ_p24_l68,"architect with required fitting, fixtures",MCGM_Civil_BOQ,24,text
MCGM_Civil_BOQ_p24_l77,Floor Number & Lift Number Plate :,MCGM_Civil_BOQ,24,text
MCGM_Civil_BOQ_p25_l4,acrylic sheet as per approved sample by,MCGM_Civil_BOQ,25,text
MCGM_Civil_BOQ_p25_l5,"architect with required fitting, fixtures",MCGM_Civil_BOQ,25,text
MCGM_Civil_BOQ_p25_l11,"140Floor No. in Stair case Size : 8.5"" x 8.5""=60",MCGM_Civil_BOQ,25,text
MCGM_Civil_BOQ_p25_l14,140Floor Number in Lift Lobby Size,MCGM_Civil_BOQ,25,text
MCGM_Civil_BOQ_p26_l7,polycarbonate sheet on top for protection Waiting Area & electrical Panel Signages,MCGM_Civil_BOQ,26,text
MCGM_Civil_BOQ_p26_l20,"141Electrical Panel : Size : 6.5"" x 15""= 2 Nos ""2 195 25 4875",MCGM_Civil_BOQ,26,text
MCGM_Civil_BOQ_p26_l40,/ Graphics with polycarbonate sheet on,MCGM_Civil_BOQ,26,text
MCGM_Civil_BOQ_p26_l58,acrylic sheet as per approved sample by,MCGM_Civil_BOQ,26,text
MCGM_Civil_BOQ_p26_l59,"architect with required fitting, fixtures",MCGM_Civil_BOQ,26,text
MCGM_Civil_BOQ_p26_l71,acrylic sheet as per approved sample by,MCGM_Civil_BOQ,26,text
MCGM_Civil_BOQ_p26_l72,"architect with required fitting, fixtures",MCGM_Civil_BOQ,26,text
MCGM_Civil_BOQ_p27_l4,acrylic sheet as per approved sample by,MCGM_Civil_BOQ,27,text
MCGM_Civil_BOQ_p27_l5,"architect with required fitting, fixtures",MCGM_Civil_BOQ,27,text
MCGM_Civil_BOQ_p27_l18,polycarbonate sheet on top for protection,MCGM_Civil_BOQ,27,text
MCGM_Civil_BOQ_p27_l20,fittings and fastners etc complete and as,MCGM_Civil_BOQ,27,text
MCGM_Civil_BOQ_p27_l26,Floor Directory Name Board,MCGM_Civil_BOQ,27,text
MCGM_Civil_BOQ_p27_l32,acrylic sheet as per approved sample by,MCGM_Civil_BOQ,27,text
MCGM_Civil_BOQ_p27_l33,"architect with required fitting, fixtures",MCGM_Civil_BOQ,27,text
MCGM_Civil_BOQ_p27_l38,Individual Floor Directory Size :,MCGM_Civil_BOQ,27,text
MCGM_Civil_BOQ_p27_l43,Combined floor Directory Board,MCGM_Civil_BOQ,27,text
MCGM_Civil_BOQ_p27_l51,acrylic sheet as per approved sample by,MCGM_Civil_BOQ,27,text
MCGM_Civil_BOQ_p27_l52,"architect with required fitting, fixtures",MCGM_Civil_BOQ,27,text
MCGM_Civil_BOQ_p27_l67,acrylic sheet as per approved sample by,MCGM_Civil_BOQ,27,text
MCGM_Civil_BOQ_p27_l68,"architect with required fitting, fixtures",MCGM_Civil_BOQ,27,text
MCGM_Civil_BOQ_p27_l73,Individual Floor Plan Signages,MCGM_Civil_BOQ,27,text
MCGM_Civil_BOQ_p28_l13,polycarbonate sheet on top for protection 211 R2-CS- RM-,MCGM_Civil_BOQ,28,text
MCGM_Civil_BOQ_p28_l22,acrylic sheet as per approved sample by,MCGM_Civil_BOQ,28,text
MCGM_Civil_BOQ_p28_l23,"architect with required fitting, fixtures",MCGM_Civil_BOQ,28,text
MCGM_Civil_BOQ_p28_l44,Emergency Exit Floor Plan,MCGM_Civil_BOQ,28,text
MCGM_Civil_BOQ_p28_l50,polycarbonate sheet on top for protection 217 R2-CS- RM-,MCGM_Civil_BOQ,28,text
MCGM_Civil_BOQ_p29_l5,aluminium PVDF coated sheet,MCGM_Civil_BOQ,29,text
MCGM_Civil_BOQ_p29_l7,core material + 0.5 mm aluminium sheet,MCGM_Civil_BOQ,29,text
MCGM_Civil_BOQ_p29_l8,chemically treated ( back sheet ) bent as,MCGM_Civil_BOQ,29,text
MCGM_Civil_BOQ_p29_l16,circular columns and curved beams 224 a) For Terrace Sqm 100 4358 435800,MCGM_Civil_BOQ,29,text
MCGM_Civil_BOQ_p29_l22,necessary fittings & fixtures as directed by,MCGM_Civil_BOQ,29,text
MCGM_Civil_BOQ_p29_l42,excavated earth to desired location / filling,MCGM_Civil_BOQ,29,text
MCGM_Civil_BOQ_p29_l46,the items also includes back filling of the,MCGM_Civil_BOQ,29,text
MCGM_Civil_BOQ_p29_l52,Excavation for Lawn,MCGM_Civil_BOQ,29,text
MCGM_Civil_BOQ_p29_l53,232 GW-1-1-A Excavation for raising Lawn on Soft,MCGM_Civil_BOQ,29,text
MCGM_Civil_BOQ_p29_l56,Excavation for Shrubs,MCGM_Civil_BOQ,29,text
MCGM_Civil_BOQ_p29_l57,233 GW-1-2-A Excavation for planting Shrubs on Soft,MCGM_Civil_BOQ,29,text
MCGM_Civil_BOQ_p29_l60,the earth / murum /sand for a pit size of,MCGM_Civil_BOQ,29,text
MCGM_Civil_BOQ_p29_l62,Excavation for Hedges/ Edges/,MCGM_Civil_BOQ,29,text
MCGM_Civil_BOQ_p29_l63,Flower234 GW-1-1-4-A Excavation for planting Hedges/ Edges/,MCGM_Civil_BOQ,29,text
MCGM_Civil_BOQ_p30_l4,including filling in with good quality,MCGM_Civil_BOQ,30,text
MCGM_Civil_BOQ_p30_l6,"with iron rammers, watering, sand spreading",MCGM_Civil_BOQ,30,text
MCGM_Civil_BOQ_p30_l11,Plain Cement Concrete Mixer Mix,MCGM_Civil_BOQ,30,text
MCGM_Civil_BOQ_p30_l14,concrete of specified grade with,MCGM_Civil_BOQ,30,text
MCGM_Civil_BOQ_p30_l16,in concrete mixer including bailing out,MCGM_Civil_BOQ,30,text
MCGM_Civil_BOQ_p30_l17,"water, compacting, finishing surface,",MCGM_Civil_BOQ,30,text
MCGM_Civil_BOQ_p30_l19,-bNominal Mix of 1:2:4 (1 cement : 2,MCGM_Civil_BOQ,30,text
MCGM_Civil_BOQ_p30_l20,coarse sand : 4 graded stone aggregate CUM 58 6821 395618,MCGM_Civil_BOQ,30,text
MCGM_Civil_BOQ_p30_l21,R2-CS-MW- 16 Brick work with clay flyash F.P.S.,MCGM_Civil_BOQ,30,text
MCGM_Civil_BOQ_p30_l22,(non modular) brick of class designation,MCGM_Civil_BOQ,30,text
MCGM_Civil_BOQ_p30_l24,to floor five level in :,MCGM_Civil_BOQ,30,text
MCGM_Civil_BOQ_p30_l26,MW-16-aCement mortar 1:4 (1 cement : 4 coarse,MCGM_Civil_BOQ,30,text
MCGM_Civil_BOQ_p30_l27,sand)CUM 58 6511 377638,MCGM_Civil_BOQ,30,text
MCGM_Civil_BOQ_p30_l30,sand faced cement plaster upto 10m from,MCGM_Civil_BOQ,30,text
MCGM_Civil_BOQ_p30_l32,cement mortar proportion specified,MCGM_Civil_BOQ,30,text
MCGM_Civil_BOQ_p30_l33,below in two coats for masonry (except,MCGM_Civil_BOQ,30,text
MCGM_Civil_BOQ_p30_l34,stone masonry) and concrete surfaces,MCGM_Civil_BOQ,30,text
MCGM_Civil_BOQ_p30_l35,including providing water proofing,MCGM_Civil_BOQ,30,text
MCGM_Civil_BOQ_p30_l36,compound to the first coat of plaster as per,MCGM_Civil_BOQ,30,text
MCGM_Civil_BOQ_p30_l38,"joints, hacking of concrete surface,",MCGM_Civil_BOQ,30,text
MCGM_Civil_BOQ_p30_l39,"finishing, curing, scaffolding, etc",MCGM_Civil_BOQ,30,text
MCGM_Civil_BOQ_p30_l43,15-bIn cement mortar 1:4 SQM 340 438 148920,MCGM_Civil_BOQ,30,text
MCGM_Civil_BOQ_p30_l44,240 R2-CS-CW- 23 Providing and laying C.C. floor of mix M-25,MCGM_Civil_BOQ,30,text
MCGM_Civil_BOQ_p30_l45,with ready mixed concrete from RMC. The,MCGM_Civil_BOQ,30,text
MCGM_Civil_BOQ_p30_l46,ready mixed concrete shall be laid and,MCGM_Civil_BOQ,30,text
MCGM_Civil_BOQ_p30_l54,Providing and filling Red Hill Earth &,MCGM_Civil_BOQ,30,text
MCGM_Civil_BOQ_p30_l63,& unloading. Watering and proper 241 GW-2-1-a Filling good garden soil mix with,MCGM_Civil_BOQ,30,text
MCGM_Civil_BOQ_p31_l1,(Individual): Filling Red Hill Earth &,MCGM_Civil_BOQ,31,text
MCGM_Civil_BOQ_p31_l13,replacement of casualties till,MCGM_Civil_BOQ,31,text
MCGM_Civil_BOQ_p31_l15,246 GW-2-4-a Filling good garden soil mix with,MCGM_Civil_BOQ,31,text
MCGM_Civil_BOQ_p31_l25,Soft/Hard surface: Filling Red Hill Earth,MCGM_Civil_BOQ,31,text
MCGM_Civil_BOQ_p31_l36,replacement of casualties till 1 month.,MCGM_Civil_BOQ,31,text
MCGM_Civil_BOQ_p31_l37,251 GW-2-7-a Filling good garden soil mix with,MCGM_Civil_BOQ,31,text
MCGM_Civil_BOQ_p31_l46,Paving Tiles on Road of Vindhya Floor tiles,MCGM_Civil_BOQ,31,text
MCGM_Civil_BOQ_p31_l49,mm x 25 mm thick fixing on cement,MCGM_Civil_BOQ,31,text
MCGM_Civil_BOQ_p31_l53,unishape concrete pavers (monolithic-,MCGM_Civil_BOQ,31,text
MCGM_Civil_BOQ_p31_l54,single layer precast concrete blocks) of gray,MCGM_Civil_BOQ,31,text
MCGM_Civil_BOQ_p31_l55,cement coloured in the carriageway,MCGM_Civil_BOQ,31,text
MCGM_Civil_BOQ_p31_l60,graded river sand cushioning with proper,MCGM_Civil_BOQ,31,text
MCGM_Civil_BOQ_p31_l66,100mm thick interlocking concrete,MCGM_Civil_BOQ,31,text
MCGM_Civil_BOQ_p31_l68,precast concrete blocks) of gray cement,MCGM_Civil_BOQ,31,text
MCGM_Civil_BOQ_p32_l2,RCC pipe collar including excavation and,MCGM_Civil_BOQ,32,text
MCGM_Civil_BOQ_p32_l4,"instructions of engineer-in-charge, pumping",MCGM_Civil_BOQ,32,text
MCGM_Civil_BOQ_p32_l7,S PLUMBING WORKS,MCGM_Civil_BOQ,32,text
MCGM_Civil_BOQ_p32_l10,extended wall mounting water closet of size,MCGM_Civil_BOQ,32,text
MCGM_Civil_BOQ_p32_l13,"china cistern with dual flush fitting, of",MCGM_Civil_BOQ,32,text
MCGM_Civil_BOQ_p32_l17,and wall flangeEACH 160 1513 242080,MCGM_Civil_BOQ,32,text
MCGM_Civil_BOQ_p32_l30,"sand cast Iron P or S trap, 10 litre low level",MCGM_Civil_BOQ,32,text
MCGM_Civil_BOQ_p32_l32,"pipe, with manually controlled device",MCGM_Civil_BOQ,32,text
MCGM_Civil_BOQ_p32_l34,all fittings and fixtures (handle lever),MCGM_Civil_BOQ,32,text
MCGM_Civil_BOQ_p32_l35,"conforming to IS : 7231, with all fittings and",MCGM_Civil_BOQ,32,text
MCGM_Civil_BOQ_p32_l37,making good the walls and floors wherever,MCGM_Civil_BOQ,32,text
MCGM_Civil_BOQ_p32_l54,below granite counter including waste fitting,MCGM_Civil_BOQ,32,text
MCGM_Civil_BOQ_p32_l62,"including painting of fittings and brackets,",MCGM_Civil_BOQ,32,text
MCGM_Civil_BOQ_p32_l63,cutting and making good the walls wherever,MCGM_Civil_BOQ,32,text
MCGM_Civil_BOQ_p32_l71,height of 270mmeffective length of tail pipe,MCGM_Civil_BOQ,32,text
MCGM_Civil_BOQ_p32_l79,112mm distance from wall of standard shape,MCGM_Civil_BOQ,32,text
MCGM_Civil_BOQ_p32_l81,the same materials with snap fittings of EACH 190 385 73150,MCGM_Civil_BOQ,32,text
MCGM_Civil_BOQ_p33_l3,wall face with concealed fittings,MCGM_Civil_BOQ,33,text
MCGM_Civil_BOQ_p33_l16,"from back side, including fixing to wall with",MCGM_Civil_BOQ,33,text
MCGM_Civil_BOQ_p33_l23,height of 270mmeffective length of tail pipe,MCGM_Civil_BOQ,33,text
MCGM_Civil_BOQ_p33_l31,flat back or wall corner type lipped front,MCGM_Civil_BOQ,33,text
MCGM_Civil_BOQ_p33_l41,height of 270mmeffective length of tail pipe,MCGM_Civil_BOQ,33,text
MCGM_Civil_BOQ_p33_l63,height of 270mmeffective length of tail pipe,MCGM_Civil_BOQ,33,text
MCGM_Civil_BOQ_p33_l70,296 R2-CS-PS-10 Providing and fixing Stainless Steel A ISI,MCGM_Civil_BOQ,33,text
MCGM_Civil_BOQ_p33_l72,C.I. brackets and stainless steel plug 40 mm,MCGM_Civil_BOQ,33,text
MCGM_Civil_BOQ_p33_l74,stainless steel plug 40 mm including,MCGM_Civil_BOQ,33,text
MCGM_Civil_BOQ_p33_l75,"painting of fittings and brackets, cutting and 297 R2-CS-PS-10-a-1 510x1040 mm bowl depth 250mm. EACH 30 12128 363840",MCGM_Civil_BOQ,33,text
MCGM_Civil_BOQ_p33_l78,height of 270mmeffective length of tail pipe,MCGM_Civil_BOQ,33,text
MCGM_Civil_BOQ_p34_l11,height of 270mmeffective length of tail pipe,MCGM_Civil_BOQ,34,text
MCGM_Civil_BOQ_p34_l25,"including painting of fittings and brackets, 306 R2-CS-PS-11-b Size 600x450x200mm EACH 24 4425106200",MCGM_Civil_BOQ,34,text
MCGM_Civil_BOQ_p34_l28,height of 270mmeffective length of tail pipe,MCGM_Civil_BOQ,34,text
MCGM_Civil_BOQ_p34_l58,propylene Random copolymer) pipes SDR,MCGM_Civil_BOQ,34,text
MCGM_Civil_BOQ_p34_l66,"312 R2-CS-PS-82-e PN - 16 Pipe, 40 mm OD RMT 200.31 584 116981.04",MCGM_Civil_BOQ,34,text
MCGM_Civil_BOQ_p34_l68,propylene Random copolymer) pipes SDR,MCGM_Civil_BOQ,34,text
MCGM_Civil_BOQ_p34_l73,"fittings, i/c fixing the pipe with clamps ,at",MCGM_Civil_BOQ,34,text
MCGM_Civil_BOQ_p34_l75,"cutting chases and making good the same 313 R2-CS-PS-83-d PN - 16 Pipe, 32 mm OD RMT 199.246125 570 113570.2913",MCGM_Civil_BOQ,34,text
MCGM_Civil_BOQ_p35_l1,"(Polypropylene Random copolymer) pipes,",MCGM_Civil_BOQ,35,text
MCGM_Civil_BOQ_p35_l6,"fittings, including trenching, refilling &",MCGM_Civil_BOQ,35,text
MCGM_Civil_BOQ_p35_l9,"314 R2-CS-PS-84-f PN - 16 Pipe, 50 mm OD (SDR - 7.4) RMT 20 741 14820",MCGM_Civil_BOQ,35,text
MCGM_Civil_BOQ_p35_l11,"Chloride (CPVC) pipes, having thermal",MCGM_Civil_BOQ,35,text
MCGM_Civil_BOQ_p35_l14,"fittings, including fixing the pipe with",MCGM_Civil_BOQ,35,text
MCGM_Civil_BOQ_p35_l16,jointing of pipes & fittings with one step,MCGM_Civil_BOQ,35,text
MCGM_Civil_BOQ_p35_l17,CPVC solvent cement and testing of joints,MCGM_Civil_BOQ,35,text
MCGM_Civil_BOQ_p35_l20,315 R2-CS-PS-85-d 32 mm nominal outer dia Pipes RMT 830.28 374 310524.72,MCGM_Civil_BOQ,35,text
MCGM_Civil_BOQ_p35_l21,316 R2-CS-PS-85-e 40 mm nominal outer dia Pipes RMT 304.81 567 172827.27,MCGM_Civil_BOQ,35,text
MCGM_Civil_BOQ_p35_l22,317 R2-CS-PS-85-f 50 mm nominal outer dia Pipes RMT 227.205 810 184036.05,MCGM_Civil_BOQ,35,text
MCGM_Civil_BOQ_p35_l24,"Chloride (CPVC) pipes, having thermal",MCGM_Civil_BOQ,35,text
MCGM_Civil_BOQ_p35_l27,"fittings, i/c fixing the pipe with clamps at",MCGM_Civil_BOQ,35,text
MCGM_Civil_BOQ_p35_l29,pipes & fittings with one step CPVC solvent,MCGM_Civil_BOQ,35,text
MCGM_Civil_BOQ_p35_l30,cement and the cost of cutting chases and,MCGM_Civil_BOQ,35,text
MCGM_Civil_BOQ_p35_l34,318 R2-CS-PS-86-a 15 mm nominal outer dia Pipes RMT 274.735 346 95058.31,MCGM_Civil_BOQ,35,text
MCGM_Civil_BOQ_p35_l35,319 R2-CS-PS-86-b 20 mm nominal outer dia Pipes RMT 139.035 405 56309.175,MCGM_Civil_BOQ,35,text
MCGM_Civil_BOQ_p35_l36,320 R2-CS-PS-86-c 25 mm nominal outer dia Pipes RMT 914.5375 429 392336.5875,MCGM_Civil_BOQ,35,text
MCGM_Civil_BOQ_p35_l38,"Chloride (CPVC) pipes, having thermal",MCGM_Civil_BOQ,35,text
MCGM_Civil_BOQ_p35_l41,fittings This includes jointing of pipes &,MCGM_Civil_BOQ,35,text
MCGM_Civil_BOQ_p35_l42,fittings with one step CPVC solvent cement 321 R2-CS-PS-87-f 50 mm nominal outer dia Pipes RMT 267.3 722 192990.6,MCGM_Civil_BOQ,35,text
MCGM_Civil_BOQ_p35_l43,322 R2-CS-PS-87-g 62.5 mm nominal outer dia Pipes RMT 109.45 1698 185846.1,MCGM_Civil_BOQ,35,text
MCGM_Civil_BOQ_p35_l44,323 R2-CS-PS-87-h 75 mm nominal outer dia Pipes RMT 109.45 2313 253157.85,MCGM_Civil_BOQ,35,text
MCGM_Civil_BOQ_p35_l45,324 R2-CS-PS-87-i 100 mm nominal outer dia Pipes RMT 109.45 3275 358448.75,MCGM_Civil_BOQ,35,text
MCGM_Civil_BOQ_p35_l46,R2-CS-PS-90 Providing and fixing G.I. pipes complete,MCGM_Civil_BOQ,35,text
MCGM_Civil_BOQ_p35_l47,with G.I. fittings including trenching and,MCGM_Civil_BOQ,35,text
MCGM_Civil_BOQ_p35_l48,refilling etc. External work,MCGM_Civil_BOQ,35,text
MCGM_Civil_BOQ_p35_l56,"valve, inclusive of required excavation and 328 R2-HE-7-23-f 50 mm dia EACH 8 3325 26600",MCGM_Civil_BOQ,35,text
MCGM_Civil_BOQ_p35_l58,R2-CS-PS-111 Constructing masonry Chamber 60x60x75,MCGM_Civil_BOQ,35,text
MCGM_Civil_BOQ_p35_l59,"cm inside, in brick work in cement mortar",MCGM_Civil_BOQ,35,text
MCGM_Civil_BOQ_p35_l60,1:4 (1 cement : 4 coarse sand) for sluice,MCGM_Civil_BOQ,35,text
MCGM_Civil_BOQ_p35_l64,and RCC top slab 1:2:4 mix (1 cement : 2,MCGM_Civil_BOQ,35,text
MCGM_Civil_BOQ_p35_l65,coarse sand : 4 graded stone aggregate,MCGM_Civil_BOQ,35,text
MCGM_Civil_BOQ_p35_l67,"excavation, foundation concrete 1:4:8 (1",MCGM_Civil_BOQ,35,text
MCGM_Civil_BOQ_p35_l68,cement : 5 fine sand : 10 graded stone,MCGM_Civil_BOQ,35,text
MCGM_Civil_BOQ_p35_l69,aggregate 40 mm nominal size) and inside 329 R2-CS-PS-111-a With common burnt clay F.P.S.(non,MCGM_Civil_BOQ,35,text
MCGM_Civil_BOQ_p35_l70,"modular) bricks of class designation 7.5EACH 6 8,468 50808",MCGM_Civil_BOQ,35,text
MCGM_Civil_BOQ_p36_l17,pipe 75 mm dia. TYPE B in any position,MCGM_Civil_BOQ,36,text
MCGM_Civil_BOQ_p36_l18,"including all fittings and accessories, making",MCGM_Civil_BOQ,36,text
MCGM_Civil_BOQ_p36_l20,"cement, scaffolding if necessary & making",MCGM_Civil_BOQ,36,text
MCGM_Civil_BOQ_p36_l22,excavation and refilling the trenches) etc.,MCGM_Civil_BOQ,36,text
MCGM_Civil_BOQ_p36_l24,seperate payment shall be made for fittings,MCGM_Civil_BOQ,36,text
MCGM_Civil_BOQ_p36_l27,pipe 110 mm dia. TYPE B in any position,MCGM_Civil_BOQ,36,text
MCGM_Civil_BOQ_p36_l28,"including all fittings and accessories, making",MCGM_Civil_BOQ,36,text
MCGM_Civil_BOQ_p36_l30,"cement, scaffolding if necessary & making",MCGM_Civil_BOQ,36,text
MCGM_Civil_BOQ_p36_l32,excavation and refilling the trenches) etc. RMT 510 478 243780,MCGM_Civil_BOQ,36,text
MCGM_Civil_BOQ_p36_l34,pipe 160 mm dia. in any position including,MCGM_Civil_BOQ,36,text
MCGM_Civil_BOQ_p36_l35,"all fittings and accessories, making joints /",MCGM_Civil_BOQ,36,text
MCGM_Civil_BOQ_p36_l36,"connections water tight with solvent cement,",MCGM_Civil_BOQ,36,text
MCGM_Civil_BOQ_p36_l38,damages if any (excluding excavation and,MCGM_Civil_BOQ,36,text
MCGM_Civil_BOQ_p36_l39,refilling the trenches) etc. complete as,MCGM_Civil_BOQ,36,text
MCGM_Civil_BOQ_p36_l41,shall be made for fittings and accessories).RMT 800 1134 907200,MCGM_Civil_BOQ,36,text
MCGM_Civil_BOQ_p36_l43,trap Jali in steel finish with necessary fixing,MCGM_Civil_BOQ,36,text
MCGM_Civil_BOQ_p36_l45,345 R2-CS-PS-28 Providing and fixing 100 mm sand cast Iron,MCGM_Civil_BOQ,36,text
MCGM_Civil_BOQ_p36_l46,grating for Nahani/Floor trap.EACH 510 825 420750,MCGM_Civil_BOQ,36,text
MCGM_Civil_BOQ_p36_l50,R2-CS-PS-27 Providing and fixing PVC waste pipe for,MCGM_Civil_BOQ,36,text
MCGM_Civil_BOQ_p36_l52,fittings complete.,MCGM_Civil_BOQ,36,text
MCGM_Civil_BOQ_p36_l54,"348 R2-SE-5-9 Providing, Laying and Jointing HDPE pipes",MCGM_Civil_BOQ,36,text
MCGM_Civil_BOQ_p36_l60,351 R2-CS-PS-60 Cutting chases in brick masonry walls for,MCGM_Civil_BOQ,36,text
MCGM_Civil_BOQ_p36_l61,following diameter sand cast,MCGM_Civil_BOQ,36,text
MCGM_Civil_BOQ_p36_l62,iron/centrifugally cast (spun) iron pipes and,MCGM_Civil_BOQ,36,text
MCGM_Civil_BOQ_p36_l63,making good the same with cement concrete,MCGM_Civil_BOQ,36,text
MCGM_Civil_BOQ_p36_l64,1:3:6 ( 1 cement : 3 coarse sand :6 graded,MCGM_Civil_BOQ,36,text
MCGM_Civil_BOQ_p36_l65,stone aggregate 12.5 mm nominal size ) 352 R2-CS-PS-60-a 100 mm dia. RMT 100 44444400,MCGM_Civil_BOQ,36,text
MCGM_Civil_BOQ_p36_l69,chamber with air tight cover screwed down,MCGM_Civil_BOQ,36,text
MCGM_Civil_BOQ_p36_l70,with gun metal screws bedded on cement,MCGM_Civil_BOQ,36,text
MCGM_Civil_BOQ_p36_l71,"concrete 1:4:8, 230 mm thick enclosed in",MCGM_Civil_BOQ,36,text
MCGM_Civil_BOQ_p36_l72,230 mm thick masonry work in cement,MCGM_Civil_BOQ,36,text
MCGM_Civil_BOQ_p36_l73,mortar 1:4 with 12 mm thick plaster in c.m.,MCGM_Civil_BOQ,36,text
MCGM_Civil_BOQ_p37_l1,"trenches C.I. Class 'LA' , S/S pipes",MCGM_Civil_BOQ,37,text
MCGM_Civil_BOQ_p37_l4,cut edges of pipes for specials and,MCGM_Civil_BOQ,37,text
MCGM_Civil_BOQ_p37_l12,EXTERNAL DRAINAGE,MCGM_Civil_BOQ,37,text
MCGM_Civil_BOQ_p37_l15,grating brick masonry chamber with water,MCGM_Civil_BOQ,37,text
MCGM_Civil_BOQ_p37_l24,"modular) bricks of class designation 3.5EACH 20 3,026 60520",MCGM_Civil_BOQ,37,text
MCGM_Civil_BOQ_p37_l26,stoneware pipes class SP-1with stiff mixture,MCGM_Civil_BOQ,37,text
MCGM_Civil_BOQ_p37_l27,of cement mortar in the proportion of 1:1 (1,MCGM_Civil_BOQ,37,text
MCGM_Civil_BOQ_p37_l28,cement : 1 fine353 R2-CS-PS-163-d 250 mm diameter RMT 450 836 376200,MCGM_Civil_BOQ,37,text
MCGM_Civil_BOQ_p37_l30,R2-CS-PS-164 Providing and laying cement concrete 1:4:8,MCGM_Civil_BOQ,37,text
MCGM_Civil_BOQ_p37_l31,(1 cement : 4 coarse sand : 8 graded stone,MCGM_Civil_BOQ,37,text
MCGM_Civil_BOQ_p37_l32,aggregate 40 mm nominal size) all-round,MCGM_Civil_BOQ,37,text
MCGM_Civil_BOQ_p37_l33,S.W. pipes including bed concrete as per 355 R2-CS-PS-164-d 250 mm diameter S.W. pipe RMT 251.43 1294 325350.42,MCGM_Civil_BOQ,37,text
MCGM_Civil_BOQ_p37_l34,356 R2-CS-PS-164-e 300 mm diameter S.W. pipe RMT 223.301 1457 325349.557,MCGM_Civil_BOQ,37,text
MCGM_Civil_BOQ_p37_l35,R2-SE-5-7 Providing and laying R.C.C Pipe (NP3,MCGM_Civil_BOQ,37,text
MCGM_Civil_BOQ_p37_l40,357 R2-SE-5-7-c 250 mm dia. R.C.C. pipe RMT 1663,MCGM_Civil_BOQ,37,text
MCGM_Civil_BOQ_p37_l41,358 R2-SE-5-7-d 300 mm dia. R.C.C. pipe RMT 2201,MCGM_Civil_BOQ,37,text
MCGM_Civil_BOQ_p37_l42,359 R2-SE-8-1 Constructing brick masonary rectangular,MCGM_Civil_BOQ,37,text
MCGM_Civil_BOQ_p37_l43,inspection chamber 0.9 x 0.45 M and 0.6 M,MCGM_Civil_BOQ,37,text
MCGM_Civil_BOQ_p37_l44,deep on sewer with 230mm brick walls in,MCGM_Civil_BOQ,37,text
MCGM_Civil_BOQ_p37_l45,cement mortar 1:3 plastered both inside &,MCGM_Civil_BOQ,37,text
MCGM_Civil_BOQ_p37_l46,outside with 20 mm thick cement mortar 1:2,MCGM_Civil_BOQ,37,text
MCGM_Civil_BOQ_p37_l47,and neat cement rendering so as to give a,MCGM_Civil_BOQ,37,text
MCGM_Civil_BOQ_p37_l48,smooth surface including 230 mm cement,MCGM_Civil_BOQ,37,text
MCGM_Civil_BOQ_p37_l49,concrete bedding (M 15) and cement,MCGM_Civil_BOQ,37,text
MCGM_Civil_BOQ_p37_l50,concrete (M15) in haunches and channels,MCGM_Civil_BOQ,37,text
MCGM_Civil_BOQ_p37_l51,finished smooth with 20 mm thick cement,MCGM_Civil_BOQ,37,text
MCGM_Civil_BOQ_p37_l53,airtight cement mortar( 1:1) and fixing C.I.,MCGM_Civil_BOQ,37,text
MCGM_Civil_BOQ_p37_l57,c.c. cap M20 with cement plaster (1:1) on,MCGM_Civil_BOQ,37,text
MCGM_Civil_BOQ_p37_l61,external portion of the chamber and the,MCGM_Civil_BOQ,37,text
MCGM_Civil_BOQ_p37_l62,foundation concrete in C.M. 1:1 etc.,MCGM_Civil_BOQ,37,text
MCGM_Civil_BOQ_p37_l64,"office( without excavation ) .EACH 100 40,697 4069700",MCGM_Civil_BOQ,37,text
MCGM_Civil_BOQ_p37_l68,361 R2-SE-8-2 Constructing brick masonary rectangular,MCGM_Civil_BOQ,37,text
MCGM_Civil_BOQ_p37_l69,inspection chamber 0.9M x 0.6M and 0.6M,MCGM_Civil_BOQ,37,text
MCGM_Civil_BOQ_p37_l74,in item No. SE-8-1 with necessary centering,MCGM_Civil_BOQ,37,text
MCGM_Civil_BOQ_p38_l2,"per IS : 10910, on 12 mm dia steel bar",MCGM_Civil_BOQ,38,text
MCGM_Civil_BOQ_p38_l14,R2-CS-PS-181 Making connection of drain or sewer line,MCGM_Civil_BOQ,38,text
MCGM_Civil_BOQ_p38_l15,with existing manhole including breaking,MCGM_Civil_BOQ,38,text
MCGM_Civil_BOQ_p38_l16,"into and making good the walls, floors with",MCGM_Civil_BOQ,38,text
MCGM_Civil_BOQ_p38_l17,cement concrete 1:2:4 mix (1 cement : 2,MCGM_Civil_BOQ,38,text
MCGM_Civil_BOQ_p38_l18,coarse sand : 4 graded stone aggregate 20,MCGM_Civil_BOQ,38,text
MCGM_Civil_BOQ_p38_l19,mm nominal size) cement plastered on both,MCGM_Civil_BOQ,38,text
MCGM_Civil_BOQ_p38_l20,sides with cement mortar 1:3 (1 cement :,MCGM_Civil_BOQ,38,text
MCGM_Civil_BOQ_p38_l21,plastered on both sides with cement mortar,MCGM_Civil_BOQ,38,text
MCGM_Civil_BOQ_p38_l22,"1:3 (1 cement : 3 coarse sand), finished with",MCGM_Civil_BOQ,38,text
MCGM_Civil_BOQ_p38_l23,a aggregate 20 mm nominal size) cement,MCGM_Civil_BOQ,38,text
MCGM_Civil_BOQ_p38_l24,plastered on both finished with a aggregate 364 R2-CS-PS-181-b For pipes 250 to 300 mm diameter EACH 6 549 3294,MCGM_Civil_BOQ,38,text
MCGM_Civil_BOQ_p38_l26,in manholes with stiff mixture of cement,MCGM_Civil_BOQ,38,text
MCGM_Civil_BOQ_p38_l27,mortar 1:1 (1 cement : 1 fine sand) including,MCGM_Civil_BOQ,38,text
MCGM_Civil_BOQ_p38_l33,"foundation channel, brick masonry 230 mm",MCGM_Civil_BOQ,38,text
MCGM_Civil_BOQ_p38_l34,"thick in Cement coping in M-20, fixing Ms",MCGM_Civil_BOQ,38,text
MCGM_Civil_BOQ_p38_l35,"gratings with frame, R.C.C. runner beams,",MCGM_Civil_BOQ,38,text
MCGM_Civil_BOQ_p38_l36,"including mortar 1:4, finishing the inside",MCGM_Civil_BOQ,38,text
MCGM_Civil_BOQ_p38_l37,with 12 mm thick plaster 1:2. etc. complete,MCGM_Civil_BOQ,38,text
MCGM_Civil_BOQ_p38_l39,367 R2-CS-PS-172 Constructing brick masonry circular,MCGM_Civil_BOQ,38,text
MCGM_Civil_BOQ_p38_l40,manhole 1.22 m internal dia at bottom and,MCGM_Civil_BOQ,38,text
MCGM_Civil_BOQ_p38_l41,0.56 m dia at top in cement mortar 1:4 (1,MCGM_Civil_BOQ,38,text
MCGM_Civil_BOQ_p38_l42,cement :4 coarse sand) inside cement plaster,MCGM_Civil_BOQ,38,text
MCGM_Civil_BOQ_p38_l43,12 mm thick with cement mortar 1:3 (1,MCGM_Civil_BOQ,38,text
MCGM_Civil_BOQ_p38_l44,cement : 3 coarse sand) finished with a,MCGM_Civil_BOQ,38,text
MCGM_Civil_BOQ_p38_l45,floating coat of neat cement foundation,MCGM_Civil_BOQ,38,text
MCGM_Civil_BOQ_p38_l46,concrete 1:3:6 (1 cement : 3 coarse sand : 6,MCGM_Civil_BOQ,38,text
MCGM_Civil_BOQ_p38_l47,graded stone aggregate 40 mm nominal size),MCGM_Civil_BOQ,38,text
MCGM_Civil_BOQ_p38_l48,and making necessary channel in cement,MCGM_Civil_BOQ,38,text
MCGM_Civil_BOQ_p38_l49,concrete 1:2:4 (1 cement : 2 coarse sand : 4,MCGM_Civil_BOQ,38,text
MCGM_Civil_BOQ_p38_l50,graded stone aggregate 20 mm nominal size),MCGM_Civil_BOQ,38,text
MCGM_Civil_BOQ_p38_l51,"finished with a floating coat of neat cement,",MCGM_Civil_BOQ,38,text
MCGM_Civil_BOQ_p38_l58,not less than 182 kg. fixed in cement,MCGM_Civil_BOQ,38,text
MCGM_Civil_BOQ_p38_l59,concrete 1:2:4 (1 cement : 2 coarse sand : 4,MCGM_Civil_BOQ,38,text
MCGM_Civil_BOQ_p38_l60,graded stone aggregate 20 mm nominal size),MCGM_Civil_BOQ,38,text
MCGM_Civil_BOQ_p38_l61,"including centering, shuttering all complete.",MCGM_Civil_BOQ,38,text
MCGM_Civil_BOQ_p38_l62,"(Excavation,nominal size) including",MCGM_Civil_BOQ,38,text
MCGM_Civil_BOQ_p38_l63,"centering, shuttering all complete.",MCGM_Civil_BOQ,38,text
MCGM_Civil_BOQ_p38_l64,"(Excavation, foot rests and 12 mm thick",MCGM_Civil_BOQ,38,text
MCGM_Civil_BOQ_p38_l65,cement plaster at the external surface shall,MCGM_Civil_BOQ,38,text
MCGM_Civil_BOQ_p38_l68,"a-2 With Sewer bricks conforming IS : 4885 EACH 6 23,911 143466",MCGM_Civil_BOQ,38,text
MCGM_Civil_BOQ_p38_l70,b Extra depth for circular type manhole 1.22 m,MCGM_Civil_BOQ,38,text
MCGM_Civil_BOQ_p38_l74,b-2 19.12.2 With Sewer bricks conforming,MCGM_Civil_BOQ,38,text
MCGM_Civil_BOQ_p39_l8,floors and roofs for passing drain pipe etc.,MCGM_Civil_BOQ,39,text
MCGM_Civil_BOQ_p39_l10,drain pipe etc. with cement concrete,MCGM_Civil_BOQ,39,text
MCGM_Civil_BOQ_p39_l11,1:2:4 (1 cement : 2 coarse sand : 4 graded,MCGM_Civil_BOQ,39,text
MCGM_Civil_BOQ_p39_l12,"stone aggregate 20 mm nominal size), EACH 10 266 2660",MCGM_Civil_BOQ,39,text
MCGM_Civil_BOQ_p39_l13,376 R2-CS-PS-156 Making chases up to 7.5x7.5 cm in walls,MCGM_Civil_BOQ,39,text
MCGM_Civil_BOQ_p39_l14,including making good and finishing with,MCGM_Civil_BOQ,39,text
MCGM_Civil_BOQ_p39_l15,matching surface after housing G.I. pipe etc.RMT 110 120 13200,MCGM_Civil_BOQ,39,text
MCGM_Civil_BOQ_p39_l19,TOTAL FOR PLUMBING 27883867.02,MCGM_Civil_BOQ,39,text
Nepal_Polytechnic_Civil_p1_l1,1.00 Earthwork in excavation,Nepal_Polytechnic_Civil,1,text
Nepal_Polytechnic_Civil_p1_l6,1.02Earth work in excavation including back filling by mechanical means,Nepal_Polytechnic_Civil,1,text
Nepal_Polytechnic_Civil_p1_l7,"(Hydraulic excavator) or manual, over the area ( not exceeding 1.5 in depth,and 10 sqm on plan) and disposal of surplus excavated earth, lead up to50m and lift up to 1.5m, disposed earth to be levelled and neatlydressed(excavation shall be measured according to neat line formeasurement",Nepal_Polytechnic_Civil,1,text
Nepal_Polytechnic_Civil_p1_l14,"1.05Filling with available excavated earth (excluding rock) in trenches, plinth,",Nepal_Polytechnic_Civil,1,text
Nepal_Polytechnic_Civil_p1_l15,"sides of foundations etc. in layers not exceeding 20 cm in depth,consolidating each deposited layer by ramming and watering, lead up to 50m and lift u",Nepal_Polytechnic_Civil,1,text
Nepal_Polytechnic_Civil_p2_l2,"treatement and creating continous chemical barrier under and all around thecolumn pits, wall trenches, top surfaces of plinth filling, junctions of walls andfloors, along the external perimeter of buildings, expansion joints, over thetop surface of consolidated earth on which plinth protection is to be laid,surrounding of pipes and conduits etc. complete, in accordance with IS:6313(Part II). (Plinth area of the building at ground level shall only be measured):Using Chloropyriphos Emulsifiable concentrate 0.2%.Sqm",Nepal_Polytechnic_Civil,2,text
Nepal_Polytechnic_Civil_p2_l7,"1.09Supplying and filling in plinth with fine sand under floors including, watering,",Nepal_Polytechnic_Civil,2,text
Nepal_Polytechnic_Civil_p2_l9,Total of Eartwork in Excavation,Nepal_Polytechnic_Civil,2,text
Nepal_Polytechnic_Civil_p2_l10,2.00 Plain cement concrete works,Nepal_Polytechnic_Civil,2,text
Nepal_Polytechnic_Civil_p2_l11,2.01Providing and laying in position cement concrete of specified grade,Nepal_Polytechnic_Civil,2,text
Nepal_Polytechnic_Civil_p2_l13,a) 1:2:4 (1 Cement : 2 coarse sand : 4 graded stone aggregate 40 mm,Nepal_Polytechnic_Civil,2,text
Nepal_Polytechnic_Civil_p2_l15,b) 1:3:6 (1 Cement : 3 coarse sand : 6 graded stone aggregate 40 mm,Nepal_Polytechnic_Civil,2,text
Nepal_Polytechnic_Civil_p2_l17,c) 1:4:8 (1 Cement : 4 coarse sand : 6 graded stone aggregate 40 mm,Nepal_Polytechnic_Civil,2,text
Nepal_Polytechnic_Civil_p2_l19,d) 1:5:10 (1 Cement : 5 coarse sand : 10 graded stone aggregate 40 mm,Nepal_Polytechnic_Civil,2,text
Nepal_Polytechnic_Civil_p2_l21,Total of Plain Cement Concrete,Nepal_Polytechnic_Civil,2,text
Nepal_Polytechnic_Civil_p3_l1,3.00 Reinforced Cement Concrete,Nepal_Polytechnic_Civil,3,text
Nepal_Polytechnic_Civil_p3_l2,NOTE: Cement content considered in this item is @ 330 kg/cum.,Nepal_Polytechnic_Civil,3,text
Nepal_Polytechnic_Civil_p3_l3,Excess/less cement used as per design is payable/recoverable seperately,Nepal_Polytechnic_Civil,3,text
Nepal_Polytechnic_Civil_p3_l4,Providing and laying in position design mix concrete of specified grade for,Nepal_Polytechnic_Civil,3,text
Nepal_Polytechnic_Civil_p3_l5,"reinforced cement concrete work including pumping of concrete to site oflaying but excluding the cost of centering, shuttering, finishing andreinforcement including Admixtures in recommended proportions as per IS9103 to accelerate, retard setting of concrete, improve workability without",Nepal_Polytechnic_Civil,3,text
Nepal_Polytechnic_Civil_p3_l7,grade reinforced cement concrete.. In foundation and plinth( all structural,Nepal_Polytechnic_Civil,3,text
Nepal_Polytechnic_Civil_p3_l11,3.01Providing and laying in position design mix concrete of specified grade for,Nepal_Polytechnic_Civil,3,text
Nepal_Polytechnic_Civil_p3_l12,"reinforced cement concrete work but excluding the cost of centering,shuttering, finishing and reinforcement including Admixtures inrecommended proportions as per IS 9103 to accelerate, retard setting ofconcrete, improve workability without impairing strength and durability as per",Nepal_Polytechnic_Civil,3,text
Nepal_Polytechnic_Civil_p3_l13,direction of Engineer-in-charge. M-25 grade reinforced cement concrete by,Nepal_Polytechnic_Civil,3,text
Nepal_Polytechnic_Civil_p3_l14,using 428 kg. of cement per cum of concrete. : In Columns and piers of anysha,Nepal_Polytechnic_Civil,3,text
Nepal_Polytechnic_Civil_p3_l17,15.21Providing and laying 50 mm thick damp proof course with cement concrete,Nepal_Polytechnic_Civil,3,text
Nepal_Polytechnic_Civil_p3_l18,"1:2:4 with graded stone aggregate 12.5 mm nominal size, including sideshuttering, compacting etc.including applying a cost of residual petroliumbitumen of penetration 80/100 @ 1.70 kg/sq. on damp proof course. Sqm",Nepal_Polytechnic_Civil,3,text
Nepal_Polytechnic_Civil_p3_l20,Total of Reinforced Cement Concrete Works,Nepal_Polytechnic_Civil,3,text
Nepal_Polytechnic_Civil_p4_l1,4.00 Reinforcement works,Nepal_Polytechnic_Civil,4,text
Nepal_Polytechnic_Civil_p4_l2,"Receiving , storing , stacking and placing reinforcement steel in all reinforced",Nepal_Polytechnic_Civil,4,text
Nepal_Polytechnic_Civil_p4_l3,"concrete work including straightening , cutting , removal of loose rust by wirebrush , bending , binding , placing in position to the shape and profilerequired at all levels and heights as per drawing and design and /or asdirected by Enigineer-in-charge , binding with 18 gauge SWG annealed steelwire including cost of binding wire etc. complete. ( contractor has to arrangethe annealed steel wire at his own cost.)",Nepal_Polytechnic_Civil,4,text
Nepal_Polytechnic_Civil_p4_l5,Total of Reinforcement works,Nepal_Polytechnic_Civil,4,text
Nepal_Polytechnic_Civil_p4_l6,5.00 Centering & Shuttering,Nepal_Polytechnic_Civil,4,text
Nepal_Polytechnic_Civil_p4_l7,Providing and fixing centering and shuttering for concrete work ( reinforced,Nepal_Polytechnic_Civil,4,text
Nepal_Polytechnic_Civil_p4_l8,"concrete only) including strutting, propping, bracing, bolting tie bolt / spring",Nepal_Polytechnic_Civil,4,text
Nepal_Polytechnic_Civil_p4_l11,5.01Providing and fixing centering and shuttering for concrete work (plain and,Nepal_Polytechnic_Civil,4,text
Nepal_Polytechnic_Civil_p4_l12,"reinforced) including strutting, propping, bracing, bolting tie bolt / spring coil/ plastic cone, wedging, easing, striking, removal etc, complete. Allow forfoming groovers, drips, throats, chamfers, cut-outs, opening etc. wherecalled for and for dressing with approved mineral shuttering oil ( REEBOL ofFOSROC / equivalent ) to prevent adhesion . ( From plinth to all level )",Nepal_Polytechnic_Civil,4,text
Nepal_Polytechnic_Civil_p5_l1,"5.01(a)Soffits and sides of beams, , lintels, ties, ribs, pergolas and such other, string",Nepal_Polytechnic_Civil,5,text
Nepal_Polytechnic_Civil_p5_l3,"5.01(b)Soffits and sides of suspended slabs, floor and roof projections, landing",Nepal_Polytechnic_Civil,5,text
Nepal_Polytechnic_Civil_p5_l4,"slabs, canopies, chajjas, slabs of planting boxes and such other horizontalelements , coffer ribs and slabs.Sqm",Nepal_Polytechnic_Civil,5,text
Nepal_Polytechnic_Civil_p5_l6,"5.01(c)Soffits and sides and side waist slabs of stairs, sides of risers and stepped",Nepal_Polytechnic_Civil,5,text
Nepal_Polytechnic_Civil_p5_l7,"waist slabs, s",Nepal_Polytechnic_Civil,5,text
Nepal_Polytechnic_Civil_p5_l9,"5.01(d) Sides of columns,wall , piers of any shape or profile Sqm 10000",Nepal_Polytechnic_Civil,5,text
Nepal_Polytechnic_Civil_p5_l10,Total of Centering And Shuttering works,Nepal_Polytechnic_Civil,5,text
Nepal_Polytechnic_Civil_p5_l12,6.00Providing and laying brick work with bricks of class 75 in half brick thick,Nepal_Polytechnic_Civil,5,text
Nepal_Polytechnic_Civil_p5_l14,"g com plete in cement mortar 1:4 with coarse sand, Sqm",Nepal_Polytechnic_Civil,5,text
Nepal_Polytechnic_Civil_p5_l16,"6.02Providing and laying brick work with bricks of class 75, joints finished",Nepal_Polytechnic_Civil,5,text
Nepal_Polytechnic_Civil_p5_l17,"flush/raked to 12 mm depth, cured including necessary scaffolding completein cement mortar 1:6 with coarse sand, in : Super structures (For all levels)Cum",Nepal_Polytechnic_Civil,5,text
Nepal_Polytechnic_Civil_p5_l19,Total of Brickwork,Nepal_Polytechnic_Civil,5,text
Nepal_Polytechnic_Civil_p5_l20,7.00 Finishing works,Nepal_Polytechnic_Civil,5,text
Nepal_Polytechnic_Civil_p5_l21,7.01Providing 15-18mm thick average cement plaster in two coats to rough,Nepal_Polytechnic_Civil,5,text
Nepal_Polytechnic_Civil_p5_l22,"surface of walls, columns, piers etc., applied, finished smooth and cured,",Nepal_Polytechnic_Civil,5,text
Nepal_Polytechnic_Civil_p5_l23,"complete in cement mortar 1:6 ( 1 cement : 6 fine sand ) , ( for external",Nepal_Polytechnic_Civil,5,text
Nepal_Polytechnic_Civil_p6_l1,7.02Providing 12-15mm thick average cement plaster to smooth surface of,Nepal_Polytechnic_Civil,6,text
Nepal_Polytechnic_Civil_p6_l2,"walls, columns, piers etc., applied, finished smooth and cured, complete,",Nepal_Polytechnic_Civil,6,text
Nepal_Polytechnic_Civil_p6_l3,with mixes : 1:6 with coarse sand. ( for internal surfaces )sqm,Nepal_Polytechnic_Civil,6,text
Nepal_Polytechnic_Civil_p6_l5,"7.03Providing 6 mm thick average cement plaster to ceiling., applied, finished",Nepal_Polytechnic_Civil,6,text
Nepal_Polytechnic_Civil_p6_l6,"smooth and cured, com plete, with mixes : 1:4 with fine sandsqm16000",Nepal_Polytechnic_Civil,6,text
Nepal_Polytechnic_Civil_p6_l7,Total of Finishing Works,Nepal_Polytechnic_Civil,6,text
Nepal_Polytechnic_Civil_p6_l10,"with GI frame work and suspenders as per manufacturers standardspecifications, with 12mm th Gypsum board fixed with jointless ceilingincluding finishing smooth in line & levels as per ceiling detail. (The ratesshould be on the basis of actual surface area and inclusive of necessarycutouts (upto 4 sq ft) for fittings, lights, speakers or AC outlets, but excludingthe cost of",Nepal_Polytechnic_Civil,6,text
Nepal_Polytechnic_Civil_p6_l11,paintin g of ceilin g.)sqm,Nepal_Polytechnic_Civil,6,text
Nepal_Polytechnic_Civil_p6_l14,9.00 Painting works,Nepal_Polytechnic_Civil,6,text
Nepal_Polytechnic_Civil_p6_l15,9.01Painting three or more coat of Oil bound distemper on interior surface,Nepal_Polytechnic_Civil,6,text
Nepal_Polytechnic_Civil_p6_l16,including the base cement primer and smothening of the surface by BIRLA /JK putty complete as per instructions of Architect.sqm,Nepal_Polytechnic_Civil,6,text
Nepal_Polytechnic_Civil_p6_l18,"9.02Painting of walls with textured paint, double spary coat or eq. of approved",Nepal_Polytechnic_Civil,6,text
Nepal_Polytechnic_Civil_p6_l19,shade & colour complete as per manufacturers specs .Finishing walls with,Nepal_Polytechnic_Civil,6,text
Nepal_Polytechnic_Civil_p6_l20,textured exterior paint of required shadeNew work (Two or more coats,Nepal_Polytechnic_Civil,6,text
Nepal_Polytechnic_Civil_p7_l1,9.03Washed stone grit plaster on exterior walls height upto 10 metre above,Nepal_Polytechnic_Civil,7,text
Nepal_Polytechnic_Civil_p7_l2,"ground level, in two layers, under layer 12 mm cement plaster 1:4 (1 cement: 4 coarse sand ), furrowing the under layer with scratching tool,applyingcement slurry on the under layer @ 2 Kg of cement per square metre, toplayer 15 mm cement plaster 1:1/ 2:2 (1 cement: 1/2 coarse sand : 2 stonechipping 10 mm nominal size), in panels with groove all around as perapproved pattern, including scrubbing and washing the top layer withbrushes and water to expose the stone chippings ,complete as perspecification and direction of Engineer-in- charge (payment for provodinggrooves shall be made separately).Sqm",Nepal_Polytechnic_Civil,7,text
Nepal_Polytechnic_Civil_p7_l4,9.04Forming groove of uniform size in the top layer of washed stone grit plaster,Nepal_Polytechnic_Civil,7,text
Nepal_Polytechnic_Civil_p7_l5,"as per approved pattern using wooden battens, nailed to the underlayer,including removal of wooden battens, repair to the edges of panels andfinishing the groove complete as per specifications and direction of the",Nepal_Polytechnic_Civil,7,text
Nepal_Polytechnic_Civil_p7_l8,9.05Extra for washed grit plaster on exterior walls of height more than 10 m from,Nepal_Polytechnic_Civil,7,text
Nepal_Polytechnic_Civil_p7_l11,9.06Extra for washed stone grit plaster on circular work not exceeding 6 m in,Nepal_Polytechnic_Civil,7,text
Nepal_Polytechnic_Civil_p7_l14,"top layer of washed stone grit plastered surface as per approved patternincluding providing and fixing aluminum channels of appropriate size andthickness (not less than 2 mm), nailed to the under layer with rust proofscrews and nails and finishing the groove complete as per specifications anddirection of the En",Nepal_Polytechnic_Civil,7,text
Nepal_Polytechnic_Civil_p8_l4,9.09Providing two coats of Acrylic emulsion paint(external) to walls & ceilings,Nepal_Polytechnic_Civil,8,text
Nepal_Polytechnic_Civil_p8_l5,"applied evenly to give uniform finish including preparation of surfaces usingplastic putty, cement primer coat to give an even shade.Sqm",Nepal_Polytechnic_Civil,8,text
Nepal_Polytechnic_Civil_p8_l7,"9.10Providing three finish coats of synthetic enamel colour paint, applied evenly",Nepal_Polytechnic_Civil,8,text
Nepal_Polytechnic_Civil_p8_l8,"and finished to approved texture, including, preparation of surface usingplastic putty and a coat of primer, complete : Steel surfaces with zinc",Nepal_Polytechnic_Civil,8,text
Nepal_Polytechnic_Civil_p8_l11,Total of Painting Works,Nepal_Polytechnic_Civil,8,text
Nepal_Polytechnic_Civil_p8_l12,10.00 Flooring and Stone Cladding,Nepal_Polytechnic_Civil,8,text
Nepal_Polytechnic_Civil_p8_l15,10.0152 mm thick cement concrete flooring with concrete hardener topping under,Nepal_Polytechnic_Civil,8,text
Nepal_Polytechnic_Civil_p8_l16,"layer 40 mm thick cement concrete 1:2:4 (1 cement : 2 coarse sand : 4graded stone aggregate 20 mm nominal size) and top layer 12 mm thickcement hardener consisting of mix 1:2 (1 cement hardener mix : 2 gradedstone aggregate 6 mm nominal size) by volume, hardening compound mixed@ 2 litre per 50 kg of cement or as per manufacturer’s specifications. Thisincludes cost of cement slurry, but excluding the cost of nosing of steps etc.com",Nepal_Polytechnic_Civil,8,text
Nepal_Polytechnic_Civil_p8_l19,10.02Providing and laying 12/18 mm IPS skirting on walls in cement morter 1:3,Nepal_Polytechnic_Civil,8,text
Nepal_Polytechnic_Civil_p9_l2,"stone slab flooring on kitchen / pantry platforms . Vanity counter facias andsimilar locations of required size and approved shade, colour & texture laidin patterns and profiles on a bed of 12 mm average thick cement mortar 1:3(with coarse sand) to make up a total thickness of 50 mm, including layingslabs in cement slurry, pigmented to match the shade of slabs, grinding,rubbing , epoxy touch ups , polishing , curing and making the full round golaon nosing etc complete at all levels ( Basic rate Rs. 1350/sqm ).Sqm",Nepal_Polytechnic_Civil,9,text
Nepal_Polytechnic_Civil_p9_l4,10.04P/F mirror-polished vitrified tiles 10mm thick (mirror polished) of aproved,Nepal_Polytechnic_Civil,9,text
Nepal_Polytechnic_Civil_p9_l5,"quality and shade for flooring & skirting. The leveling of base floor to beincluded, laid in pattern in desired shade with adhesive 600 x 600",Nepal_Polytechnic_Civil,9,text
Nepal_Polytechnic_Civil_p9_l6,(as/approved sam ple)base rate of tile is Rs 45/sf tSqm,Nepal_Polytechnic_Civil,9,text
Nepal_Polytechnic_Civil_p9_l8,"10.05Providing and laying Kota stone 20 mm thick in flooring,risers of steps ,",Nepal_Polytechnic_Civil,9,text
Nepal_Polytechnic_Civil_p9_l9,"skirting , dado and pillars laid on 12 mm ( average ) thick cement mortar 1 : 3( 1 cement 3 coarse sand ) and jointed with grey cement slurry mixed withpigment to match the shade of slabs , including rubbing , full round nosingand mirror",Nepal_Polytechnic_Civil,9,text
Nepal_Polytechnic_Civil_p9_l12,10.06Providing and laying in position Anti Skid ceramic colour tiles(300x300) in,Nepal_Polytechnic_Civil,9,text
Nepal_Polytechnic_Civil_p9_l13,"flooring , laid in patterns and profiles on a backing of 20 mm thick cementmortar 1:3 with coarse sand and set in cement paste and joints filled withcement,",Nepal_Polytechnic_Civil,9,text
Nepal_Polytechnic_Civil_p9_l14,pigmented to match the shade of tiles Sqm,Nepal_Polytechnic_Civil,9,text
Nepal_Polytechnic_Civil_p9_l16,"10.07Providing and laying in position ceramic colour tiles in , skirting, risers of",Nepal_Polytechnic_Civil,9,text
Nepal_Polytechnic_Civil_p9_l17,"steps and/or dado,walls laid in patterns and profiles on a backing of 20 mmthick cement mortar 1:3 with coarse sand and set in cement paste and jointsfilled with cement, pigmented to match the shade of tiles Sqm",Nepal_Polytechnic_Civil,9,text
Nepal_Polytechnic_Civil_p10_l1,10.08Providing and fixing 18 mm thick FLAMED GRANITE STONE FLOORIING,Nepal_Polytechnic_Civil,10,text
Nepal_Polytechnic_Civil_p10_l2,"as per drawing includding cutting, fixing with 1:3 cement mortar, etccom",Nepal_Polytechnic_Civil,10,text
Nepal_Polytechnic_Civil_p10_l5,"10.0925 mm wooden planking, tongued and grooved in flooring, including fixing",Nepal_Polytechnic_Civil,10,text
Nepal_Polytechnic_Civil_p10_l8,Total Of Flooring,Nepal_Polytechnic_Civil,10,text
Nepal_Polytechnic_Civil_p10_l9,11.00 Doors and windows,Nepal_Polytechnic_Civil,10,text
Nepal_Polytechnic_Civil_p10_l10,"11.01Providing and fixing Aluminium work for doors, windows & ventilators with",Nepal_Polytechnic_Civil,10,text
Nepal_Polytechnic_Civil_p10_l11,"extruded builtup standard tubular and other sections of approved make(INDAL, HINDALCO or JINDAL) confirming to IS 733 and IS 1285, powdercoated to required shade fixed with rawl plug and screws or with fixing clipsor with expansion hold fasteners including necessary filling up the gaps atjunctions at top, bottom, and sides with required silicon sealant, of make GEsilicon,. Aluminium sections shall be smooth staright metered and jointedmechanicaaly wherever required with cleat angle including aluminium snapon beading for 5 mm thick glazing/ panelling of 12 mm thick prelaminatedboards in the bottom panel & glazing,in top panel , stainless steel screws allcomplete as per architectural drawings and the direction of Enginner incharge, . including all hardware & fittings required of 14 gauge or ass",Nepal_Polytechnic_Civil,10,text
Nepal_Polytechnic_Civil_p10_l13,fully glazed windows / ventilators/Partitions/doors Sqm 1250,Nepal_Polytechnic_Civil,10,text
Nepal_Polytechnic_Civil_p11_l1,"11.02Providing and fixing 35 mm thick flush door shutters, conforming to IS:2202",Nepal_Polytechnic_Civil,11,text
Nepal_Polytechnic_Civil_p11_l6,11.03Providing and fixing Hydraulic door closer bottle type M.S. body with,Nepal_Polytechnic_Civil,11,text
Nepal_Polytechnic_Civil_p11_l8,Total of Doors & windows,Nepal_Polytechnic_Civil,11,text
Nepal_Polytechnic_Civil_p11_l9,12.00 Steel works,Nepal_Polytechnic_Civil,11,text
Nepal_Polytechnic_Civil_p11_l10,"12.01P/Fixing Gate,railing,grills made out of MS (square pipes,Plates,round",Nepal_Polytechnic_Civil,11,text
Nepal_Polytechnic_Civil_p11_l11,"pipes,square bars,channels etc.) as per the design and details I/c primer andpainting by synthatic enamel paint as per the instruction of the Architect/siteinchar",Nepal_Polytechnic_Civil,11,text
Nepal_Polytechnic_Civil_p11_l14,"12.02Providing, fabricating and erecting welded TRUSS of structural steel",Nepal_Polytechnic_Civil,11,text
Nepal_Polytechnic_Civil_p11_l15,"sections (Beams, channels, pipes, angles, tees etc) including hardwares i.eNuts, Bolts & washers, applying a primer coat of zinc chromate and three ormore coats of synthatic enamel paint on duly prepared surfaces, complete.MT",Nepal_Polytechnic_Civil,11,text
Nepal_Polytechnic_Civil_p12_l1,"12.03Providing and fixing precoated galvanised iron profile sheets (size, shape",Nepal_Polytechnic_Civil,12,text
Nepal_Polytechnic_Civil_p12_l2,"and pitch of corrugation as approved by Engineer-in-charge) 0.50 mm (+0.05 %) total coated thickness with zinc coating 120 grams per sqm as perIS: 277, in 240 mpa steel grade, 5-7 microns epoxy primer on both side ofthe sheet and polyester top coat 15-18 microns. Sheet should haveprotective guard film of 25 microns minimum to avoid scratches duringtransportation and should be supplied in single length upto 12 metre or asdesired by Engineerin-charge. The sheet shall be fixed using self selftapping screws of size (5.5x 55 mm) with EPDM seal, complete uptodrilling/any pitch in horizontal/ vertical or curved surfaces, excluding the cost ofpurlins, rafters and trusses and including cutting to size and shape whereverre",Nepal_Polytechnic_Civil,12,text
Nepal_Polytechnic_Civil_p12_l5,12.04Providing and fixing precoated galvanised steel sheet roofing accessories,Nepal_Polytechnic_Civil,12,text
Nepal_Polytechnic_Civil_p12_l6,"0.50 mm (+ 0.05 %) total coated thickness, Zinc coating 120 grams per sqmas per IS: 277, in 240 mpa steel grade, 5-7 microns epoxy primer on bothside of the sheet and polyester top coat 15-18 microns using self drilling/self ta",Nepal_Polytechnic_Civil,12,text
Nepal_Polytechnic_Civil_p12_l9,b Flashings/ Aprons.( Upto 600 mm) Meter 270,Nepal_Polytechnic_Civil,12,text
Nepal_Polytechnic_Civil_p12_l13,b Gutter .(600 mm over all girth) Meter 270,Nepal_Polytechnic_Civil,12,text
Nepal_Polytechnic_Civil_p12_l14,Total of Steel works,Nepal_Polytechnic_Civil,12,text
Nepal_Polytechnic_Civil_p13_l1,"13.01Brick Bat Coba Waterproofing treatment to terraces, roof surfaces & such",Nepal_Polytechnic_Civil,13,text
Nepal_Polytechnic_Civil_p13_l2,"other locations as called for, by providing an even base layer of minimum 20mm thick cement mortar 1:4 with coarse sand admixed with acrylic waterproofing compound, brick bats of size ranging from 40mm to 100mm laidwith gaps of 10 to 15mm between them and grouted with cement mortar 1:4with coarse sand admixed with acrylic waterproofing compound laid to slopeof 1:12 or as specified and with a protective coat of 20mm thick cementmortar 1:4 coarse sand admixed with acrylic water proofing compound andfinished neat in squares of 300 X 300 mm. Traetment to vertical faces ofparapets, walls, beams, etc. with 20mm thick cement plaster 1:4 with coarsesand admixed with acrylic waterproofing compound and finished neatly. (onlyhorizontal treated areas shall be measured for payment) The averagethickness shall be 120mm. The minimum thickness at khurra shall be 80mm.Sqm 11000",Nepal_Polytechnic_Civil,13,text
Nepal_Polytechnic_Civil_p13_l4,14.00 Waterproofing works,Nepal_Polytechnic_Civil,13,text
Nepal_Polytechnic_Civil_p14_l2,"proportion of 2 :1 (2 parts of cement & 1 part of Tapecrete), 2nd coat inproportion of 2:1:1.5 (2 parts of white cement :1 part of tape create & 1.5 partsilica sand) & 3rd coat in proportion of 2:1 (2 part cement & 1 part ofTapecrete) to a total thickness of not less than 4mm after preparation ofsurface etc. including a protective layer of 12mm thick cement plaster in 1:4mortar with coarse sand and application of epoxy base putty at junctions andcorners, around pipes and other out lets etc. prior to application of final coatof tapecrete. Allow for necessary curing & drying time for each coat,providing proper bonding keys in the coats where required & necessarycuring.Tapecrete shall be polymer modified cementitious emulsion. The workshall be carried out broadly outlined above and shall carry guarantee againstleakage, seepage, sweating & other defects for 10 (Ten) years.Treatedsurface area shall only be measured for payment : Floors, horizontal andcurved surfacesSqm 11000",Nepal_Polytechnic_Civil,14,text
Nepal_Polytechnic_Civil_p14_l3,"14.02Providing and filling the sunken portion of slab, raft, toilets etc. with cinder",Nepal_Polytechnic_Civil,14,text
Nepal_Polytechnic_Civil_p14_l4,"concrete in 1:3:6 mix (1 cement, 3 fine sand and 6 cinder), complete. Sqm 100.00",Nepal_Polytechnic_Civil,14,text
Nepal_Polytechnic_Civil_p14_l5,Total of Water proofing works,Nepal_Polytechnic_Civil,14,text
Nepal_Polytechnic_Civil_p14_l7,15.01Preparation of subgrade by excavating or filling with available earth to an,Nepal_Polytechnic_Civil,14,text
Nepal_Polytechnic_Civil_p15_l1,"15.02Providing and laying water bound macadam with hard stone aggregate,",Nepal_Polytechnic_Civil,15,text
Nepal_Polytechnic_Civil_p15_l2,"stone screening and blinding material including screening, sorting, spreadingto template and compacting with power road roller of 8 to 10 t capacity etc,complete, of courses : Subbase with stone aggregate 90 to 45 mm includingstone screening 13.2 mm size, complete all as per drawing ands",Nepal_Polytechnic_Civil,15,text
Nepal_Polytechnic_Civil_p15_l6,15.04Providing and laying10mm seal coat of premixed fine aggregate (passing,Nepal_Polytechnic_Civil,15,text
Nepal_Polytechnic_Civil_p15_l7,2.36 mm and retained on 180 micron sieve) with bitumen using 150 kg. ofbitumen of grade 80/100 and 1.20 cum of fine aggregate per 100 sqm ofroad surface including rolling and finishing with road roller of 8-10 tonneca,Nepal_Polytechnic_Civil,15,text
Nepal_Polytechnic_Civil_p15_l9,15.05Providing and laying M-20 grade precast concrete kerb stones including,Nepal_Polytechnic_Civil,15,text
Nepal_Polytechnic_Civil_p15_l10,setting in cement mortar 1:4 with coarse sand and pointing of joints withsame mortars etc. com,Nepal_Polytechnic_Civil,15,text
Nepal_Polytechnic_Civil_p16_l1,15.06Providing and laying of design mix cement concrete in road having a,Nepal_Polytechnic_Civil,16,text
Nepal_Polytechnic_Civil_p16_l2,minimum works test beam flexural strength of 30kg/cm2 at 28 days using notless than 340 kg of cement per cum of finished concrete as per specifieddesign criteria approved by Engineer-in charge mechanically vibrated usingneedle and surface vibrators including steel form work with sturdyM.S.channel section including curing and providing and filling constructionjoints and dummy joints with approved joint filler and primer includingrounding of the edges and filling the grooves 10X25mm deep at top forconstruction joints and 10X50mm deep at top for dummy joints with jointsealing compound including making necessary arrangements for expansion,Nepal_Polytechnic_Civil,16,text
Nepal_Polytechnic_Civil_p16_l6,15.08Providing and laying 60mm thick factory made cement concrete interlocking,Nepal_Polytechnic_Civil,16,text
Nepal_Polytechnic_Civil_p16_l7,"paver block of M-30 grade made by block making machine with strongvibratory compaction and of approved size and design/shape laid in requiredcolour and pattern over and including 50mm thick compacted bed of coursesand,filling the joints with coarse sand etc. all complete as per the directionof En",Nepal_Polytechnic_Civil,16,text
Nepal_Polytechnic_Civil_p16_l11,"16.01Making plinth protection, 50 mm thick, of cement concrete 1:3:6 with coarse",Nepal_Polytechnic_Civil,16,text
Nepal_Polytechnic_Civil_p16_l12,"sand on 75 mm bed of dry brick ballast 40 mm nominal size, well rammedand consolidated and grouted with fine sand including finishing the topsurface smooth. Sqm 1000",Nepal_Polytechnic_Civil,16,text
Nepal_Polytechnic_Civil_p16_l13,"16.02Providing cement concrete Gola of size 75 x 75 mm in 1:2:4 mix, finishing",Nepal_Polytechnic_Civil,16,text
Nepal_Polytechnic_Civil_p16_l14,with cement mortar 1:3 with fine sand including cutting of chase. RM 2000,Nepal_Polytechnic_Civil,16,text
Nepal_Polytechnic_Civil_p17_l2,"cement concrete 1:2:4 over PVC sheet of 1 m x 1m x 400 micron finishedwith 12 mm cement plaster 1:3 with coarse sand and a coat of neat cement,rounding the edges, making and finishing the outlet complete.Nos 200",Nepal_Polytechnic_Civil,17,text
Nepal_Polytechnic_Civil_p17_l3,16.04Providing and fixing MS pipe sleeves 600mm long with suitable puddle,Nepal_Polytechnic_Civil,17,text
Nepal_Polytechnic_Civil_p17_l4,flanges and grouting in cement concrete wall in over head and under groundwater tanks includin,Nepal_Polytechnic_Civil,17,text
Nepal_Polytechnic_Civil_p17_l5,g epoxy paintin g on steel surface.,Nepal_Polytechnic_Civil,17,text
Nepal_Polytechnic_Civil_p17_l15,(a) Concrete cum 5,Nepal_Polytechnic_Civil,17,text
Nepal_Polytechnic_Civil_p17_l16,(b) Brick Work cum 5,Nepal_Polytechnic_Civil,17,text
Nepal_Polytechnic_Civil_p17_l17,( c) Any type of flooring Sqm 100,Nepal_Polytechnic_Civil,17,text
Nepal_Polytechnic_Civil_p18_l6,16.12Providing and fixing PVC/GI sleeves in form work in slabs and beams . PVC,Nepal_Polytechnic_Civil,18,text
Nepal_Polytechnic_Civil_p18_l7,sleeves cut to size are to be tied with GI wires to reinforcement.,Nepal_Polytechnic_Civil,18,text
Nepal_Polytechnic_Civil_p18_l11,16.13Cutting holes in R.C.C beams / slabs with core cutter machine for thickness,Nepal_Polytechnic_Civil,18,text
Nepal_Polytechnic_Civil_p18_l12,of slab u pto 150 mm.,Nepal_Polytechnic_Civil,18,text
Nepal_Polytechnic_Civil_p18_l15,16.14Providing and fixing chicken wire mesh ( Murga jali ) in cement plaster over,Nepal_Polytechnic_Civil,18,text
Nepal_Polytechnic_Civil_p18_l16,joints of R.C.C and brickwork.Sqm 300,Nepal_Polytechnic_Civil,18,text
Nepal_Polytechnic_Civil_p18_l18,sample for windows/Doors inclduing screws and other accessoris forfitment. (NOTE: Starhead screw to be used for fixing grill and Mesh)Sqm 3000,Nepal_Polytechnic_Civil,18,text
Nepal_Polytechnic_Civil_p19_l1,1.00 Total of Eartwork in Excavation,Nepal_Polytechnic_Civil,19,text
Nepal_Polytechnic_Civil_p19_l2,2.00 Total of Plain Cement Concrete,Nepal_Polytechnic_Civil,19,text
Nepal_Polytechnic_Civil_p19_l3,3.00 Total of Reinforced Cement Concrete Works,Nepal_Polytechnic_Civil,19,text
Nepal_Polytechnic_Civil_p19_l4,4.00 Total of Reinforcement works,Nepal_Polytechnic_Civil,19,text
Nepal_Polytechnic_Civil_p19_l5,5.00 Total of Centering And Shuttering works,Nepal_Polytechnic_Civil,19,text
Nepal_Polytechnic_Civil_p19_l6,6.00 Total of Brickwork,Nepal_Polytechnic_Civil,19,text
Nepal_Polytechnic_Civil_p19_l7,7.00 Total of Finishing Works,Nepal_Polytechnic_Civil,19,text
Nepal_Polytechnic_Civil_p19_l9,9.00 Total of Painting Works,Nepal_Polytechnic_Civil,19,text
Nepal_Polytechnic_Civil_p19_l10,10.00 Total of Flooring and cladding work,Nepal_Polytechnic_Civil,19,text
Nepal_Polytechnic_Civil_p19_l11,11.00 Total of Doors & windows,Nepal_Polytechnic_Civil,19,text
Nepal_Polytechnic_Civil_p19_l12,12.00 Total of steel works,Nepal_Polytechnic_Civil,19,text
Nepal_Polytechnic_Civil_p19_l14,14.00 Total of Water proofing works,Nepal_Polytechnic_Civil,19,text
Nepal_Polytechnic_Civil_p21_l3,1.0Wiring for light point/ fan point/ exhaust fan point/ call bell point with 1.5,Nepal_Polytechnic_Civil,21,text
Nepal_Polytechnic_Civil_p21_l4,"sq.mm FRLS PVC insulated copper conductor single core cable insurface / recessed medium class PVC conduit, with piano type switch,phenolic laminated sheet, suitable size M.S. box and earthing the pointwith 1.5 sq.mm. FRLS PVC insulated copper conductor single corecable etc as re",Nepal_Polytechnic_Civil,21,text
Nepal_Polytechnic_Civil_p21_l7,2.0Wiring for light/ power plug with 2X4 sq. mm FRLS PVC insulated,Nepal_Polytechnic_Civil,21,text
Nepal_Polytechnic_Civil_p21_l8,copper conductor single core cable in surface/ recessed medium classPVC conduit alongwith 1 No 4 sq. mm FRLS PVC insulated copperconductor sin,Nepal_Polytechnic_Civil,21,text
Nepal_Polytechnic_Civil_p21_l10,3.0Wiring for circuit/ submain wiring alongwith earth wire with the following,Nepal_Polytechnic_Civil,21,text
Nepal_Polytechnic_Civil_p21_l12,surface/ recessed medium class PVC conduit as requiredEXTERNAL ELECTRICAL BOQ-NEPAL POLYTECHNIC,Nepal_Polytechnic_Civil,21,text
Nepal_Polytechnic_Civil_p21_l13,surface/ recessed medium class PVC conduit as required,Nepal_Polytechnic_Civil,21,text
Nepal_Polytechnic_Civil_p21_l17,"annealed copper conductor, unarmored telephone cable in the existingsurface/ recessed steel/ PVC conduit as re",Nepal_Polytechnic_Civil,21,text
Nepal_Polytechnic_Civil_p21_l20,6.0Supplying and fixing of following sizes of medium class PVC conduit,Nepal_Polytechnic_Civil,21,text
Nepal_Polytechnic_Civil_p21_l21,along with accessories in surface/recess including cutting the wall andmaking good the same in case of recessed conduit as required.,Nepal_Polytechnic_Civil,21,text
Nepal_Polytechnic_Civil_p21_l24,surface or in recess with suitable size of phenolic laminated sheet coverin front includin,Nepal_Polytechnic_Civil,21,text
Nepal_Polytechnic_Civil_p21_l25,g paintin g etc as re quired.,Nepal_Polytechnic_Civil,21,text
Nepal_Polytechnic_Civil_p22_l6,"(nominal size) on surface or in recess with suitable size of phenoliclaminated sheet cover in front including providing and fixing 6 pin 5/6 &15/16 amps socket outlet and 15/16 amps piano type switch,connection,",Nepal_Polytechnic_Civil,22,text
Nepal_Polytechnic_Civil_p22_l7,paintin g etc. as re quired.Each 14,Nepal_Polytechnic_Civil,22,text
Nepal_Polytechnic_Civil_p22_l12,"board of steel sheet for 240 volts on surface/ recess complete with loosewire box, terminal connectors for all incoming and outgoing circuits, dulyprewired with suitable size FR PVC insulated copper conductor up to",Nepal_Polytechnic_Civil,22,text
Nepal_Polytechnic_Civil_p22_l14,"detachable gland plate, interconnections, powder painted includingearthing etc. as required. (But without MCB/ RCCB/ Isolator)",Nepal_Polytechnic_Civil,22,text
Nepal_Polytechnic_Civil_p22_l28,"neutral), 240 volts, residual current circuit breaker (RCCB), having asensitivity current upto 300 milliamperes in the existing MCB DBcomplete with connections, testing and commissioning etc. as required.",Nepal_Polytechnic_Civil,22,text
Nepal_Polytechnic_Civil_p23_l1,"made of mild steel, at least 2 mm thick, and vitreous enameled white onboth sides, and with inscription in single red colour on front side asre",Nepal_Polytechnic_Civil,23,text
Nepal_Polytechnic_Civil_p23_l4,"made of mild steel, at least 2 mm thick, and vitreous enameled white onboth sides, and with inscription in single red colour on front side asre",Nepal_Polytechnic_Civil,23,text
Nepal_Polytechnic_Civil_p23_l7,"25.0Earthing with G.I. earth pipe 4.5 metre long, 40 mm dia including",Nepal_Polytechnic_Civil,23,text
Nepal_Polytechnic_Civil_p23_l8,"accessories, and providing masonry enclosure with cover plate havinglocking arrangement and watering pipe etc. with charcoal/ coke and saltas re",Nepal_Polytechnic_Civil,23,text
Nepal_Polytechnic_Civil_p23_l11,"accessories, and providing masonry enclosure with cover plate havinglocking arrangement and watering pipe of 2.7 metre long etc. withcharcoal/ coke and salt as re",Nepal_Polytechnic_Civil,23,text
Nepal_Polytechnic_Civil_p23_l14,"including accessories, and providing masonry enclosure with cover plateSet 6 27.0having locking arrangement and watering pipe o f2.7 metre long etc.",Nepal_Polytechnic_Civil,23,text
Nepal_Polytechnic_Civil_p23_l19,29.0Providing and fixing 25 mm X 5 mm copper strip in 40 mm dia G.I. pipe,Nepal_Polytechnic_Civil,23,text
Nepal_Polytechnic_Civil_p23_l20,"from earth electrode including connection with brass nut, bolt, spring,washer excavation and re-fillin",Nepal_Polytechnic_Civil,23,text
Nepal_Polytechnic_Civil_p23_l22,30.0Providing and fixing 25 mm X 5 mm G.I. strip in 40 mm dia G.I. pipe,Nepal_Polytechnic_Civil,23,text
Nepal_Polytechnic_Civil_p23_l23,"from earth electrode including connection with G.I. nut, bolt, spring,washer excavation and re-fillin",Nepal_Polytechnic_Civil,23,text
Nepal_Polytechnic_Civil_p23_l26,dia G.I. Wire in 15 mm dia G.I. pipe from earth electrode includingconnection with G.I. thimble excavation and re-filling as required.Metre 200,Nepal_Polytechnic_Civil,23,text
Nepal_Polytechnic_Civil_p23_l29,"cable of 1.1 KV grade of following size direct in ground includingexcavation, sand cushioning, protective covering and refilling the trenchetc as re",Nepal_Polytechnic_Civil,23,text
Nepal_Polytechnic_Civil_p24_l4,"XLPE power cable of 1.1 KV grade of following size direct in ground inthe same trench in one tier horizontal formation including excavation,sand cushioning, protective covering and refilling the trench etc asre",Nepal_Polytechnic_Civil,24,text
Nepal_Polytechnic_Civil_p24_l10,cable of 1.1 KV grade of following size in the existing RCC/ HUME/METAL,Nepal_Polytechnic_Civil,24,text
Nepal_Polytechnic_Civil_p24_l11,pipe as re quired.,Nepal_Polytechnic_Civil,24,text
Nepal_Polytechnic_Civil_p24_l28,"XLPE power cable of 11 KV grade of following size direct in ground inthe same trench in one tier horizontal formation including excavation,sand cushioning, protective covering and refilling the trench etc as",Nepal_Polytechnic_Civil,24,text
Nepal_Polytechnic_Civil_p24_l31,cable of 11 KV grade of following size in the existing RCC/ HUME/METAL,Nepal_Polytechnic_Civil,24,text
Nepal_Polytechnic_Civil_p24_l32,pipe as re quired.,Nepal_Polytechnic_Civil,24,text
Nepal_Polytechnic_Civil_p25_l15,40.0supplying and making indoor cable end termination with heat shrinkable,Nepal_Polytechnic_Civil,25,text
Nepal_Polytechnic_Civil_p25_l19,41.0Supplying and making outdoor cable end termination with heat,Nepal_Polytechnic_Civil,25,text
Nepal_Polytechnic_Civil_p25_l24,"43.0Providing, laying and fixing following dia RCC pipe NP2 class (light duty)",Nepal_Polytechnic_Civil,25,text
Nepal_Polytechnic_Civil_p25_l25,"in ground complete with RCC collars, jointing with cement mortar 1:2 (1cement : 2 fine sand) including trenching (75 cm deep) and refilling etcas re",Nepal_Polytechnic_Civil,25,text
Nepal_Polytechnic_Civil_p25_l30,44.0 ELECTRICAL-NON SCHEDULE ITEMS,Nepal_Polytechnic_Civil,25,text
Nepal_Polytechnic_Civil_p25_l32,"All civil foundation of DG sets shall be in the scope of the Civil Contractor. However, DG Set Contractor has to co-ordinate wi th",Nepal_Polytechnic_Civil,25,text
Nepal_Polytechnic_Civil_p26_l1,Layout of fuel and exhaust piping.Layout and constructional details of acoustic treatment.Calculations for ventilation system design.Engine wiring diagram.All equipment and material shall be IS approved.,Nepal_Polytechnic_Civil,26,text
Nepal_Polytechnic_Civil_p26_l5,"Wastage on materials and labour.Loading, transporting, unloading, handling/double handling, hoisting to all levels, setting, fitting and fixing in position, pr otecting,",Nepal_Polytechnic_Civil,26,text
Nepal_Polytechnic_Civil_p26_l14,"RH & at 1000 Mtrs. MSL, 24 V batteries, charger with battery leads,oneday fuel Tank(Capacity as per manufacturer standard),Residentialsilencer and AVM Pads, all accessories as specified in thespecifications, including first fill of lube oil providing common base plate,anti vibration isolators, cable termination adopter box, drip trays,foundation bolts, glands, nuts etc. as required for a completeinstallation.Installation, operation and maintenance instructions for diesel engine, alternator.",Nepal_Polytechnic_Civil,26,text
Nepal_Polytechnic_Civil_p27_l0,DG Sets shall include one day fuel tank (990 liters/as per design) for,Nepal_Polytechnic_Civil,27,text
Nepal_Polytechnic_Civil_p27_l1,"each D.G. set. The day fuel tank shall be fabricated out of 2 mm thickMS sheets and shall include the cost of removable cover with lockingarrangement, the cost of painting, the cost of providing all the requiredappurtenances like inlet & outlet connection, float valves, drainconnection, mechanical oil level indicator and low level/high level alarmsand the cost of support arrangement etc. complete as per specificationand as required. The Alternator overload capacity shall not be less than110% of rated capacity for 1 hour in every continuous running of 12hours. The DG Set shall be mounted on a fabricated rigid common baseframe with anti-vibration mountings to provide at least 98% vibrationisolation. The DG set shall include all accessories, fittings, instrumentsand standard tool kit complete as per specification and as requiredincluding control cabling.",Nepal_Polytechnic_Civil,27,text
Nepal_Polytechnic_Civil_p27_l10,Corrosion inhibitor coolant.Fuel Pump PT T,Nepal_Polytechnic_Civil,27,text
Nepal_Polytechnic_Civil_p27_l12,"Lub Oil Pump.Electric Starter 24 Volts DC.Battery Charging Alternator with Built-in-regulator - 24 Volts, 30 Amps.",Nepal_Polytechnic_Civil,27,text
Nepal_Polytechnic_Civil_p27_l15,"and 75mm thick glass/mineral wool insulation complete with wire meshchicken mesh and 26 gauge aluminium cladding from engine uptosilencer, supporting arrangement complete as required). with dryexhaust manifold.",Nepal_Polytechnic_Civil,27,text
Nepal_Polytechnic_Civil_p27_l17,) Expansion below fabricated out of SS sheet.,Nepal_Polytechnic_Civil,27,text
Nepal_Polytechnic_Civil_p27_l18,ii) Flue pipe of required size from DG set flue outlet upto Silencer.,Nepal_Polytechnic_Civil,27,text
Nepal_Polytechnic_Civil_p28_l3,"Alternator insulation Class ""H"" suitable to withstand tropical conditions.",Nepal_Polytechnic_Civil,28,text
Nepal_Polytechnic_Civil_p28_l7,termination/bus duct insulation as re quired.,Nepal_Polytechnic_Civil,28,text
Nepal_Polytechnic_Civil_p28_l9,Flexible Pipe joints for Silencer.,Nepal_Polytechnic_Civil,28,text
Nepal_Polytechnic_Civil_p28_l16,Coppe r& GI Earthing pits fo rDG Sets shall be part o fElectrical Tende r,Nepal_Polytechnic_Civil,28,text
Nepal_Polytechnic_Civil_p28_l17,package. Contractor shall be coordinated with the Electrical Contractor.,Nepal_Polytechnic_Civil,28,text
Nepal_Polytechnic_Civil_p28_l18,The electrical power cabling/Bus duct from alternator to the panel will,Nepal_Polytechnic_Civil,28,text
Nepal_Polytechnic_Civil_p28_l24,Connecting block with wiring diagram shall be provided in the DG Panel,Nepal_Polytechnic_Civil,28,text
Nepal_Polytechnic_Civil_p28_l30,sheet on existin g structure. Nos. 4,Nepal_Polytechnic_Civil,28,text
Nepal_Polytechnic_Civil_p29_l9,"in correct aligned position,effecting proper connections, testing andcommisioning of Outdoor type package type substation with continuous",Nepal_Polytechnic_Civil,29,text
Nepal_Polytechnic_Civil_p29_l11,changer transformer with 4 mm thick beae and 2 mm thick wall of,Nepal_Polytechnic_Civil,29,text
Nepal_Polytechnic_Civil_p29_l13,"compartment and IP 23 for transformer compartment, with naturallycooled type canopy (Hot Galvanized Steel), required capicity power",Nepal_Polytechnic_Civil,29,text
Nepal_Polytechnic_Civil_p31_l0,"Supply and commissioning of Cubicle type, free floor mounted front",Nepal_Polytechnic_Civil,31,text
Nepal_Polytechnic_Civil_p31_l1,"operated panel with following capacitor units in formation including costof tier formation, interconnections upto panel, connection to earthingsystem complete as specified for following rating capacitor unit suitablefor operation on automatic control and shall form part of automaticcontrol in cubicle form made out of 14 gauge CRCA powder coatedsheet steel complete with 32 x 6 mm aluminium earth tape from end toend of the panel for following capacities of capacitor panel.",Nepal_Polytechnic_Civil,31,text
Nepal_Polytechnic_Civil_p32_l1,"in correct aligned position,effecting proper connections, testing andcommisioning of Outdoor type package type substation with continuous",Nepal_Polytechnic_Civil,32,text
Nepal_Polytechnic_Civil_p32_l3,changer transformer with 4 mm thick beae and 2 mm thick wall of,Nepal_Polytechnic_Civil,32,text
Nepal_Polytechnic_Civil_p32_l5,"compartment and IP 23 for transformer compartment, with naturallycooled type canopy (Hot Galvanized Steel), required capicity powerpack and the following specifications confirming to IS: 2026",Nepal_Polytechnic_Civil,32,text
Nepal_Polytechnic_Civil_p33_l20,"Supply and commissioning of Cubicle type, free floor mounted front",Nepal_Polytechnic_Civil,33,text
Nepal_Polytechnic_Civil_p33_l21,"operated panel with following capacitor units in formation including costof tier formation, interconnections upto panel, connection to earthingsystem complete as specified for following rating capacitor unit suitablefor operation on automatic control and shall form part of automaticcontrol in cubicle form made out of 14 gauge CRCA powder coatedsheet steel complete with 32 x 6 mm aluminium earth tape from end toend of the panel for following capacities of capacitor panel.",Nepal_Polytechnic_Civil,33,text
Nepal_Polytechnic_Civil_p35_l5,All internal control wiring shall be heat resistant type.,Nepal_Polytechnic_Civil,35,text
Nepal_Polytechnic_Civil_p35_l6,All incoming breakers in Main LT panel shall be electrically interlocked.,Nepal_Polytechnic_Civil,35,text
Nepal_Polytechnic_Civil_p35_l8,Bus bar chamber shall be provided at top only. Incoming and outgoing,Nepal_Polytechnic_Civil,35,text
Nepal_Polytechnic_Civil_p35_l15,"commissioning of following MV switchgear panels suitable for 415 V, 3phase, 4 wire, 50 Hz power distribution system. The panel shall beIndoor, free standing, floor/wall mounting, sheet metal clad, cubicle,dead front, dust and vermin proof type compartmentalized designfabricated out of 14 SWG sheet steel, complete with copper bus bars,separate earth bus bar to be provided through out the length of thepanel. The incoming and outgoing feeders shall be accommodated in amodular multitier arrangement and shall be interlocked to avoidparalleling, adequate size cable alley, painting, earthing, numbering,danger plate etc as required as per specifications and drawings.",Nepal_Polytechnic_Civil,35,text
Nepal_Polytechnic_Civil_p38_l21,Motor wound spring closing mechanism Breaker Control Switch.,Nepal_Polytechnic_Civil,38,text
Nepal_Polytechnic_Civil_p39_l8,"access, totally enclosed, free standing, dust and vermin proof Panel withIP65 ingress protection, fabricated from 2 mm thick CRCA sheets, withhinged, gasketted and lockable doors including the cost ofinterconnections, copper crimping lugs, brass glands, bonding to earthand painting, suitable for use at 415 volts, 3 phase 4 wire 50 Hz systemwith 25 MVA rupturing capacity at 415 volts complete as pers",Nepal_Polytechnic_Civil,39,text
Nepal_Polytechnic_Civil_p40_l6,Fully automatic Star Delta starters (for 20 H.P motors) with push,Nepal_Polytechnic_Civil,40,text
Nepal_Polytechnic_Civil_p40_l7,"buttons and on/off indicating lights with MN type relay, contactors,direct type ammeter ( 17-25A for 20 HP), single phase preventors for allmotors, with selector switch and fuses overload relay as required.",Nepal_Polytechnic_Civil,40,text
Nepal_Polytechnic_Civil_p40_l9,Spare N.O. - N.C. contacts for each starter - 3Set.G.I. strip 25 x 3 mm throughout the length of MCC.All internal wiring with colour coding from incoming mains to various,Nepal_Polytechnic_Civil,40,text
Nepal_Polytechnic_Civil_p40_l13,offered must be compatible with the H.P. of the motors offered,Nepal_Polytechnic_Civil,40,text
Nepal_Polytechnic_Civil_p40_l15,HVAC Outdoor panel (ADMIN Block),Nepal_Polytechnic_Civil,40,text
Nepal_Polytechnic_Civil_p40_l17,"access, totally enclosed, free standing, dust and vermin proof Panel withIP65 ingress protection, fabricated from 2 mm thick CRCA sheets, withhinged, gasketted and lockable doors including the cost ofinterconnections, copper crimping lugs, brass glands, bonding to earthand painting, suitable for use at 415 volts, 3 phase 4 wire 50 Hz systemwith 25 MVA rupturing capacity at 415 volts complete as pers",Nepal_Polytechnic_Civil,40,text
Nepal_Polytechnic_Civil_p41_l10,Fully automatic Star Delta starters (for 20 H.P motors) with push,Nepal_Polytechnic_Civil,41,text
Nepal_Polytechnic_Civil_p41_l11,"buttons and on/off indicating lights with MN type relay, contactors,direct type ammeter ( 17-25A for 20 HP), single phase preventors for allmotors, with selector switch and fuses overload relay as required.",Nepal_Polytechnic_Civil,41,text
Nepal_Polytechnic_Civil_p41_l12,Fully automatic Star Delta starters (for 12 H.P motors) with push,Nepal_Polytechnic_Civil,41,text
Nepal_Polytechnic_Civil_p41_l14,"motors, with selector switch and fuses overload relay as required.",Nepal_Polytechnic_Civil,41,text
Nepal_Polytechnic_Civil_p41_l16,20HP - 4 Nos. StarterSpare N.O. - N.C. contacts for each starter - 3Set.G.I. strip 25 x 3 mm throughout the length of MCC.All internal wiring with colour coding from incoming mains to various,Nepal_Polytechnic_Civil,41,text
Nepal_Polytechnic_Civil_p41_l20,offered must be compatible with the H.P. of the motors offered,Nepal_Polytechnic_Civil,41,text
Nepal_Polytechnic_Civil_p41_l21,HVAC Outdoor panel (ADMIN Block ) described as above. Set 1,Nepal_Polytechnic_Civil,41,text
Nepal_Polytechnic_Civil_p42_l18,"IP65 ingress protection, fabricated from 2 mm thick CRCA sheets, withhinged, gasketted and lockable doors including the cost ofinterconnections, copper crimping lugs, brass glands, bonding to earthand painting, suitable for use at 415 volts, 3 phase 4 wire 50 Hz systemwith 25 MVA rupturing capacity at 415 volts complete as pers",Nepal_Polytechnic_Civil,42,text
Nepal_Polytechnic_Civil_p43_l25,Fully automatic Star delta starters (for 15 H.P motors) with push buttons,Nepal_Polytechnic_Civil,43,text
Nepal_Polytechnic_Civil_p43_l26,"and on/off indicating lights with MN type relay, contactors, direct typeammeter ( 17-25A for 15 HP), single phase preventors for all motors,with selector switch and fuses overload relay as required.",Nepal_Polytechnic_Civil,43,text
Nepal_Polytechnic_Civil_p43_l27,Fully automatic Star Delta starters (for 40 H.P motors) with push,Nepal_Polytechnic_Civil,43,text
Nepal_Polytechnic_Civil_p43_l28,"buttons and on/off indicating lights with MN type relay, contactors,direct type ammeter ( 37-50A for 40 HP), single phase preventors for allmotors, with selector switch and fuses overload relay as required.",Nepal_Polytechnic_Civil,43,text
Nepal_Polytechnic_Civil_p44_l1,Spare N.O. - N.C. contacts for each starter - 3Set.G.I. strip 25 x 3 mm throughout the length of MCC.All internal wiring with colour coding from incoming mains to various,Nepal_Polytechnic_Civil,44,text
Nepal_Polytechnic_Civil_p44_l5,offered must be compatible with the H.P. of the motors offered,Nepal_Polytechnic_Civil,44,text
Nepal_Polytechnic_Civil_p44_l10,"access, totally enclosed, free standing, dust and vermin proof Panel withIP65 ingress protection, fabricated from 2 mm thick CRCA sheets, withhinged, gasketted and lockable doors including the cost ofinterconnections, copper crimping lugs, brass glands, bonding to earthand painting, suitable for use at 415 volts, 3 phase 4 wire 50 Hz systemwith 25 MVA ru",Nepal_Polytechnic_Civil,44,text
Nepal_Polytechnic_Civil_p45_l0,Fully automatic Star Delta starters (for 15 H.P motors) with push,Nepal_Polytechnic_Civil,45,text
Nepal_Polytechnic_Civil_p45_l1,"buttons and on/off indicating lights with MN type relay, contactors,direct type ammeter ( 17-25A for 15 HP), single phase preventors for allmotors, with selector switch and fuses overload relay as required.",Nepal_Polytechnic_Civil,45,text
Nepal_Polytechnic_Civil_p45_l6,All internal wiring with colour coding from incoming mains to various,Nepal_Polytechnic_Civil,45,text
Nepal_Polytechnic_Civil_p45_l9,offered must be compatible with the H.P. of the motors offered,Nepal_Polytechnic_Civil,45,text
Nepal_Polytechnic_Civil_p45_l15,"IP65 ingress protection, fabricated from 2 mm thick CRCA sheets, withhinged, gasketted and lockable doors including the cost ofinterconnections, copper crimping lugs, brass glands, bonding to earthand painting, suitable for use at 415 volts, 3 phase 4 wire 50 Hz systemwith 25 MVA rupturing capacity at 415 volts complete as pers",Nepal_Polytechnic_Civil,45,text
Nepal_Polytechnic_Civil_p46_l2,Fully automatic Star Delta starters (for 15 H.P motors) with push,Nepal_Polytechnic_Civil,46,text
Nepal_Polytechnic_Civil_p46_l3,"buttons and on/off indicating lights with MN type relay, contactors,direct type ammeter ( 17-25A for 15 HP), single phase preventors for allmotors, with selector switch and fuses overload relay as required.",Nepal_Polytechnic_Civil,46,text
Nepal_Polytechnic_Civil_p46_l8,All internal wiring with colour coding from incoming mains to various,Nepal_Polytechnic_Civil,46,text
Nepal_Polytechnic_Civil_p46_l11,offered must be compatible with the H.P. of the motors offered,Nepal_Polytechnic_Civil,46,text
Nepal_Polytechnic_Civil_p46_l16,"access, totally enclosed, free standing, dust and vermin proof Panel withIP65 ingress protection, fabricated from 2 mm thick CRCA sheets, withhinged, gasketted and lockable doors including the cost ofinterconnections, copper crimping lugs, brass glands, bonding to earthand painting, suitable for use at 415 volts, 3 phase 4 wire 50 Hz systemwith 25 MVA rupturing capacity at 415 volts complete as pers",Nepal_Polytechnic_Civil,46,text
Nepal_Polytechnic_Civil_p47_l7,"access, totally enclosed, free standing, dust and vermin proof Panel withIP65 ingress protection, fabricated from 2 mm thick CRCA sheets, withhinged, gasketted and lockable doors including the cost ofinterconnections, copper crimping lugs, brass glands, bonding to earthand painting, suitable for use at 415 volts, 3 phase 4 wire 50 Hz systemwith 25 MVA rupturing capacity at 415 volts complete as pers",Nepal_Polytechnic_Civil,47,text
Nepal_Polytechnic_Civil_p47_l20,8 Nos. meter chambers each of having 6mm thick bakelite sheet and,Nepal_Polytechnic_Civil,47,text
Nepal_Polytechnic_Civil_p47_l21,"sealing & locking arrangement, suitable for fixing of 10Amp to 63Ampsingle phase digital electronic KWH meter supplied by developercomplete with internal wiring for the same. (Size of Meter chambersshall be as",Nepal_Polytechnic_Civil,47,text
Nepal_Polytechnic_Civil_p48_l0,Fully automatic Star Delta starters (for 15 H.P motors) with push,Nepal_Polytechnic_Civil,48,text
Nepal_Polytechnic_Civil_p48_l1,"buttons and on/off indicating lights with MN type relay, contactors,direct type ammeter ( 17-25A for 15 HP), single phase preventors for allmotors, with selector switch and fuses overload relay as required.",Nepal_Polytechnic_Civil,48,text
Nepal_Polytechnic_Civil_p48_l6,All internal wiring with colour coding from incoming mains to various,Nepal_Polytechnic_Civil,48,text
Nepal_Polytechnic_Civil_p48_l9,offered must be compatible with the H.P. of the motors offered,Nepal_Polytechnic_Civil,48,text
Nepal_Polytechnic_Civil_p48_l15,"IP65 ingress protection, fabricated from 2 mm thick CRCA sheets, withhinged, gasketted and lockable doors including the cost ofinterconnections, copper crimping lugs, brass glands, bonding to earthand painting, suitable for use at 415 volts, 3 phase 4 wire 50 Hz systemwith 25 MVA rupturing capacity at 415 volts complete as pers",Nepal_Polytechnic_Civil,48,text
Nepal_Polytechnic_Civil_p49_l0,10 Nos. meter chambers each of having 6mm thick bakelite sheet and,Nepal_Polytechnic_Civil,49,text
Nepal_Polytechnic_Civil_p49_l1,"sealing & locking arrangement, suitable for fixing of 10Amp to 63Ampsingle phase digital electronic KWH meter supplied by developercomplete with internal wiring for the same. (Size of Meter chambersshall be as",Nepal_Polytechnic_Civil,49,text
Nepal_Polytechnic_Civil_p49_l9,Fully automatic Star Delta starters (for 15 H.P motors) with push,Nepal_Polytechnic_Civil,49,text
Nepal_Polytechnic_Civil_p49_l10,"buttons and on/off indicating lights with MN type relay, contactors,direct type ammeter ( 17-25A for 15 HP), single phase preventors for allmotors, with selector switch and fuses overload relay as required.",Nepal_Polytechnic_Civil,49,text
Nepal_Polytechnic_Civil_p49_l15,All internal wiring with colou rcoding from incoming mains to various,Nepal_Polytechnic_Civil,49,text
Nepal_Polytechnic_Civil_p49_l18,offered must be compatible with the H.P. of the motors offered,Nepal_Polytechnic_Civil,49,text
Nepal_Polytechnic_Civil_p49_l23,"access, totally enclosed, free standing, dust and vermin proof Panel withIP65 ingress protection, fabricated from 2 mm thick CRCA sheets, withhinged, gasketted and lockable doors including the cost ofinterconnections, copper crimping lugs, brass glands, bonding to earthand painting, suitable for use at 415 volts, 3 phase 4 wire 50 Hz systemwith 25 MVA rupturing capacity at 415 volts complete as pers",Nepal_Polytechnic_Civil,49,text
Nepal_Polytechnic_Civil_p50_l13,Fully automatic Star Delta starters (for 15 H.P motors) with push,Nepal_Polytechnic_Civil,50,text
Nepal_Polytechnic_Civil_p50_l14,"buttons and on/off indicating lights with MN type relay, contactors,direct type ammeter ( 17-25A for 15 HP), single phase preventors for allmotors, with selector switch and fuses overload relay as required.",Nepal_Polytechnic_Civil,50,text
Nepal_Polytechnic_Civil_p50_l18,All internal wiring with colour coding from incoming mains to various,Nepal_Polytechnic_Civil,50,text
Nepal_Polytechnic_Civil_p50_l21,offered must be compatible with the H.P. of the motors offered,Nepal_Polytechnic_Civil,50,text
Nepal_Polytechnic_Civil_p50_l26,"access, totally enclosed, free standing, dust and vermin proof Panel withIP65 ingress protection, fabricated from 2 mm thick CRCA sheets, withhinged, gasketted and lockable doors including the cost ofinterconnections, copper crimping lugs, brass glands, bonding to earthand painting, suitable for use at 415 volts, 3 phase 4 wire 50 Hz systemwith 25 MVA rupturing capacity at 415 volts complete as pers",Nepal_Polytechnic_Civil,50,text
Nepal_Polytechnic_Civil_p51_l14,Fully automatic Star Delta starters (for 15 H.P motors) with push,Nepal_Polytechnic_Civil,51,text
Nepal_Polytechnic_Civil_p51_l15,"buttons and on/off indicating lights with MN type relay, contactors,direct type ammeter ( 17-25A for 15 HP), single phase preventors for allmotors, with selector switch and fuses overload relay as required.",Nepal_Polytechnic_Civil,51,text
Nepal_Polytechnic_Civil_p51_l19,All internal wiring with colour coding from incoming mains to various,Nepal_Polytechnic_Civil,51,text
Nepal_Polytechnic_Civil_p51_l22,offered must be compatible with the H.P. of the motors offered,Nepal_Polytechnic_Civil,51,text
Nepal_Polytechnic_Civil_p51_l24,Plumbing Panel,Nepal_Polytechnic_Civil,51,text
Nepal_Polytechnic_Civil_p52_l11,Fully automatic DOL starters (for 2 H.P. to 7 H.P. motors) with push,Nepal_Polytechnic_Civil,52,text
Nepal_Polytechnic_Civil_p52_l12,"buttons and on/off indicating lights with MN type relay, contactors,direct type ammeter ( 0-40A for 2 to 7 HP), single phase preventors forall motors, with selector switch and fuses overload relay as required.",Nepal_Polytechnic_Civil,52,text
Nepal_Polytechnic_Civil_p52_l14,(Filter feed pump) Starte r (p p ),Nepal_Polytechnic_Civil,52,text
Nepal_Polytechnic_Civil_p52_l15,1.5 HP - 2 Nos.(Sump pump) Starter,Nepal_Polytechnic_Civil,52,text
Nepal_Polytechnic_Civil_p52_l16,3.5 HP -4 Nos.(Domestic water transfer pumps) Starter7 HP -2 Nos. Bore well StarterSpare N.O. - N.C. contacts for each starter - 3Set.G.I. strip 25 x 3 mm throughout the length of MCC.All internal wiring with colour coding from incoming mains to various,Nepal_Polytechnic_Civil,52,text
Nepal_Polytechnic_Civil_p52_l20,offered must be compatible with the H.P. of the motors offered,Nepal_Polytechnic_Civil,52,text
Nepal_Polytechnic_Civil_p53_l10,Fully automatic DOL starters (for 2 H.P motors) with push buttons and,Nepal_Polytechnic_Civil,53,text
Nepal_Polytechnic_Civil_p53_l11,"on/off indicating lights with MN type relay, contactors, direct typeammeter ( 0-10A for 2 HP), single phase preventors for all motors, withselector switch and fuses overload rela",Nepal_Polytechnic_Civil,53,text
Nepal_Polytechnic_Civil_p53_l18,offered must be compatible with the H.P. of the motors offered,Nepal_Polytechnic_Civil,53,text
Nepal_Polytechnic_Civil_p53_l23,"access, totally enclosed, free standing, dust and vermin proof Panel withIP65 ingress protection, fabricated from 2 mm thick CRCA sheets, withhinged, gasketted and lockable doors including the cost ofinterconnections, copper crimping lugs, brass glands, bonding to earthand painting, suitable for use at 415 volts, 3 phase 4 wire 50 Hz systemwith 25 MVA rupturing capacity at 415 volts complete as pers",Nepal_Polytechnic_Civil,53,text
Nepal_Polytechnic_Civil_p54_l19,"Supply, instalation, Testing & commissioning of steel tubular swaged",Nepal_Polytechnic_Civil,54,text
Nepal_Polytechnic_Civil_p54_l20,"poles with bent on top along with reaquired accesseries to accomodatestreet light fitting complete with cast iron base plate, finial taper plug,bolts, nuts, junction box within the pole for incoming and outgoingcables (size up to 2 C x 6 Sqmm) and a 10 amps SP MCB and screws",Nepal_Polytechnic_Civil,54,text
Nepal_Polytechnic_Civil_p54_l22,"cost of inbuilt junction box (weather proof), MCB to fitting with 2.5 sq",Nepal_Polytechnic_Civil,54,text
Nepal_Polytechnic_Civil_p54_l23,mm copper wires (2 Nos. 2.5 Sq.mm copper wire for phase & 1 No. 1.5Sq.mm copper wire for earthing) complete with base plate made fromconcrete civil foundation works . The pole shall be painted with final PUPaint as re,Nepal_Polytechnic_Civil,54,text
Nepal_Polytechnic_Civil_p55_l0,"Supply, instalation, Testing & commissioning of steel tubular swaged",Nepal_Polytechnic_Civil,55,text
Nepal_Polytechnic_Civil_p55_l1,"poles with bent on top along with reaquired accesseries to accomodatestreet light fitting complete with cast iron base plate, finial taper plug,bolts, nuts, junction box within the pole for incoming and outgoingcables (size up to 2 C x 6 Sqmm) and a 10 amps SP MCB and screws",Nepal_Polytechnic_Civil,55,text
Nepal_Polytechnic_Civil_p55_l3,"cost of inbuilt junction box (weather proof), MCB to fitting with 2.5 sq",Nepal_Polytechnic_Civil,55,text
Nepal_Polytechnic_Civil_p55_l4,mm copper wires (2 Nos. 2.5 Sq.mm copper wire for phase & 1 No. 1.5Sq.mm copper wire for earthing) complete with base plate made fromconcrete civil foundation works . The pole shall be painted with final PUPaint as required. Including 4 supporting arms for luminaires with allaccesseries.Nos. 8,Nepal_Polytechnic_Civil,55,text
Nepal_Polytechnic_Civil_p55_l6,"mounting box made of 16 SWG sheet steel, hinged castle key cover ofsuitable size in recess / or on surface including terminal blocks forincoming and outgoing cables (size up to 4 C x 6 Sqmm) and a 6 ampsSP MCB, mounting CI clamps, MS angle support structures etc as perdrawings / specifications) painting the box with two coats of red oxideprimer & 2 coats of Aluminium paint etc complete as required of the boxNos. 56",Nepal_Polytechnic_Civil,55,text
Nepal_Polytechnic_Civil_p55_l9,area lighting fixture with lamps on pole including making properconnections and providing cement concrete pedestal/fixing MS angleframe work hard ware etc as,Nepal_Polytechnic_Civil,55,text
Nepal_Polytechnic_Civil_p55_l12,"aluminium spigot & spun aluminium canopy duly pre-treated andpowder coated , provided with polycarbonate diffusers duly gasketed,integral control gear comprising heavy duty copper ballast, lampholder & 25W CFL lamp, connectors all duly wired , connection & wiringfrom junction box with 3# 2.5 sqmm copper wires, Mounted on existinggate column. Make: WIPRO Cat Ref: FPP21123 or equivalent.Nos. 4",Nepal_Polytechnic_Civil,55,text
Nepal_Polytechnic_Civil_p55_l14,"primary/secondary roads. all duly wired , connection & wiring fromjunction box with 3# 2.5 sqmm copper wires, Mounted on existing 7.5mtr. Pole. Nos. 56",Nepal_Polytechnic_Civil,55,text
Nepal_Polytechnic_Civil_p56_l1,"luminaire with POT optics reflector and heat resistance toughened glasscover. including connection & wiring from junction box with 3# 2.5sqmm copper wires, Mounted on Beam . Mounted on existing 12 mtr.",Nepal_Polytechnic_Civil,56,text
Nepal_Polytechnic_Civil_p56_l3,150W metal halide light IP integral floodlight with symmetric wide beam,Nepal_Polytechnic_Civil,56,text
Nepal_Polytechnic_Civil_p56_l7,"polythylene, individual core screwed, flat steel strip armoured, PVCsheathed cable of 11KV grade (earthed) comforming to IS: 7098 (Part2),with uptodate ammendment complete as required.",Nepal_Polytechnic_Civil,56,text
Nepal_Polytechnic_Civil_p57_l12,cement concrete foundation 1:3:6 (1 cement : 3 coarse sand : 6 gradedaggregate 40mm nominal size) including excavation and refilling etc. asrequired. The rate shall be inclusive of painting with 2 coats ofaluminium paint (on red oxide). The portion of pole under the groundshall be provided with 2 coats of bituminous paint - 2 Nos.,Nepal_Polytechnic_Civil,57,text
Nepal_Polytechnic_Civil_p57_l13,"Steel sections, channels angles, flats, clamps, GI nuts, bolts andrequired hardware etc of different sizes for cross arms, bracings,supports etc. for pole GOD etc. including anticlimbing barbed wires(conforming to latest IS) having 4 points barbs spaced 75 ±12mm apart.All steel structure shall be given 2 coats of red oxide primer and 2finishing coats of aluminium paint as required as per drawings anddirection of En",Nepal_Polytechnic_Civil,57,text
Nepal_Polytechnic_Civil_p58_l1,"with 20mm dia 1.8 M long stay rod with 450 x 450 x 7.5 mm anchorplate with thimbles, stay clamps, 7/4.00 mm dia GI stay wire, turn buckle(20mm x 600mm) strain insulator bow tightner in cement concrete 1:3:6foundation as excavation and refillin",Nepal_Polytechnic_Civil,58,text
Nepal_Polytechnic_Civil_p58_l4,Note: The excavation and other civil works related to two pole structure,Nepal_Polytechnic_Civil,58,text
Nepal_Polytechnic_Civil_p59_l2,1.0Wiring for light point/ fan point/ exhaust fan point/ call bell point with 1.5 sq.mm FRLS,Nepal_Polytechnic_Civil,59,text
Nepal_Polytechnic_Civil_p59_l4,"class PVC conduit, with modular switch, modular plate, suitable GI box and",Nepal_Polytechnic_Civil,59,text
Nepal_Polytechnic_Civil_p59_l8,2.0Wiring for light/ power plug with 2X4 sq. mm FRLS PVC insulated copper conductor,Nepal_Polytechnic_Civil,59,text
Nepal_Polytechnic_Civil_p59_l9,single core cable in surface/ recessed medium class PVC conduit alongwith 1 No 4sq. mm FRLS PVC insulated copper conductor single core cable for loop earthing as,Nepal_Polytechnic_Civil,59,text
Nepal_Polytechnic_Civil_p59_l11,3.0Wiring for light/ power plug with 4X4 sq. mm FR PVC insulated copper conductor,Nepal_Polytechnic_Civil,59,text
Nepal_Polytechnic_Civil_p59_l12,single core cable in surface/ recessed medium class PVC conduit alongwith 2 Nos 4,Nepal_Polytechnic_Civil,59,text
Nepal_Polytechnic_Civil_p59_l15,4.0Wiring for circuit/ submain wiring alongwith earth wire with the following sizes of FR,Nepal_Polytechnic_Civil,59,text
Nepal_Polytechnic_Civil_p59_l17,class PVC conduit as required. (We have considered 25 mtr. Length from floor,Nepal_Polytechnic_Civil,59,text
Nepal_Polytechnic_Civil_p59_l19,2 X 2.5 sq. mm + 1 X 2.5 sq. mm earth wire (For 6A sockets and circuit wiring)Metre 19857,Nepal_Polytechnic_Civil,59,text
Nepal_Polytechnic_Civil_p59_l26,"conductor, unarmored telephone cable in the existing surface/ recessed steel/ PVC",Nepal_Polytechnic_Civil,59,text
Nepal_Polytechnic_Civil_p59_l27,conduit as required. (We have considered 15 mtr. length for each socket),Nepal_Polytechnic_Civil,59,text
Nepal_Polytechnic_Civil_p59_l28,2 Pair Metre 3625INTERNAL ELECTRICAL BOA-NEPAL POLYTECHNIC,Nepal_Polytechnic_Civil,59,text
Nepal_Polytechnic_Civil_p60_l2,PVC sheath in the existing surface/ recessed steel/ PVC conduit as required .(We,Nepal_Polytechnic_Civil,60,text
Nepal_Polytechnic_Civil_p60_l4,7.0Supplying and fixing of following sizes of medium class PVC conduit along with,Nepal_Polytechnic_Civil,60,text
Nepal_Polytechnic_Civil_p60_l5,accessories in surface/recess including cutting the wall and making good the same incase of recessed conduit as required.,Nepal_Polytechnic_Civil,60,text
Nepal_Polytechnic_Civil_p61_l4,"16.0Installation, testing and commissioning of ceiling fan, including wiring the down rods",Nepal_Polytechnic_Civil,61,text
Nepal_Polytechnic_Civil_p61_l5,"of standard length (upto 30 cm) with 1.5 sq. mm FR PVC insulated, copperconductor, single core cable, including providing and fixing phenolic laminated sheetcover on the fan box etc. as required.Each 827",Nepal_Polytechnic_Civil,61,text
Nepal_Polytechnic_Civil_p61_l12,recessed steel/ PVC conduit as required. (We have considered 15 mtr. length for,Nepal_Polytechnic_Civil,61,text
Nepal_Polytechnic_Civil_p61_l15,20.0Supplying and fixing following way prewired SP&N MCB distribution board of steel,Nepal_Polytechnic_Civil,61,text
Nepal_Polytechnic_Civil_p61_l16,"sheet for 240 volts on surface/ recess complete with loose wire box, terminalconnectors for all incoming and outgoing circuits, duly prewired with suitable size FRPVC insulated copper conductor up to terminal blocks, tinned copper bus bar,neutral link, earth bar, din bar, detachable gland plate, interconnections, powder",Nepal_Polytechnic_Civil,61,text
Nepal_Polytechnic_Civil_p61_l17,painted including earthing etc. as required. (But without MCB/ RCCB/ Isolator). All,Nepal_Polytechnic_Civil,61,text
Nepal_Polytechnic_Civil_p61_l19,"2 + 4 way, Double door Each 12",Nepal_Polytechnic_Civil,61,text
Nepal_Polytechnic_Civil_p61_l20,"2 + 8 way, Double door Each 112 +12 way, Double door Each 55",Nepal_Polytechnic_Civil,61,text
Nepal_Polytechnic_Civil_p61_l21,21.0Supplying and fixing following way prewired TP&N MCB distribution board of steel,Nepal_Polytechnic_Civil,61,text
Nepal_Polytechnic_Civil_p61_l22,"sheet for 415 volts on surface/ recess complete with loose wire box, terminalconnectors for all incoming and outgoing circuits, duly prewired with suitable size FRPVC insulated copper conductor up to terminal blocks, tinned copper bus bar,neutral link, earth bar, din bar, detachable gland plate, interconnections, powder",Nepal_Polytechnic_Civil,61,text
Nepal_Polytechnic_Civil_p61_l23,painted including earthing etc. as required.(But without MCB/ RCCB/ Isolator) All,Nepal_Polytechnic_Civil,61,text
Nepal_Polytechnic_Civil_p61_l25,"4 way (4 + 12), Double door Each 12",Nepal_Polytechnic_Civil,61,text
Nepal_Polytechnic_Civil_p62_l0,"6 way (4 + 18), Double door Each 39",Nepal_Polytechnic_Civil,62,text
Nepal_Polytechnic_Civil_p62_l1,"8 way (4 + 24), Double door Each 10",Nepal_Polytechnic_Civil,62,text
Nepal_Polytechnic_Civil_p62_l2,"12 way (4 + 36), Double door Each",Nepal_Polytechnic_Civil,62,text
Nepal_Polytechnic_Civil_p62_l4,"board of steel sheet for 415 volts on surface/ recess complete with loose wire box ofsheet steel, dust protected, duly powder painted, inclusive of 200 amps tinnedcopper bus bar, common neutral link, earth bar, din bar for mounting MCB's, terminalconnectors for all incoming and outgoing circuits, duly prewired with adequate size ofFR PVC insulated copper conductor upto the terminal connector/ neutral link,earthing etc as required (But without MCB/ RCCB/ Isolator). (Note : Prewired vertical",Nepal_Polytechnic_Civil,62,text
Nepal_Polytechnic_Civil_p62_l7,4 way Double door Each 9,Nepal_Polytechnic_Civil,62,text
Nepal_Polytechnic_Civil_p62_l22,"volts, residual current circuit breaker (RCCB), having a sensitivity current upto 300milliamperes in the existing MCB DB complete with connections, testing and",Nepal_Polytechnic_Civil,62,text
Nepal_Polytechnic_Civil_p63_l1,"pole and earth, metal enclosed plug top alongwith 20 amps ""C"" curve, SP, MCB, insheet steel enclosure, on surface or in recess, with chained metal cover for thesocket out let and complete with connections, testing and commissioning etc. asrequired.Each 21",Nepal_Polytechnic_Civil,63,text
Nepal_Polytechnic_Civil_p63_l3,"pole and earth, metal enclosed plug top alongwith 20 amps ""C"" curve, TPMCB, insheet steel enclosure, on surface or in recess, with chained metal cover for thesocket out let and complete with connections, testing and commissioning etc. asrequired.Each 43",Nepal_Polytechnic_Civil,63,text
Nepal_Polytechnic_Civil_p63_l5,"steel, at least 2 mm thick, and vitreous enameled white on both sides, and withinscription in single red colour on front side as required.Each 21",Nepal_Polytechnic_Civil,63,text
Nepal_Polytechnic_Civil_p63_l7,30.0Supplying and installing following size of perforated pre-painted M.S. cable trays with,Nepal_Polytechnic_Civil,63,text
Nepal_Polytechnic_Civil_p63_l8,"perforation not more than 17.5%, in convenient sections, joined with connectors,suspended from the ceiling with M.S. suspenders including bolts & nuts, painting",Nepal_Polytechnic_Civil,63,text
Nepal_Polytechnic_Civil_p64_l2,along with existing surface/ recessed conduit/ submain wiring/ cable as required.Metre 660,Nepal_Polytechnic_Civil,64,text
Nepal_Polytechnic_Civil_p64_l4,ELECTRICAL-NON SCHEDULE ITEMS,Nepal_Polytechnic_Civil,64,text
Nepal_Polytechnic_Civil_p64_l6,suitable size 1.6 mm thick dust and vermin proof Sheet steel enclosure duly painted,Nepal_Polytechnic_Civil,64,text
Nepal_Polytechnic_Civil_p64_l7,"by synthetic enamel over anti corrosive primer, lockable and hinged cover with",Nepal_Polytechnic_Civil,64,text
Nepal_Polytechnic_Civil_p65_l8,"1x36/40W patti fitting. Make- Wipro, Model- (WDF 9140), Equivalent to Bajaj, Philips.Each 461",Nepal_Polytechnic_Civil,65,text
Nepal_Polytechnic_Civil_p65_l13,"1x18W wall bracket light suitable for CFL Lamps. (Make- Wipro) Equivalent to Bajaj,",Nepal_Polytechnic_Civil,65,text
Nepal_Polytechnic_Civil_p65_l19,70 W Track mounted CDM spot light with multiple beam angles Make -Philips Model,Nepal_Polytechnic_Civil,65,text
Nepal_Polytechnic_Civil_p65_l31,Supplying of Airboll High speed wall Fan complete erected in position with all,Nepal_Polytechnic_Civil,65,text
Nepal_Polytechnic_Civil_p65_l33,Supplying of turbo force air circulator wall Fan (600 MM) complete erected in,Nepal_Polytechnic_Civil,65,text
Nepal_Polytechnic_Civil_p66_l7,Constructing brick masonry manhole with Ist class bricks in cement mortar 1:5 (1,Nepal_Polytechnic_Civil,66,text
Nepal_Polytechnic_Civil_p66_l8,"cement : 5 fine sand) RCC top slab with 1:2:4 mix (1 cement: 2 coarse sand: 4graded stone aggregate 20 mm nominal size) foundation concrete 1:4:8 mix (1cement: 4 coarse sand: 8 graded stone aggregate 40 mm nominal size) inside andoutside plastering 12 mm thick with cement mortar 1:3 (1 cement: 3 coarse sand)finished with a floating coat of neat cement inside and rough plaster on outside andmaking channels in cement concrete 1:2:4 mix (1 cement: 2 coarse sand: 4 gradedstone aggregate 20 mm nominal size) neatly finished including excavation, refilling,and disposal of surplus earth.",Nepal_Polytechnic_Civil,66,text
Nepal_Polytechnic_Civil_p66_l9,Inside size 450 x 450x 600 cms deep including light duty C.I. manhole cover and,Nepal_Polytechnic_Civil,66,text
Nepal_Polytechnic_Civil_p66_l11,HDPE PIPE:,Nepal_Polytechnic_Civil,66,text
Nepal_Polytechnic_Civil_p66_l12,"Providing ,laying and jointing of HDPE pipe for cable laying including testing of joints",Nepal_Polytechnic_Civil,66,text
Nepal_Polytechnic_Civil_p66_l16,"made from 2mm thick pre-galvanized sheets for top, bottom and sides and",Nepal_Polytechnic_Civil,66,text
Nepal_Polytechnic_Civil_p66_l18,shall be suitable to accommodate GI raceways specified below. Necessary civil workto support/ clamp from RCC slab/floor need to be included here too.(Junction Boxprice not included in the item).,Nepal_Polytechnic_Civil,66,text
Nepal_Polytechnic_Civil_p67_l2,"Supplying, instalation, testing & commissioning of floor/ceiling recessed junction",Nepal_Polytechnic_Civil,67,text
Nepal_Polytechnic_Civil_p67_l3,boxes for GI raceway systems fabricated from 3 mm MS sheets finished with pre-,Nepal_Polytechnic_Civil,67,text
Nepal_Polytechnic_Civil_p67_l4,"galvanized sheets, including 2 nos. GI strip at side for earthing, with 1, 2 or 3 nos",Nepal_Polytechnic_Civil,67,text
Nepal_Polytechnic_Civil_p67_l6,gasketted removable cover fixed by counter sunk cadmium plated screws includingthe cost of earth links at all joints to ensure earth continuity and including the cost ofchasing and making good recess in floor etc complete as required and as below. (inceiling / Floor)(Only junction box price included in the item.),Nepal_Polytechnic_Civil,67,text
Nepal_Polytechnic_Civil_p68_l7,47.0 Sound Reinforcement System(for AUDITORIUM),Nepal_Polytechnic_Civil,68,text
Nepal_Polytechnic_Civil_p68_l15,"loudspeaker, 8ohm/300watt full range, wall bracket and pole mount tube included,",Nepal_Polytechnic_Civil,68,text
Nepal_Polytechnic_Civil_p69_l0,Supply installation testing and commissioning Active Wall Plate −HDMI & Computer,Nepal_Polytechnic_Civil,69,text
Nepal_Polytechnic_Civil_p69_l15,Supply & receiving of Wall mount kit for above mentioned,Nepal_Polytechnic_Civil,69,text
Nepal_Polytechnic_Civil_p69_l24,Supply & receiving of WALL SPEAKER Each 12,Nepal_Polytechnic_Civil,69,text
Nepal_Polytechnic_Civil_p70_l20,"adhere directly over the IR sensor window of a television, DVD player, or any other",Nepal_Polytechnic_Civil,70,text
Nepal_Polytechnic_Civil_p72_l9,"Supply, installation, testing and commissioning of Conventional type Horn wall",Nepal_Polytechnic_Civil,72,text
Nepal_Polytechnic_Civil_p72_l15,power coated finish with front lockable Door with M. S. Framed translucent Acrylic,Nepal_Polytechnic_Civil,72,text
Nepal_Polytechnic_Civil_p72_l16,"material, 2 Nos of fans for heat exhaust, Top & Bottom entry knock outs, back sidelockable Door , inbuilt MCB, Power Points, raceways and partitions, one no. slidingTray etc. complete as required to house the PC and other Equipment.Nos. 1",Nepal_Polytechnic_Civil,72,text
Nepal_Polytechnic_Civil_p72_l19,conduit.Mtr. 1224,Nepal_Polytechnic_Civil,72,text
Nepal_Polytechnic_Civil_p73_l4,with UPVC box duly painted in red colour including connections etc. Nos. 2,Nepal_Polytechnic_Civil,73,text
Nepal_Polytechnic_Civil_p73_l9,Cables & Conduits,Nepal_Polytechnic_Civil,73,text
Nepal_Polytechnic_Civil_p73_l11,conduit.Mtr. 840,Nepal_Polytechnic_Civil,73,text
Nepal_Polytechnic_Civil_p73_l22,"Supply installation, Testing & Commissoing of wall mounted speaker 12W wooden",Nepal_Polytechnic_Civil,73,text
Nepal_Polytechnic_Civil_p74_l15,"supply strip for all the devices, door lock and key, openable from front and rear, andrequired devises as per detailed technical specification as required.Nos.",Nepal_Polytechnic_Civil,74,text
Nepal_Polytechnic_Civil_p75_l1,"Copper conductor, 1.1KV Grade along with all materials and wiring with solderedterminals on either ends in existing PVC conduits.Mtr. 800",Nepal_Polytechnic_Civil,75,text
Nepal_Polytechnic_Civil_p75_l17,Supply of Mounting support and U brackets for installation of Lock( FOR Glass door)Nos. 5,Nepal_Polytechnic_Civil,75,text
Nepal_Polytechnic_Civil_p75_l24,conduits with all accessories / on surface RM 240,Nepal_Polytechnic_Civil,75,text
Nepal_Polytechnic_Civil_p76_l4,"resolution IR C/CS Mount camera suitable for outdoor conditions with 540 TVL. 0Lux sensitivity, (F1.2), internal sync, AWB / BLC / AGC with On-Off control, IRvisible range of 40 to 50 mtrs., 9 to 22 mm VArifocal Lens, Equipped with latestIntelligent IR compensation technology, DC12V Operation Suitable for the Outdoorconditions with IP-66 rating.Nos. 2",Nepal_Polytechnic_Civil,76,text
Nepal_Polytechnic_Civil_p76_l6,"and recording capability with full D1 resolution on all the Channels , IE browsersupported, SATA HDD interface, Powerful DVCS to monitor, multi-units of DVR,fitted with 2 TB HDD expandable to 16 TB with out any external storagearrangement, The hard dusc s shall be hot swappable, High profile H.264 videocompression,Multilevel image quality adjustments, 16 line in video correesponding toeach channel, . Full Pentaplex (multi-operational, - Display, Recording, Playback,,Networking, ,Backup), 396 zones motion Detection feature, User-friendly operationsvia front, panel, IR remote, controller or, remote software, Live or recorded videoaccess, via Ethernet or modem, Support USB upgrade, PTZ dome control, Remoteaccess through,TCP/IP, UDP, DHCP, DNS, IP Filter, PPPOE, DDNS, FTP, VGA andHDMI interface supports to interface with the CCTV Monitor.The DVR must supportcomprehensive Video Management Software. The Unit shall be equipped with 2 nos.of RJ-45 inputs and 2 Nos. of USB ports.HD16-DVR-Dand complete asrequired.Nos. 1",Nepal_Polytechnic_Civil,76,text
Nepal_Polytechnic_Civil_p77_l6,conduit.Mtr. 130,Nepal_Polytechnic_Civil,77,text
Nepal_Polytechnic_Civil_p77_l9,"54.0Supply, installation, testing, commissioning of Intel coreI- I-7(letest)Processor withEISA bus and with 3GHz minimum CPU speed, minimum of 8 GB RAM, 512 KBcache, 52X32X52X DVDRW+Blue ray RW Drive & 2TB HDD, optical Mouse, 106keys keyboard, 10/100 Mbps Ethernet card, USB connection & internal modem, withfor 32'' LED HDTV over HDMI Port & Original Vista or Window 8 (Pro.) + M.S. Office(Pro.) loaded, & A4 Color Laser Jet printer. (For fire alarm, Access Control, PA &",Nepal_Polytechnic_Civil,77,text
Nepal_Polytechnic_Civil_p78_l0,"59.0 Supplying, instalation, testing, commissioning of wiring for a 3 Sets on one circuit",Nepal_Polytechnic_Civil,78,text
Nepal_Polytechnic_Civil_p78_l3,Volt grade wires in existing surface/concealed conduit/ raceway as required and,Nepal_Polytechnic_Civil,78,text
Nepal_Polytechnic_Civil_p78_l5,"60.0 Supplying, instalation, testing, commissioning of wiring for a 2 Sets on one circuit",Nepal_Polytechnic_Civil,78,text
Nepal_Polytechnic_Civil_p78_l8,Volt grade wires in existing surface/concealed conduit/ raceway as required and,Nepal_Polytechnic_Civil,78,text
Nepal_Polytechnic_Civil_p80_l1,"or exceed component specifications TIA/EIA-568-C standards for physical &electrical Specifications. LSZH sleeve : halogen - free, Yellow RAL 1018, Colourcode EIA/TIA, Conform to standrads ISO/IEC 11801 ED 2.0, Amendment 2, EN50173-2 and EIA/TIA 568 B2.10 Performance 500MHz. Measurement ofcomponents & links, validated by independent 3P Third Party Testing & ETL, havehighlighted its triple performance. All products are RoHS copliance. All products areUL approved.Mtrs.",Nepal_Polytechnic_Civil,80,text
Nepal_Polytechnic_Civil_p80_l9,12 U (1747.2 mm x 800 mm x 800 mm) Free standing cabinet with Reversable door,Nepal_Polytechnic_Civil,80,text
Nepal_Polytechnic_Civil_p80_l10,"made of Tinted glass, Reversal metal rear door, Ventillation grills on all sides, Cableentry at top and bottom, Reducing cable channels through the usable ht white RAL9002. Approxmate Net wait is 120 KG. CRCA 'D' Grade thickness is 1.2 mm. PowderColour for Cabinet : RAL 9002. Powder Colour for Front Metal Band : RAL 7014 -'Legrand' name in White (screen printed). Glass : 4mm Toughened Tinted GlassDoor. Cooling Fan (230V A/C 90 CFM) : 4. Cable Manager Metal : 3. CableChannel 100mm wide 36U : 2. Mounting Hardware (20 sets of M6screws,washer,cage nuts (nickel coated)) : 3. Door Lock : 1. Front Metal Band : 1.Packing : 5 ply cardboard & Inside 28 ply EP foam. Heavy Duty Stationary Shelf600W x 475D : 1. Castor Wheels (with Brake) : 2. Castor Wheels (without Brake) :2.No 1",Nepal_Polytechnic_Civil,80,text
Nepal_Polytechnic_Civil_p82_l2,"I FIRE PUMPS, ACCESSORIES & EXTERNA L",Nepal_Polytechnic_Civil,82,text
Nepal_Polytechnic_Civil_p82_l4,1Diesel Engine Driven Fire Pumping set suitable for automatic operation consisting of the,Nepal_Polytechnic_Civil,82,text
Nepal_Polytechnic_Civil_p82_l6,"1.1Horizontally mounted, centrifugal type single stage/multi-stage fire pump having cast iron body, bronze",Nepal_Polytechnic_Civil,82,text
Nepal_Polytechnic_Civil_p82_l7,"impeller, stainless steel shaft & capable of delivering 2280 lpm against a total head of 70 m completewith necessary 'Y' strainer on the suction side and pressure gauge with stop cocks etc, on the deliveryside including bypass arrangement (with 50 mm dia G.M. stop valve and upto 5M G.I. Medium pipes) forperiodical testing of the working of the pumping set as per TAC rules",Nepal_Polytechnic_Civil,82,text
Nepal_Polytechnic_Civil_p82_l9,"pump complete with automatic starting mechanism, batteries, automatic battery charger unit, flexiblecoupling with the pump, fuel tank, silencer, exhaust pipe & all standard accessories as required as perTAC rules including earthling, mandatory spares and tool kit.",Nepal_Polytechnic_Civil,82,text
Nepal_Polytechnic_Civil_p82_l10,1.3Common bed plate for mounting Pump and Engine fabricated of suitable M.S.Channel as per,Nepal_Polytechnic_Civil,82,text
Nepal_Polytechnic_Civil_p82_l12,1.4Suitable Pump foundations as per manufacturer ' s design and required numbers of Dunlop Anti-,Nepal_Polytechnic_Civil,82,text
Nepal_Polytechnic_Civil_p82_l14,2Electrical Motor Driven Fire Pumping set suitable for automatic operation consisting of the,Nepal_Polytechnic_Civil,82,text
Nepal_Polytechnic_Civil_p82_l17,"2.1Horizontally mounted, centrifugal type single /Multi stage fire pump having cast iron body, bronze",Nepal_Polytechnic_Civil,82,text
Nepal_Polytechnic_Civil_p82_l18,"impeller, stainless steel shaft & capable of delivering 2280 LPM against a total head of 70 M completewith necessary 'Y' strainer on the suction side and pressure gauge with GM cocks on the delivery sideincluding bypass arrangement (with 50 mm ball valve and upto 5M G.I. Medium pipes) for periodicaltesting of the working of the pumping set as per TAC rules.",Nepal_Polytechnic_Civil,82,text
Nepal_Polytechnic_Civil_p82_l19,"2.2Squirrel cage induction motor totally enclosed fan cooled type suitable for 415 Volts ± 15%, 3 phase,",Nepal_Polytechnic_Civil,82,text
Nepal_Polytechnic_Civil_p82_l20,50 HZ A.C. supply of suitable for the above pump coupled with flexible coupling including earthlingas per relevant Indian Standard & specifications.,Nepal_Polytechnic_Civil,82,text
Nepal_Polytechnic_Civil_p82_l21,2.3Common bed plate for mounting Pump and Motor fabricated of Motor fabricated of suitable M.S.,Nepal_Polytechnic_Civil,82,text
Nepal_Polytechnic_Civil_p82_l23,2.4Suitable Pump-Foundations as per manufacturer's design and 4 nos. Dunlop (cushy foot) heavy duty,Nepal_Polytechnic_Civil,82,text
Nepal_Polytechnic_Civil_p82_l25,3Electrical Motor Driven Automatic pressurisation (Jockey) pumping set consisting of the following as per,Nepal_Polytechnic_Civil,82,text
Nepal_Polytechnic_Civil_p82_l26,"specifications. Horizontally mounted centrifugal type single/multi-stage fire pump for building pressureloss due to any leakage in the system and capable to deliver approx 180 LPM against a total head of 70M having cast iron body, bronze impeller, stainless steel shaft and complete with Pressure Gauge withG.M. stop valve etc. on the delivery side including bypass arrangement (with 25 mm dia. G.M. StopValve and upto 5 M.G.I. medium pipe) for periodical testing of the working of the pumping set. BOQ FOR EXTERNAL & FIRE PLANT ROOM FIREFIGHTING WORKS",Nepal_Polytechnic_Civil,82,text
Nepal_Polytechnic_Civil_p83_l0,3.1Squirrel cage induction motor totally enclosed fan cooled type suitable for 415 Volts ± 15% 3 phase. 50,Nepal_Polytechnic_Civil,83,text
Nepal_Polytechnic_Civil_p83_l1,hz A.C. supply of suitable for the above pump with synchronous speed of 1500/3000 RPM confirmingto IS: 325 & duly coupled with above pump coupled with flexible coupling including earthling as perrelevant Indian Standard and specifications.,Nepal_Polytechnic_Civil,83,text
Nepal_Polytechnic_Civil_p83_l2,3.2Common bed plate for mounting pump and motor fabricated of suitable M.S. channel as per,Nepal_Polytechnic_Civil,83,text
Nepal_Polytechnic_Civil_p83_l4,3.3Pump foundations as per manufacturer ' s design and required numbers of Dunlop Anti-vibration (cushy,Nepal_Polytechnic_Civil,83,text
Nepal_Polytechnic_Civil_p83_l7,"Hydrant pump, jockey pump and Diesel Engine Driven pump including necessary wiring and cut offvalve up to central panel & other material as described in specifications.(As per requirement).No. 3.00",Nepal_Polytechnic_Civil,83,text
Nepal_Polytechnic_Civil_p83_l9,"air release valve (minimum 450 mm dia & 2000 mm height) with all fittings including one no. pressuregauge on the delivery side, 80 mm dia flanged inlet and 50 mm dia drain line with 50 mm dia G.M. gatevalve. No. 1.00",Nepal_Polytechnic_Civil,83,text
Nepal_Polytechnic_Civil_p83_l11,bottom demarcation on tube for making the installation of level indication on the RCC water tankcomplete.Nos. 1,Nepal_Polytechnic_Civil,83,text
Nepal_Polytechnic_Civil_p83_l12,"7Providing, fixing, testing and commissioning of heavy class MS pipe as per IS : 1239 marked with all",Nepal_Polytechnic_Civil,83,text
Nepal_Polytechnic_Civil_p83_l13,"necessary fittings like tees, elbows, flanges, reducers, gaskets, nuts and bolts etc. welded or screwedjoints as required including fixing the pipe with necessary MS structural supports & clampingarrangement including painting of one primary coat of Zinc chromate with two coat of compatiblesynthetic paint give an even look (fire red, shade No. 536 as per IS:5) including all civil breakages andmaking good the same .GI pipe sleeves of suitable size shall be provided wherever the pipes arecrossing the walls / floors / ceiling, the sleeves/ cutouts with fire sealent (equivalent to fire wall rating)compound at either end including cutting & making good the walls, floors, RCC work etc cutting chases& filling the same with cement concrete 1:3:6 (1 cement :3 coarse sand :6 graded stone aggregate 20mm nominal size)",Nepal_Polytechnic_Civil,83,text
Nepal_Polytechnic_Civil_p83_l18,"8Providing, fixing, testing & commissioning of heavy class MS pipe, IS : 3589 marked with all necessary",Nepal_Polytechnic_Civil,83,text
Nepal_Polytechnic_Civil_p83_l19,"fittings like tees, elbows, flanges, blind flanges, reducers, gaskets, nuts, bolts & washers etc. welded orscrewed joints as required including fixing the pipe with necessary MS structural supports (fordelivery/suction manifold relating to the pumps) including painting of one primary coat of Zinc chromatewith two coat of compatible synthetic paint give an even look (fire red, shade No. 536 as per IS:5)including all civil breakages and making good the same [ Location : Plant room].",Nepal_Polytechnic_Civil,83,text
Nepal_Polytechnic_Civil_p84_l1,water tanks.,Nepal_Polytechnic_Civil,84,text
Nepal_Polytechnic_Civil_p84_l14,"12Providing, fixing, testing & commissioning of 100 mm dia Burden type, Stainless Steel dial type pressure",Nepal_Polytechnic_Civil,84,text
Nepal_Polytechnic_Civil_p84_l15,gauge (in Pump Room) including brass isolation valve and pipe having caliberation of 0-16 Kg/cm2. Nos. 3,Nepal_Polytechnic_Civil,84,text
Nepal_Polytechnic_Civil_p84_l23,"14Providing and fixing exhaust, Diesel engine driven pump exhaust M. S. pipe class 'C' 150 mm dia",Nepal_Polytechnic_Civil,84,text
Nepal_Polytechnic_Civil_p84_l24,"including fitting like flanges, bends, reducers, etc. 50 mm thick fibre wool insulation aluminium cladding,21 gauge, necessary excavation, fixing of silencer connections at engine exhaust, necessary supports,back filling, cutting and making good, bird proof and weather proof flap complete in all respect asdirected.RM 30",Nepal_Polytechnic_Civil,84,text
Nepal_Polytechnic_Civil_p84_l26,dia flangfed outlet with built in check valcve for fire brigade connection to fire tank and fire risers (IS:904-1965) including 16 guage thick M.S. sheet enclosure stocve enameled with 8 mm thick glass,Nepal_Polytechnic_Civil,84,text
Nepal_Polytechnic_Civil_p84_l29,16 Providing and fixing M.S. pipes to I.S.1239(C class)/I.S:3589 with two or more coats of synthetic,Nepal_Polytechnic_Civil,84,text
Nepal_Polytechnic_Civil_p84_l30,"enamel paint of approved quality and shade over a coat of approved priming including all fittings likeanchor fastners, couplings, bends, elbows, tees, flanges and epoxy coated structural supports whererequired etc. welded or screwed joints as required, cutting holes and chases in brick or RCC walls andmaking good complete. (for external pipe )",Nepal_Polytechnic_Civil,84,text
Nepal_Polytechnic_Civil_p86_l3,1Providing and fixing black steel pipes to IS:1239 (Heavy class) including all,Nepal_Polytechnic_Civil,86,text
Nepal_Polytechnic_Civil_p86_l4,"fittings like anchor fasteners, brick masonry supports, couplings, bends, elbows,tees and flanges etc. welded or screwed joints as required, cutting holes andchases in brick or RCC walls and making good complete.",Nepal_Polytechnic_Civil,86,text
Nepal_Polytechnic_Civil_p86_l10,2Providing and fixing first aid fire hose reel wall mounting swinging type fitted with,Nepal_Polytechnic_Civil,86,text
Nepal_Polytechnic_Civil_p86_l14,4Providing and fixing standard short size gunmetal branch pipe with gunmetal,Nepal_Polytechnic_Civil,86,text
Nepal_Polytechnic_Civil_p86_l19,25 mm dia Ball valve and all fitting etc. as per the requirement.Each 11,Nepal_Polytechnic_Civil,86,text
Nepal_Polytechnic_Civil_p87_l0,8Providing and fixing fire hose cabinet fabricated from 16 gauge M.S. Sheet with,Nepal_Polytechnic_Civil,87,text
Nepal_Polytechnic_Civil_p87_l1,"single or double glazed front door (with 4 mm thick glass) and lockingarrangement, painted fire red with stove enamelled paint ""FIRE HOSE"" written onfront including necessary supports approximate size.",Nepal_Polytechnic_Civil,87,text
Nepal_Polytechnic_Civil_p87_l3,9Painting M.S. pipes and fittings two or more coats of synthetic enamel paint of,Nepal_Polytechnic_Civil,87,text
Nepal_Polytechnic_Civil_p87_l21,13Providing and fixing dial type pressure gauge with isolation cock and pipe at,Nepal_Polytechnic_Civil,87,text
Nepal_Polytechnic_Civil_p88_l1,"centrifugal pumping set with mechanical seal, C.I. volute and bronze impellerconnected to a TEFC induction motor suitable for 400/44 volts, 3 phase, 50 cyclesA.C. supply with 150 mm dia pressure gauge with gunmetal isolation cock,vibration eliminating pads for fire pump at terrace level including motor controlpanel at terrace level and remote push button for OFF/ON operation in FireControl Room. (Fire pump on terrace)",Nepal_Polytechnic_Civil,88,text
Nepal_Polytechnic_Civil_p88_l5,15Providing and fixing CO2type fire extinguishers with steel cylinder with a,Nepal_Polytechnic_Civil,88,text
Nepal_Polytechnic_Civil_p88_l6,discharge valve and conforming to IS:15683. Extinguishers shall be painted with,Nepal_Polytechnic_Civil,88,text
Nepal_Polytechnic_Civil_p88_l7,rex enamel paint and fixed to wall with brackets capacity 4.5 Kg. Each 32,Nepal_Polytechnic_Civil,88,text
Nepal_Polytechnic_Civil_p88_l8,16Providing and fixing water CO2 gas fire extinguishers with steel cylinder with a,Nepal_Polytechnic_Civil,88,text
Nepal_Polytechnic_Civil_p88_l9,discharge valve and conforming to IS:15683. Extinguishers shall be painted withrex enamel paint and fixed to wall with brackets capacity 9 litre.Each 32,Nepal_Polytechnic_Civil,88,text
Nepal_Polytechnic_Civil_p88_l11,operation and fabricated from 1.6 mm M.S. sheet internally protected withanticorrosive treatment and hydraulically tested to a pressure of 25 Kg/Sqcm.Extinguishers externally painted with red enamel and fixed to wall with bracketscomplete with internal charge and spanner (Conforming to IS:15683 capaicity 5Kg.). Each 32,Nepal_Polytechnic_Civil,88,text
Nepal_Polytechnic_Civil_p89_l2,i) Refrigerant copper pipe shall be nitrile rubber insulated.,Nepal_Polytechnic_Civil,89,text
Nepal_Polytechnic_Civil_p89_l3,ii) Gas filling (one time ) charges to be included in the outdoor part of the BOQ,Nepal_Polytechnic_Civil,89,text
Nepal_Polytechnic_Civil_p89_l7,"VOLUME MODULAR TYPE AIR CONDITIONING SYSTEM with R410A suitable for 415 ±10% , 50 ± 3% Hz. The unit shall consist of indoor units and external condensing unitsincluding y-joints between indoor and outdoor units other accessories as listed below completein all respects as under:",Nepal_Polytechnic_Civil,89,text
Nepal_Polytechnic_Civil_p89_l8,1 Outdoor Condensing Units,Nepal_Polytechnic_Civil,89,text
Nepal_Polytechnic_Civil_p89_l9,"Fully factory assembled, wired and tested Outdoor Condensing Units as per specifications and",Nepal_Polytechnic_Civil,89,text
Nepal_Polytechnic_Civil_p89_l10,as required to make the system complete. Independent outdoor units for each floor.combinationas per specification.,Nepal_Polytechnic_Civil,89,text
Nepal_Polytechnic_Civil_p89_l11,a) 12 HP for Ground Floor Nos. 1,Nepal_Polytechnic_Civil,89,text
Nepal_Polytechnic_Civil_p89_l12,b) 18 HP for Ground Floor Nos. 1,Nepal_Polytechnic_Civil,89,text
Nepal_Polytechnic_Civil_p89_l14,st Floor Nos. 1,Nepal_Polytechnic_Civil,89,text
Nepal_Polytechnic_Civil_p89_l15,d) 24 HP for 1st Floor Nos. 1,Nepal_Polytechnic_Civil,89,text
Nepal_Polytechnic_Civil_p89_l16,e) 14 HP for 2nd Floor Nos. 1,Nepal_Polytechnic_Civil,89,text
Nepal_Polytechnic_Civil_p89_l17,f) 12 HP for 2nd Floor Nos. 1,Nepal_Polytechnic_Civil,89,text
Nepal_Polytechnic_Civil_p89_l19,2 Indoor Units,Nepal_Polytechnic_Civil,89,text
Nepal_Polytechnic_Civil_p89_l20,2.1 Ceiling Mount Ductable Type Unit with Heat Pump,Nepal_Polytechnic_Civil,89,text
Nepal_Polytechnic_Civil_p89_l24,2.2 Ceiling Mounted Cassette Type Unit with Heat Pump,Nepal_Polytechnic_Civil,89,text
Nepal_Polytechnic_Civil_p90_l3,2.3 Hi-Wall Type Unit with Heat Pump,Nepal_Polytechnic_Civil,90,text
Nepal_Polytechnic_Civil_p90_l16,6 COPPER REFRIGERANT PIPE (with insulation),Nepal_Polytechnic_Civil,90,text
Nepal_Polytechnic_Civil_p90_l18,"refrigerant pipe work with (19mm/13 mm thick) closed cell elastomeric nitrile rubber tubularinsulation between each set of indoor & outdoor units as per specifications, and all pipinginside the room shall be properly supported with MS hanger & clamps and all externalpiping with UV coating as per specifications.",Nepal_Polytechnic_Civil,90,text
Nepal_Polytechnic_Civil_p90_l19,a) 34.9 mm O.D. (insulation : 19 mm) Rmt 35,Nepal_Polytechnic_Civil,90,text
Nepal_Polytechnic_Civil_p90_l20,b) 28.6 mm O.D. (insulation : 19 mm) Rmt 80,Nepal_Polytechnic_Civil,90,text
Nepal_Polytechnic_Civil_p90_l21,c) 22.2 mm O.D. (insulation : 19 mm) Rmt 76,Nepal_Polytechnic_Civil,90,text
Nepal_Polytechnic_Civil_p90_l22,d) 19.1 mm O.D. (insulation : 13 mm) Rmt 64,Nepal_Polytechnic_Civil,90,text
Nepal_Polytechnic_Civil_p90_l23,e 15.9 mm O.D. (insulation : 13 mm) Rmt 163,Nepal_Polytechnic_Civil,90,text
Nepal_Polytechnic_Civil_p90_l24,f12.7 mm O.D. (insulation : 13 mm) Rmt 178,Nepal_Polytechnic_Civil,90,text
Nepal_Polytechnic_Civil_p90_l25,g 9.5 mm O.D. (insulation : 13 mm) Rmt 266,Nepal_Polytechnic_Civil,90,text
Nepal_Polytechnic_Civil_p90_l26,h 6.4 mm O.D. (insulation : 13 mm) Rmt 245,Nepal_Polytechnic_Civil,90,text
Nepal_Polytechnic_Civil_p90_l27,7 CONDENSATE DRAIN PIPING,Nepal_Polytechnic_Civil,90,text
Nepal_Polytechnic_Civil_p91_l0,"Supplying, laying, fixing, testing & commissioning of uPVC' pipes complete with all necessary",Nepal_Polytechnic_Civil,91,text
Nepal_Polytechnic_Civil_p91_l1,"fittings such as elbows, tees, reducers etc and supports such as clamps etc. complete as perspecifications.",Nepal_Polytechnic_Civil,91,text
Nepal_Polytechnic_Civil_p91_l2,a) 18 mm dia uPVC pipes Rmt 57,Nepal_Polytechnic_Civil,91,text
Nepal_Polytechnic_Civil_p91_l3,b) 25 mm dia uPVC pipes Rmt 137,Nepal_Polytechnic_Civil,91,text
Nepal_Polytechnic_Civil_p91_l4,c) 32 mm dia uPVC pipes Rmt 155,Nepal_Polytechnic_Civil,91,text
Nepal_Polytechnic_Civil_p91_l5,d) 40 mm dia uPVC pipes Rmt 140,Nepal_Polytechnic_Civil,91,text
Nepal_Polytechnic_Civil_p91_l6,e) 50 mm dia uPVC pipes Rmt 98,Nepal_Polytechnic_Civil,91,text
Nepal_Polytechnic_Civil_p91_l16,10 GSS Sheet Metal Duct (Factory Fabricated ),Nepal_Polytechnic_Civil,91,text
Nepal_Polytechnic_Civil_p91_l18,"fabricated GSS sheet metal rectangular/round ductingcomplete with neoprene rubber gaskets, elbows, splitterdampers, vanes, hangers, supports etc. as per approveddrawings and specifications of following sheet thicknesscomplete as required.",Nepal_Polytechnic_Civil,91,text
Nepal_Polytechnic_Civil_p91_l27,"plenum with 25 mm thick resin bonded glass wool havingdensity of 32 kg/m³, with 25 mm X 25 mm GI section of 1.25 mm thick, at 600 mm centre tocentre covered withReinforced Plastic tissue paper and 0.5 mm thick perforated aluminum sheet fixed to inside Sqm. 55",Nepal_Polytechnic_Civil,91,text
Nepal_Polytechnic_Civil_p92_l0,14 Insulation of Duct,Nepal_Polytechnic_Civil,92,text
Nepal_Polytechnic_Civil_p93_l2,1Providing and fixing G.I. pipes complete with G.I. fittings including trenching and refilling,Nepal_Polytechnic_Civil,93,text
Nepal_Polytechnic_Civil_p93_l11,2Painting G.I. pipes and fittings with two coats of anti-corrosive bitumastic paint of,Nepal_Polytechnic_Civil,93,text
Nepal_Polytechnic_Civil_p93_l20,3Constructing brick masonry chamber 30x30x50cms inside with 1st class brick work in,Nepal_Polytechnic_Civil,93,text
Nepal_Polytechnic_Civil_p93_l21,cement mortar 1:5 (1 cement : 5 fine sand) for stop cock with CI surface box100x100x 75mm (inside) with hinged cover fixed in cement concrete slab 1:2:4 mix (1cement : 2 coarse sand : 4 graded stone aggregate 20mm nominal size)necessaryexcavation foundation concrete 1:5:10 (1 cement : 5 fine sand : 10 graded stoneaggregate 40mm nominal size) and inside plastering with cement mortar 1:3 (1 cement3 coarse sand) 12mm thick finished with a floating coat of neat cement complete as perstandard design.,Nepal_Polytechnic_Civil,93,text
Nepal_Polytechnic_Civil_p93_l22,a) With FPS bricks Each 20,Nepal_Polytechnic_Civil,93,text
Nepal_Polytechnic_Civil_p93_l23,4Providing and laying S&S centrifugally cast (spun) iron pipes (Class LA) conforming to,Nepal_Polytechnic_Civil,93,text
Nepal_Polytechnic_Civil_p93_l25,a) 100 mm dia pipe Metre 30,Nepal_Polytechnic_Civil,93,text
Nepal_Polytechnic_Civil_p93_l26,5Providing lead caulked joints to spun iron or C.I. pipes and specials including testing of,Nepal_Polytechnic_Civil,93,text
Nepal_Polytechnic_Civil_p93_l28,a) 100 mm dia pipe each 4,Nepal_Polytechnic_Civil,93,text
Nepal_Polytechnic_Civil_p93_l30,7Providing and filling sand of grading zone V or coarser grade all-round the G.I. pipes in,Nepal_Polytechnic_Civil,93,text
Nepal_Polytechnic_Civil_p93_l32,a) 20mm dia nominal bore Metre 210BOQ EXTERNAL PLUMBING WORKS,Nepal_Polytechnic_Civil,93,text
Nepal_Polytechnic_Civil_p94_l12,"10Constructing masonry Chamber 60x45x50 cm inside, in brick work in",Nepal_Polytechnic_Civil,94,text
Nepal_Polytechnic_Civil_p94_l13,"cement mortar 1:4 (1 cement : 4 coarse sand) for water meter complete with C.I. doubleflap surface box 400x200x200 mm (inside) with locking arrangement and RCC top slab1:2:4 mix (1 cement : 2 coarse sand : 4 graded stone aggregate 20 mm nominal size) ,i/c necessary excavation, foundation concrete 1:5:10 ( 1 cement : 5 fine sand:10 gradedstone aggregate 40 mm nominal size) and inside plastering with cement mortar 1:3 (1cement : 3 coarse sand) 12 mm thick, finished with a floating coat of neat cementcomplete as per standard design :",Nepal_Polytechnic_Civil,94,text
Nepal_Polytechnic_Civil_p94_l14,10.1 With common burnt clay F.P.S.(non modular) bricks of class designation 7.5 Each 1 6039.95,Nepal_Polytechnic_Civil,94,text
Nepal_Polytechnic_Civil_p94_l23,13Constructing brick masonry chamber 30x30x50cms inside with 1st class brick work in,Nepal_Polytechnic_Civil,94,text
Nepal_Polytechnic_Civil_p94_l24,"cement mortar 1:4 (1 cement : 4 fine sand) for stop cock with C.I. surface box100x100x75mm (inside) with hinged cover fixed in cement concrete slab 1:2:4 mix (1cement : 2 coarse sand : 4 graded stone aggregate 20mm nominal size), i/c necessaryexcavation, foundation concrete 1:5:10 (1 cement : 5 fine sand : 10 graded stoneaggregate 40mm nominal size) and inside plastering with cement mortar 1:3 (1 cement :3 coarse sand) 12mm thick, finished with a floating coat of neat cement complete as perstandard design:",Nepal_Polytechnic_Civil,94,text
Nepal_Polytechnic_Civil_p94_l25,a) With common burnt clay F.P.S. (non modular) bricks of class designation 7.5 Each 35SUB HEAD-II (A)- GARDEN HYDRANT WORK (As per D.S.R - 14),Nepal_Polytechnic_Civil,94,text
Nepal_Polytechnic_Civil_p95_l0,"14Constructing masonry Chamber 90x90x100 cm inside, in brick work in cement mortar",Nepal_Polytechnic_Civil,95,text
Nepal_Polytechnic_Civil_p95_l1,"1:4 (1 cement : 4 coarse sand) for sluice valve,with C.I. surface box 100 mm topdiameter, 160 mm bottom diameter and 180 mm deep (inside) with chained lid and RCCtop slab 1:2:4mix (1 cement : 2 coarse sand : 4 graded stone aggregate 20 mm nominalsize ), i/c necessary excavation, foundation concrete 1:5:10 (1 cement : 5 fine sand : 10graded stone aggregate 40 mm nominalsize ) and inside plastering with cement mortar1:3 (1 cement : 3 coarse sand) 12 mm thick, finished with a floating coat of neat cementcomplete as per standard design :Each 1",Nepal_Polytechnic_Civil,95,text
Nepal_Polytechnic_Civil_p95_l4,15Providing and laying uPVC pressure pipes as per IS:4985 of as specified pressure in,Nepal_Polytechnic_Civil,95,text
Nepal_Polytechnic_Civil_p95_l5,"Kg/Sqcm pressure rating including all fittings, solvent weld joints, testing and necessaryearth work.",Nepal_Polytechnic_Civil,95,text
Nepal_Polytechnic_Civil_p95_l13,"16Excavating trenches of required width for pipes, cables etc. including excavation for",Nepal_Polytechnic_Civil,95,text
Nepal_Polytechnic_Civil_p95_l16,"b) Pipes, cables etc. exceeding 80mm dia but not exceeding 300mm dia. Metre 2215",Nepal_Polytechnic_Civil,95,text
Nepal_Polytechnic_Civil_p95_l17,"17Providing, laying and jointing glazed stoneware pipes class SP-1 with stiff mixture o",Nepal_Polytechnic_Civil,95,text
Nepal_Polytechnic_Civil_p95_l19,cement mortar in the proportion of 1:1 (1 cement : 1 fine sand) including testing of joints,Nepal_Polytechnic_Civil,95,text
Nepal_Polytechnic_Civil_p95_l26,18Providing and laying cement concrete 1:5:10 (1 cement: 5 coarse sand : 10 graded,Nepal_Polytechnic_Civil,95,text
Nepal_Polytechnic_Civil_p95_l27,stone aggregate 40mm nominal size) all round sw pipes including bed concrete as perstandard design,Nepal_Polytechnic_Civil,95,text
Nepal_Polytechnic_Civil_p95_l30,SUBHEAD-III-(A) : SEWERAGE,Nepal_Polytechnic_Civil,95,text
Nepal_Polytechnic_Civil_p96_l1,19Providing and laying cement concrete 1:5:10 (1 cement: 5 coarse sand : 10 graded,Nepal_Polytechnic_Civil,96,text
Nepal_Polytechnic_Civil_p96_l2,stone aggregate 40mm nominal size) all round sw pipes including bed concrete as perstandard design,Nepal_Polytechnic_Civil,96,text
Nepal_Polytechnic_Civil_p96_l4,20Constructing brick masonry manhole in cement mortar 1:4 (1 cement :4 coarse sand),Nepal_Polytechnic_Civil,96,text
Nepal_Polytechnic_Civil_p96_l5,"RCC top slab with 1:2:4 mix (1 cement :2 coarse sand :4 graded stone aggregate 20mmnominal size), foundation concrete 1:4:8 mix (1 cement :4 coarse sand :8 graded stoneaggregate 40mm nominal size) inside plastering 12mm thick with cement mortar 1:3 (1cement :3 coarse sand) finished with floating coat fo neat cement and making channelsin cement concrete 1:2:4 (1 cement :2 coarse sand :4 graded stone aggregate 20mmnminal size) finished with a floating coat of neat cement complete as per standarddesign.",Nepal_Polytechnic_Civil,96,text
Nepal_Polytechnic_Civil_p96_l8,b)With FPS bricks of class designation 75,Nepal_Polytechnic_Civil,96,text
Nepal_Polytechnic_Civil_p96_l9,(i) For Sewer LineEach 38 -,Nepal_Polytechnic_Civil,96,text
Nepal_Polytechnic_Civil_p96_l12,a)With FPS bricks of class designation 75,Nepal_Polytechnic_Civil,96,text
Nepal_Polytechnic_Civil_p96_l13,(i) For Sewer LineEach 30,Nepal_Polytechnic_Civil,96,text
Nepal_Polytechnic_Civil_p96_l14,22 Extra for depth for manholes:,Nepal_Polytechnic_Civil,96,text
Nepal_Polytechnic_Civil_p96_l15,a) Size 90x80cm with FPS bricks (class I ). Metre 15,Nepal_Polytechnic_Civil,96,text
Nepal_Polytechnic_Civil_p96_l16,b) Size 120x90cm with FPS bricks (class I ). Metre 10,Nepal_Polytechnic_Civil,96,text
Nepal_Polytechnic_Civil_p96_l17,23Constructing brick masonry circular type manhole 0.91 m internal dia at bottom and,Nepal_Polytechnic_Civil,96,text
Nepal_Polytechnic_Civil_p96_l18,"0.56m dia at top in cement mortar 1:4 (1 cement :4 coarse sand), in side cement plaster12 mm thick with cement mortar 1:3 (1 cement : 3 coarse sand) finished with a floatingcoat of neat cement, foundation concrete 1:3:6 mix (1 cement : 3 coarse sand : 6graded stone aggregate 40 mm nominal size), and making necessary channel in cementconcrete 1:2:4 (1 cement : 2 coarse sand : 4 graded stone aggregate 20 mm nominalsize) finished with a floating coat of neat cement, all complete as per standard design :",Nepal_Polytechnic_Civil,96,text
Nepal_Polytechnic_Civil_p96_l20,"560 mm internal diameter conforming to I.S. 12592, total weight of cover and frame tobe not less than 182 kg., fixed in cement concrete 1:2:4 (1 cement : 2 coarse sand : 4graded stone aggregate 20 mm nominal size) including centering, shuttering allcomplete. (Excavation, foot rests and 12mm thick cement plaster at the external surfaceshall be paid for separately) :",Nepal_Polytechnic_Civil,96,text
Nepal_Polytechnic_Civil_p96_l21,b)With common burnt clay F .P .S. (non modular) bricks of,Nepal_Polytechnic_Civil,96,text
Nepal_Polytechnic_Civil_p96_l23,24Extra depth for circular type manhole 0.91m internal dia (at bottom) beyond 0.91 m to,Nepal_Polytechnic_Civil,96,text
Nepal_Polytechnic_Civil_p97_l0,a)With common burnt clay F .P .S. (non modular) bricks of,Nepal_Polytechnic_Civil,97,text
Nepal_Polytechnic_Civil_p97_l2,25Constructing brick masonry circular manhole 1.22 m internal dia at bottom and 0.56 m,Nepal_Polytechnic_Civil,97,text
Nepal_Polytechnic_Civil_p97_l3,"dia at top in cement mortar 1:4 (1 cement :4 coarse sand) inside cement plaster 12 mmthick with cement mortar 1:3 (1 cement : 3 coarse sand) finished with a floating coat ofneat cement foundation concrete 1:3:6 (1 cement : 3 coarse sand : 6 graded stoneaggregate 40 mm nominal size) and making necessary channel in cement concrete1:2:4 (1 cement : 2 coarse sand : 4 graded stone aggregate 20 mm nominal size)finished with a floating coat of neat cement, all complete as per standard design :",Nepal_Polytechnic_Civil,97,text
Nepal_Polytechnic_Civil_p97_l5,"mm internal diameter conforming to I.S. 12592, total weight of cover and frame to be notless than 182 kg. fixed in cement concrete 1:2:4 (1 cement : 2 coarse sand : 4 gradedstone aggregate 20 mm nominal size) including centering, shuttering all complete.(Excavation, foot rests and 12 mm thick cement plaster at the external surface shall bepaid for separately) :",Nepal_Polytechnic_Civil,97,text
Nepal_Polytechnic_Civil_p97_l6,b)With common burnt clay F .P .S. (non modular) bricks o,Nepal_Polytechnic_Civil,97,text
Nepal_Polytechnic_Civil_p97_l9,26Providing M.S. foot rests including fixing in manholes with 20x20x10 cm cement,Nepal_Polytechnic_Civil,97,text
Nepal_Polytechnic_Civil_p97_l10,concrete blocks 1:3:6 (1 cement:3 coarse sand :6graded stone aggregate 20 mmnominal size) as per standard design,Nepal_Polytechnic_Civil,97,text
Nepal_Polytechnic_Civil_p97_l13,27Providing and fixing square mouth SW gully trap grade 'A' complete with CI grating brick,Nepal_Polytechnic_Civil,97,text
Nepal_Polytechnic_Civil_p97_l14,masonry chamber with water tight CI cover with frame of 300x300mm size (inside) theweight of cover to be not less than 4.50 kg and frame to be not less than 2.70 kg as perstandard design.,Nepal_Polytechnic_Civil,97,text
Nepal_Polytechnic_Civil_p97_l15,a) 100x100mm size P type with FPS 1st Class bricks. Each 80,Nepal_Polytechnic_Civil,97,text
Nepal_Polytechnic_Civil_p97_l18,"28Excavating trenches of required width for pipes, cables etc. including excavation for",Nepal_Polytechnic_Civil,97,text
Nepal_Polytechnic_Civil_p97_l21,"a) Pipes, cables etc. exceeding 80mm dia but not exceeding 300mm dia. Metre 2840",Nepal_Polytechnic_Civil,97,text
Nepal_Polytechnic_Civil_p97_l22,"b) Pipes, cables etc. exceeding 300mm dia but not exceeding 600mm dia. Metre 30",Nepal_Polytechnic_Civil,97,text
Nepal_Polytechnic_Civil_p97_l24,2class (light duty) RCC pipes with collars jointed,Nepal_Polytechnic_Civil,97,text
Nepal_Polytechnic_Civil_p97_l25,with stiff mixture of cement mortar in the proportion of 1:2 (1 cement : 2 fine sand),Nepal_Polytechnic_Civil,97,text
Nepal_Polytechnic_Civil_p97_l27,a) 150mm dia RCC pipe Metre 2165,Nepal_Polytechnic_Civil,97,text
Nepal_Polytechnic_Civil_p97_l28,b) 250mm dia RCC pipe Metre 385SUBHEAD-IV-(A) : DRAINAGE,Nepal_Polytechnic_Civil,97,text
Nepal_Polytechnic_Civil_p98_l0,c) 300mm dia RCC pipe Metre 290,Nepal_Polytechnic_Civil,98,text
Nepal_Polytechnic_Civil_p98_l1,d) 450mm dia RCC pipe Metre 30,Nepal_Polytechnic_Civil,98,text
Nepal_Polytechnic_Civil_p98_l2,30Constructing brick masonry manhole in cement mortar 1:4 (1 cement :4 coarse sand),Nepal_Polytechnic_Civil,98,text
Nepal_Polytechnic_Civil_p98_l3,"RCC top slab with 1:2:4 mix (1 cement :2 coarse sand :4 graded stone aggregate 20mmnominal size), foundation concrete 1:4:8 mix (1 cement :4 coarse sand :8 graded stoneaggregate 40mm nominal size) inside plastering 12mm thick with cement mortar 1:3 (1cement :3 coarse sand) finished with floating coat fo neat cement and making channelsin cement concrete 1:2:4 (1 cement :2 coarse sand :4 graded stone aggregate 20mmnminal size) finished with a floating coat of neat cement complete as per standarddesign.",Nepal_Polytechnic_Civil,98,text
Nepal_Polytechnic_Civil_p98_l6,b)With FPS bricks of class designation 75,Nepal_Polytechnic_Civil,98,text
Nepal_Polytechnic_Civil_p98_l7,(i) For Sewer LineEach 20,Nepal_Polytechnic_Civil,98,text
Nepal_Polytechnic_Civil_p98_l10,a)With FPS bricks of class designation 75,Nepal_Polytechnic_Civil,98,text
Nepal_Polytechnic_Civil_p98_l11,(i) For Sewer LineEach 10,Nepal_Polytechnic_Civil,98,text
Nepal_Polytechnic_Civil_p98_l12,32 Extra for depth for manholes:,Nepal_Polytechnic_Civil,98,text
Nepal_Polytechnic_Civil_p98_l13,a) Size 90x80cm with FPS bricks (class I ). Metre 8,Nepal_Polytechnic_Civil,98,text
Nepal_Polytechnic_Civil_p98_l14,33Constructing brick masonry circular type manhole 0.91 m internal dia at bottom and,Nepal_Polytechnic_Civil,98,text
Nepal_Polytechnic_Civil_p98_l15,"0.56m dia at top in cement mortar 1:4 (1 cement :4 coarse sand), in side cement plaster12 mm thick with cement mortar 1:3 (1 cement : 3 coarse sand) finished with a floatingcoat of neat cement, foundation concrete 1:3:6 mix (1 cement : 3 coarse sand : 6graded stone aggregate 40 mm nominal size), and making necessary channel in cementconcrete 1:2:4 (1 cement : 2 coarse sand : 4 graded stone aggregate 20 mm nominalsize) finished with a floating coat of neat cement, all complete as per standard design :",Nepal_Polytechnic_Civil,98,text
Nepal_Polytechnic_Civil_p98_l17,"560 mm internal diameter conforming to I.S. 12592, total weight of cover and frame tobe not less than 182 kg., fixed in cement concrete 1:2:4 (1 cement : 2 coarse sand : 4graded stone aggregate 20 mm nominal size) including centering, shuttering allcomplete. (Excavation, foot rests and 12mm thick cement plaster at the external surfaceshall be paid for separately) :",Nepal_Polytechnic_Civil,98,text
Nepal_Polytechnic_Civil_p98_l18,b)With common burnt clay F .P .S. (non modular) bricks of,Nepal_Polytechnic_Civil,98,text
Nepal_Polytechnic_Civil_p98_l20,34Extra depth for circular type manhole 0.91m internal dia (at bottom) beyond 0.91 m to,Nepal_Polytechnic_Civil,98,text
Nepal_Polytechnic_Civil_p98_l22,a)With common burnt clay F .P .S. (non modular) bricks of,Nepal_Polytechnic_Civil,98,text
Nepal_Polytechnic_Civil_p99_l0,35Constructing brick masonry circular manhole 1.22 m internal dia at bottom and 0.56 m,Nepal_Polytechnic_Civil,99,text
Nepal_Polytechnic_Civil_p99_l1,"dia at top in cement mortar 1:4 (1 cement :4 coarse sand) inside cement plaster 12 mmthick with cement mortar 1:3 (1 cement : 3 coarse sand) finished with a floating coat ofneat cement foundation concrete 1:3:6 (1 cement : 3 coarse sand : 6 graded stoneaggregate 40 mm nominal size) and making necessary channel in cement concrete1:2:4 (1 cement : 2 coarse sand : 4 graded stone aggregate 20 mm nominal size)finished with a floating coat of neat cement, all complete as per standard design :",Nepal_Polytechnic_Civil,99,text
Nepal_Polytechnic_Civil_p99_l3,"mm internal diameter conforming to I.S. 12592, total weight of cover and frame to be notless than 182 kg. fixed in cement concrete 1:2:4 (1 cement : 2 coarse sand : 4 gradedstone aggregate 20 mm nominal size) including centering, shuttering all complete.(Excavation, foot rests and 12 mm thick cement plaster at the external surface shall bepaid for separately) :",Nepal_Polytechnic_Civil,99,text
Nepal_Polytechnic_Civil_p99_l4,b)With common burnt clay F .P .S. (non modular) bricks o,Nepal_Polytechnic_Civil,99,text
Nepal_Polytechnic_Civil_p99_l7,36Providing M.S. foot rests including fixing in manholes with 20x20x10 cm cement,Nepal_Polytechnic_Civil,99,text
Nepal_Polytechnic_Civil_p99_l8,concrete blocks 1:3:6 (1 cement:3 coarse sand :6graded stone aggregate 20 mmnominal size) as per standard design.,Nepal_Polytechnic_Civil,99,text
Nepal_Polytechnic_Civil_p99_l11,37Constructing brick mansonry road gully chamber 50x45x60 cm with bricks of 1st class in,Nepal_Polytechnic_Civil,99,text
Nepal_Polytechnic_Civil_p99_l12,cement mortar 1:5 (1 cement : 5 fine sand) including 500x450mm precast R.C.C.horizontal grating with frame complete as per standard design:,Nepal_Polytechnic_Civil,99,text
Nepal_Polytechnic_Civil_p99_l13,a) With FPS bricks (1st Class) Each 145,Nepal_Polytechnic_Civil,99,text
Nepal_Polytechnic_Civil_p99_l16,38Providing and laying non pressure NP2class (light duty) RCC pipes with collars jointed,Nepal_Polytechnic_Civil,99,text
Nepal_Polytechnic_Civil_p99_l17,with stiff mixture of cement mortar in the proportion of 1:2 (1 cement : 2 fine sand),Nepal_Polytechnic_Civil,99,text
Nepal_Polytechnic_Civil_p99_l19,a) 200mm dia RCC pipe Metre 770,Nepal_Polytechnic_Civil,99,text
Nepal_Polytechnic_Civil_p99_l20,b) 400mm dia RCC pipe Metre 180,Nepal_Polytechnic_Civil,99,text
Nepal_Polytechnic_Civil_p99_l22,39 Rain Water Harvestin gSUBHEAD-IV-(A) : DRAINAGE,Nepal_Polytechnic_Civil,99,text
Nepal_Polytechnic_Civil_p100_l0,39.1Providing all material & constructing brick masonary recharge pit of 4.0m dia x 4.0 m,Nepal_Polytechnic_Civil,100,text
Nepal_Polytechnic_Civil_p100_l1,"depth (Eff. depth) with brick work in cement mortar 1:4 ( 1 cement : 4 coarse sand) with100mm dia weep holes at side walls @ 500 mm vertically & horizontally center to center,200 mm thick RCC top slab in cement concrete (1:2:4 ) along with periferial & two nos.of intermediate RCC beams of size 250 x 450mm R/ F of slab 12 mm tor steel at bottomand 10 mm at topwith a spacing of 125 mm c/c, 4 nos 16 mm tor steel bars at bottom &2 nos. 12 mm tor steel bars at top for beams with 8 mm stirrups @ 150 mm c/c, 2 nos.heavy duty SFRC cover of 560 mm dia,poly propelene coated rungs @ 300 mm c/cembeded in CC ( 1 : 2 : 4 ) blocks of 200 x 200 x 200 mm, 150 mm thick PCC in 1: 4 : 8below footing with 150 mm projection, internal & external plaster in CM 1 : 4, necessaryexcavation, backfilling & disposal of surplus earth upto a lead of 50m complete in allrespect including drilling percolation Bore Hole of 300/250 mm dia upto 50 mgeneratingthe softening plant. The brine tank shall have overflow & drain, outlet fitting completeregeneration assembly comprising of power valve, ejector, brine suction valve andall associated pipe work. A density meter for brine shall be included. consumables and each 13",Nepal_Polytechnic_Civil,100,text
Nepal_Polytechnic_Civil_p100_l4,40.1Providing and constructing brick masonry desilting chamber of size 200x150xupto300,Nepal_Polytechnic_Civil,100,text
Nepal_Polytechnic_Civil_p100_l5,"cms effective depth inside with 75 class designation brick work 345mm/230mm thick incement mortar 1:4 (1cement:4 coarse sand) with weep holes all around , SFRC coverheavy duty 560mm dia and 150 mm thick R.C.C. top slab 1:2:4 mix(1 Cement : 2coarse sand : 4 graded stone aggregate 20mm nominal size) including necessaryexcavation, back filling, disposal of surplus earth as directed, foundation concrete 1:5:10mix (1 cement : 5 fine sand : 10 graded stone aggregate 40mm nominal size) belowmasonry walls with 150mm projection at either side including necessary baffle wallinside(as per std. drawing) , excavation,back filling and disposal of surplus earth upto alead of 200 mtr., poly propelene coated rungs @ 300 mm c/c. each 13",Nepal_Polytechnic_Civil,100,text
Nepal_Polytechnic_Civil_p100_l8,"41Boring/drilling bore well of required dia for casing / strainer pipe, by suitable method",Nepal_Polytechnic_Civil,100,text
Nepal_Polytechnic_Civil_p100_l12,"42Boring/drilling bore well of required dia for casing / strainer pipe, by suitable method",Nepal_Polytechnic_Civil,100,text
Nepal_Polytechnic_Civil_p101_l1,"PVC medium well casing (CM) pipe of required dia, conforming to IS: 12818, includingrequired hire and labour charges, fittings & accessories etc. all complete, for all depths,as per direction of Engineer-in-charge.100 mm nominal size dia Metre 180",Nepal_Polytechnic_Civil,101,text
Nepal_Polytechnic_Civil_p101_l3,"PVC medium well screen (RMS) pipes with ribs conforming to IS: 12818, including hireand labour charges, fittings & accessories etc. all complete, for all depths, as perdirection of Engineer-in-charge.100 mm nominal size dia Metre 180",Nepal_Polytechnic_Civil,101,text
Nepal_Polytechnic_Civil_p101_l7,"maximum rate of usable water yield without sand content (beyond permissible limit), withrequired capacity air compressor, running the compressor for required time till well isfully developed, measuring yield of well by ''V'' notch method or any other approvedmethod, measuring static level & draw down etc. by step draw down method, collectingwater samples & getting tested in approved laboratory, i/c disinfection of tubewell, allcomplete, including hire & labour charges of air compressor, tools & accessories etc., allas per requirement and direction of Engineer-in-Charge.Hour 40",Nepal_Polytechnic_Civil,101,text
Nepal_Polytechnic_Civil_p101_l8,47Providing and fixing suitable size threaded mild steel cap or spot welded plate to the top,Nepal_Polytechnic_Civil,101,text
Nepal_Polytechnic_Civil_p101_l9,"of bore well housing/ casing pipe, removable as per requirement, all complete forborewell of:150 mm dia each 2",Nepal_Polytechnic_Civil,101,text
Nepal_Polytechnic_Civil_p101_l11,"48Supply, installation testing & commissioning of submersible pumping set suitable to",Nepal_Polytechnic_Civil,101,text
Nepal_Polytechnic_Civil_p101_l12,"operate on 410 volts 3 phase 50 HZ A.C. power supply including water proof joint freecable, motor control panel, 50 mm dia, G.I. pipe (medium class) column with fittings,clamps etc. complete in all respect as per details given below : (For Borewell)",Nepal_Polytechnic_Civil,101,text
Nepal_Polytechnic_Civil_p101_l17,"pumps of closed coupled construction with CI body & cast iron (C.I) impeller connectedto a fully submersible water/oil cooled motor suitable to operate with 380-415 volts 3phase 50 cycles AC power supply with class F insulation and built -in temperatureprotection, pump connector unit with rubber diaphram & bend, vertical discharge pipe,guide pipe, stainless steel chain/rope, water -proof power cable and level controllercomplete in all respects for fixed installation. SUBHEAD-VI-(B) : BORE WELL",Nepal_Polytechnic_Civil,101,text
Nepal_Polytechnic_Civil_p101_l18,SUBHEAD-VII-(A) : PUMPS & EQUIOMENT ITEMS,Nepal_Polytechnic_Civil,101,text
Nepal_Polytechnic_Civil_p102_l4,50Providing and fixing horizontical/vertical monobloc centrifugal pumping set with,Nepal_Polytechnic_Civil,102,text
Nepal_Polytechnic_Civil_p102_l5,"mechanical seal cast iron (C.I) volute and bronze impeller connected to a TEFCinduction motor suitable for 400/440 volts, 3 phase, 50 cycles A.C. supply with 150 mmdia pressure gauge with gunmetal isolation cock, vibration eliminating for each pumpincluding necessary structual supports, clamps, bolts, nuts washers and 1:2:4 plaincement concreate (PCC) foundations",Nepal_Polytechnic_Civil,102,text
Nepal_Polytechnic_Civil_p102_l7,"pump ( 1 Set = 2 workin g + 1 standb y) set 1 2,698.00",Nepal_Polytechnic_Civil,102,text
Nepal_Polytechnic_Civil_p102_l11,"50.2 For Domestic Water transfer pump ( 1 Set = 3 workin g + 1 standb y) set 1 3,445.00",Nepal_Polytechnic_Civil,102,text
Nepal_Polytechnic_Civil_p102_l15,"50.3 For Flushin g Water transfer pump ( 1 Set = 1 workin g + 1 standb y) set 1 3,358.00",Nepal_Polytechnic_Civil,102,text
Nepal_Polytechnic_Civil_p102_l19,"50.4 For Irri gation Water transfer pump ( 1 Set = 1 workin g + 1 standb y) set 1 6,147.00",Nepal_Polytechnic_Civil,102,text
Nepal_Polytechnic_Civil_p102_l25,52 MULTIGRADE PRESSURE SAND FILTER:,Nepal_Polytechnic_Civil,102,text
Nepal_Polytechnic_Civil_p102_l29,"pressure filter (MGF) (Dual media filter) fabricated from MS sheet as per IS Code,pressure gauges at inlet & outlet, sample cock, air vent valve with piping, GI face pipingdistribution pipe with diffuser on top, CI butterfly valves and all accessories, with initialcharge of filter media for filter, painting inside with food grade epoxy paint and outsidewith two coat of red oxide primer and two or more coat of synthetic enamel paintcomplete with bypass arrangement including piping and valves (3 Nos.) of required size.",Nepal_Polytechnic_Civil,102,text
Nepal_Polytechnic_Civil_p103_l4,"Filter (ACF) fabricated from M.S. Sheet as per IS Code, pressure gauge at inlet & outlet,sample cock, GI face piping, C.I. Butterfly valve and all accessories, air vent valve withpiping, with initial charge of filter media for activated carbon filter, painting inside withepoxy paint and outside with two coat of synthetic enamel paint complete with bypassarrangement including piping, CI Valves (3 Nos.) of required size.",Nepal_Polytechnic_Civil,103,text
Nepal_Polytechnic_Civil_p103_l14,"fabricated from 6mm thick mild steel plates, as per IS Code, lined internally with 3mm",Nepal_Polytechnic_Civil,103,text
Nepal_Polytechnic_Civil_p103_l15,thick natural rubber (Shore hardness 60O-80 and continuity test with electrical resistance,Nepal_Polytechnic_Civil,103,text
Nepal_Polytechnic_Civil_p103_l16,"testing to be done. The vender shall submitted the certificate of having tested the sameand externally with approved paint over 2 coats of red oxide primer top and botomdished ends of 6 mm thickness with frontal piping (M.S. fabricated flange pipe work linedinternally with rubber similar as for main vessel) and valves back wash fittings and filtermedia etc. Softener shall be suitable for flow rate and specifications given below withregeneration period of 10 hrs and shall include standard fittings like manhole coverpressure gauges. Sampling cock rinse drain bolts, nuts & rubber gasket etc. complete.The softener plant shall include brine tank of M.S. welded construction linedinternally with rubber similar as main vessel and capable of regenerating the softeningplant. The brine tank shall have overflow & drain, outlet fitting complete regenerationassembl",Nepal_Polytechnic_Civil,103,text
Nepal_Polytechnic_Civil_p103_l19,The brine tank shall be provided with salt saturation arrangement (with air agitation),Nepal_Polytechnic_Civil,103,text
Nepal_Polytechnic_Civil_p103_l20,"comprising of GI. Perforated (Min. 1 inch.) pipe grid laid in the bottom of brine tank, oneno. positive discharge air blower of required capacity, valve & NRV on blower and GIpipe interconnection from blower to grid complete.",Nepal_Polytechnic_Civil,103,text
Nepal_Polytechnic_Civil_p104_l1,"system comprising of F.R.P/ chemical grade HDPE solution tank of 200 litres capacityelectronic dosing pump of capacity 0-4 LPH against 4.5 Kg/Sq.cm dosing valves, flexibleteflon tube pipes etc. complete for dosing of chlorine solution into water on line. Set 2 1173",Nepal_Polytechnic_Civil,104,text
Nepal_Polytechnic_Civil_p104_l2,56Providing and fixing mild steel (MS) puddle flanges of required size with 5mm thick mild,Nepal_Polytechnic_Civil,104,text
Nepal_Polytechnic_Civil_p104_l3,steel (MS) plate including necessary welding as per details shown on drawings anddirections of Engineer-in-charge for water tanks.,Nepal_Polytechnic_Civil,104,text
Nepal_Polytechnic_Civil_p104_l4,a) 32mm dia (4mm wall thickness) each 2 119.00,Nepal_Polytechnic_Civil,104,text
Nepal_Polytechnic_Civil_p104_l5,b) 40mm dia (4mm wall thickness) each 2 119.00,Nepal_Polytechnic_Civil,104,text
Nepal_Polytechnic_Civil_p104_l6,c) 50mm dia (4mm wall thickness) each 8 119.00,Nepal_Polytechnic_Civil,104,text
Nepal_Polytechnic_Civil_p104_l7,d) 65mm dia (4mm wall thickness) each 5 136.00,Nepal_Polytechnic_Civil,104,text
Nepal_Polytechnic_Civil_p104_l8,e) 80mm dia (4mm wall thickness) each 5 156.00,Nepal_Polytechnic_Civil,104,text
Nepal_Polytechnic_Civil_p104_l9,f) 100mm dia (4mm wall thickness) each 10 180.00,Nepal_Polytechnic_Civil,104,text
Nepal_Polytechnic_Civil_p104_l10,g) 150mm dia (6mm wall thickness) each 10 229.00,Nepal_Polytechnic_Civil,104,text
Nepal_Polytechnic_Civil_p104_l16,"and controllers, Chlorinated Polyvinyl Chloride (CPVC) probe tube, PP actuating floatand all other equipment required for the performance of the system to the satisfaction ofthe engineer in charge complete including providing and fixing wiring from controljunction box near the Under Ground tank to probes of required length, interconnectionwiring between level controller and the concerned contactor in the starter panel asrequired. Level of all tanks (Under Ground and overhead tank) will be included in thisitem. The level controller will perform the following functions job 2 2,537.00",Nepal_Polytechnic_Civil,104,text
Nepal_Polytechnic_Civil_p104_l17,To switch on the pumps when the level of water in the supply water tank is low and to,Nepal_Polytechnic_Civil,104,text
Nepal_Polytechnic_Civil_p104_l18,cut off the pump when the level in the recieving water tank is high and switch off thepumps when the level of water in the supply water tank is low . To indicate 5 levels of water in all tanks through a control panle with LEDsTo start the pumps in a cyclic order.The system shall be complete to ensure automatic quotation of pump in accordance towater level in respective tanks.,Nepal_Polytechnic_Civil,104,text
Nepal_Polytechnic_Civil_p105_l3,1Providing and fixing black steel pipes to IS:1239 (Heavy class) including all,Nepal_Polytechnic_Civil,105,text
Nepal_Polytechnic_Civil_p105_l4,"fittings like anchor fasteners, brick masonry supports, couplings, bends,elbows, tees and flanges etc. welded or screwed joints as required, cuttingholes and chases in brick or RCC walls and making good complete.",Nepal_Polytechnic_Civil,105,text
Nepal_Polytechnic_Civil_p105_l10,2Providing and fixing first aid fire hose reel wall mounting swinging type fitted,Nepal_Polytechnic_Civil,105,text
Nepal_Polytechnic_Civil_p105_l14,4Providing and fixing standard short size gunmetal branch pipe with gunmetal,Nepal_Polytechnic_Civil,105,text
Nepal_Polytechnic_Civil_p105_l19,including 25 mm dia Ball valve and all fitting etc. as per the requirement.Each 11,Nepal_Polytechnic_Civil,105,text
Nepal_Polytechnic_Civil_p105_l22,8Providing and fixing fire hose cabinet fabricated from 16 gauge M.S. Sheet with,Nepal_Polytechnic_Civil,105,text
Nepal_Polytechnic_Civil_p105_l23,"single or double glazed front door (with 4 mm thick glass) and lockingarrangement, painted fire red with stove enamelled paint ""FIRE HOSE"" writtenon front including necessary supports approximate size.a) 2100x1200x600 mm deep. Each 24",Nepal_Polytechnic_Civil,105,text
Nepal_Polytechnic_Civil_p105_l24,9Painting M.S. pipes and fittings two or more coats of synthetic enamel paint,Nepal_Polytechnic_Civil,105,text
Nepal_Polytechnic_Civil_p106_l12,13Providing and fixing dial type pressure gauge with isolation cock and pipe at,Nepal_Polytechnic_Civil,106,text
Nepal_Polytechnic_Civil_p106_l15,"centrifugal pumping set with mechanical seal, C.I. volute and bronze impellerconnected to a TEFC induction motor suitable for 400/44 volts, 3 phase, 50cycles A.C. supply with 150 mm dia pressure gauge with gunmetal isolationcock, vibration eliminating pads for fire pump at terrace level including motorcontrol panel at terrace level and remote push button for OFF/ON operation inFire Control Room. (Fire pump on terrace)",Nepal_Polytechnic_Civil,106,text
Nepal_Polytechnic_Civil_p106_l20,15Providing and fixing CO 2type fire extinguishers with steel cylinder with a,Nepal_Polytechnic_Civil,106,text
Nepal_Polytechnic_Civil_p106_l21,discharge valve and conforming to IS:15683. Extinguishers shall be painted,Nepal_Polytechnic_Civil,106,text
Nepal_Polytechnic_Civil_p106_l22,with rex enamel paint and fixed to wall with brackets capacity 4.5 Kg. Each 32,Nepal_Polytechnic_Civil,106,text
Nepal_Polytechnic_Civil_p106_l23,16Providing and fixing water CO2 gas fire extinguishers with steel cylinder with a,Nepal_Polytechnic_Civil,106,text
Nepal_Polytechnic_Civil_p106_l24,discharge valve and conforming to IS:15683. Extinguishers shall be paintedwith rex enamel paint and fixed to wall with brackets capacity 9 litre.Each 32,Nepal_Polytechnic_Civil,106,text
Nepal_Polytechnic_Civil_p107_l1,operation and fabricated from 1.6 mm M.S. sheet internally protected withanticorrosive treatment and hydraulically tested to a pressure of 25 Kg/Sqcm.Extinguishers externally painted with red enamel and fixed to wall withbrackets complete with internal charge and spanner (Conforming to IS:15683capaicity 5 Kg.). Each 32,Nepal_Polytechnic_Civil,107,text
Nepal_Polytechnic_Civil_p108_l14,required by the manufacturer's design.PVC rungs in all tanks & Platform for,Nepal_Polytechnic_Civil,108,text
Nepal_Polytechnic_Civil_p108_l19,Sewage equalization tank/sumpMBBR TanksSettling TankPROJECT : - NEPAL POLYTECHNIC,Nepal_Polytechnic_Civil,108,text
Nepal_Polytechnic_Civil_p109_l3,Treated Water Tank,Nepal_Polytechnic_Civil,109,text
Nepal_Polytechnic_Civil_p109_l4,"Air Blowers, Pumps & equipment",Nepal_Polytechnic_Civil,109,text
Nepal_Polytechnic_Civil_p109_l6,Electrical Panel & CablingFilter Press (Optional Item),Nepal_Polytechnic_Civil,109,text
Nepal_Polytechnic_Civil_p109_l7,"1.1Supply, installation, testing & commissioning of 2 Nos. Stainless Steel",Nepal_Polytechnic_Civil,109,text
Nepal_Polytechnic_Civil_p109_l10,"1.2Supply, installation, testing & commissioning of non clogging type pumps",Nepal_Polytechnic_Civil,109,text
Nepal_Polytechnic_Civil_p109_l11,"capable of handling solids upto 35mm having CI casing/impeller & SS shaftcomplete with mechanical seal & all accessories, motor of requiredcapacity. Delivery header with isolation valve, pressure gauge on deliveryline with isolation cock, controller with wiring to control the level of sumpautomatically. Pumps shall have following duty (All pumps are stationaryt",Nepal_Polytechnic_Civil,109,text
Nepal_Polytechnic_Civil_p109_l13,1.2.1Equalization Transfer Pumps (for Sewage) (1 Set = 2 Nos. pump = 1 W + 1,Nepal_Polytechnic_Civil,109,text
Nepal_Polytechnic_Civil_p109_l15,Flow rate of each pump = 15 m3 / h r,Nepal_Polytechnic_Civil,109,text
Nepal_Polytechnic_Civil_p109_l18,1.2.2Sludge Transfer / Recicualation pumps (1 Set = 2 Nos. pump = 1 W + 1 S),Nepal_Polytechnic_Civil,109,text
Nepal_Polytechnic_Civil_p109_l19,Flow Rate of each pump = 17 m3 / h r,Nepal_Polytechnic_Civil,109,text
Nepal_Polytechnic_Civil_p109_l22,1.3Plant room sump pump with CI body/impeller SS shaft pump (1 Set = 2 Nos.,Nepal_Polytechnic_Civil,109,text
Nepal_Polytechnic_Civil_p109_l23,pump = 1 W + 1 S). Plant Room CI/SS Construction sump pumps ofcentrifugal submersible type suitable for 415 + 10% voltage variation or 230+ 10% volts 50Hz AC supply. The pump shall be suitable for handling 10 to12 mm solids. Make:Wilo/KSB/Kirloska,Nepal_Polytechnic_Civil,109,text
Nepal_Polytechnic_Civil_p109_l25,Flow rate of each pump = 27 m3 / h r,Nepal_Polytechnic_Civil,109,text
Nepal_Polytechnic_Civil_p110_l3,Provision of guide ropes to guide submersible pump from upper level to,Nepal_Polytechnic_Civil,110,text
Nepal_Polytechnic_Civil_p110_l7,1.4.12 Nos. twin type rotary air blowers (1 Set = 2 Nos. pump = 1 W + 1 S),Nepal_Polytechnic_Civil,110,text
Nepal_Polytechnic_Civil_p110_l8,"capable of delivering 300 cum/hr of free air at 0.5 kg/sq.cm driven through“V” belt or directly coupled through flexible coupling to a TEFC motor ofsuitable HP Suitable for 415 ± 10% volts, 3 phase, 50 cycles A/Csu",Nepal_Polytechnic_Civil,110,text
Nepal_Polytechnic_Civil_p110_l10,1.5Air piping shall comprise of pipes droppers/ laterals with MS (Heavy Class),Nepal_Polytechnic_Civil,110,text
Nepal_Polytechnic_Civil_p110_l11,"Header complete with all fittings such as tees, crosses, plugs, sockets,elbows, reducers, supports & clamps, puddle flanges etc cutting chases &making good. Contactor to submit detailed P & I indicating their proposal",Nepal_Polytechnic_Civil,110,text
Nepal_Polytechnic_Civil_p110_l17,cum Thickner & MBBR Tanks,Nepal_Polytechnic_Civil,110,text
Nepal_Polytechnic_Civil_p110_l22,in sewa ge waste/pumpin g sewa ge waste shall be uPVC/HDPE.,Nepal_Polytechnic_Civil,110,text
Nepal_Polytechnic_Civil_p111_l1,comprising of 75 ltrs HDPE/FRP tank with 0-6 lph electronic metering typepump Make: Pentair/Asia LMI/EdoseSet 1,Nepal_Polytechnic_Civil,111,text
Nepal_Polytechnic_Civil_p111_l3,be installed in MBBR Tanks and PVC tube deck settling media to beinstalled in Settling Tank alongwith suitable sludge removal arrangement bypumps. [MBBR to be in two reactors]. Make: Vasutech/Cooldeck/MM,Nepal_Polytechnic_Civil,111,text
Nepal_Polytechnic_Civil_p111_l8,"System in SS 304 which shall be suitable for plant capacity of 15m3/ hr.comprises of uv lamps , electrical panel with cabling, necessary piping &fittings with monitor etc. (Min. UV doses should not be less than 600J/m2).",Nepal_Polytechnic_Civil,111,text
Nepal_Polytechnic_Civil_p111_l14,online pH Meter including wiring and all accessories required for its properfunctionin,Nepal_Polytechnic_Civil,111,text
Nepal_Polytechnic_Civil_p111_l17,"pumps along with motor, pressure gauge with isolation cock, Isolation valve,NRV on delivery line. Isolation valve, stainer at suction. The pump shall besuitable for 415±10% volts 3 phase AC supply. Make:M&P/Kirloskar/Johnson/CRI",Nepal_Polytechnic_Civil,111,text
Nepal_Polytechnic_Civil_p111_l18,5.1 Filter Feed Pumps: (1 Set = 2 Nos. pump = 1 W + 1 S ),Nepal_Polytechnic_Civil,111,text
Nepal_Polytechnic_Civil_p112_l1,"frontal piping and associated valves and accessories. Filter shall be suitablefor minimum working pressure of 5 kg/cm2 and shall include media,standard fittings like pressure gauges, sampling cock, rinse drain, vacuumbreaker etc. The MS sheet thickness for tank shall be min. 6mm and fordishess shall 8mm. The internal surfaces of tank shall be treated with epoxycoaing and external surface with primer and anticorrosive enamel paint",Nepal_Polytechnic_Civil,112,text
Nepal_Polytechnic_Civil_p112_l3,6.1 Multigrade pressure sand filter,Nepal_Polytechnic_Civil,112,text
Nepal_Polytechnic_Civil_p112_l11,"comprising of brine ejector, HDPE brine tank as reqd. and plastic pipingcomplete with fittings and brine filtering media and complete charge ofcation exchange resin as per speciftication for the capacity as given below.The construction of softener shall be as per specifications. (1 Set)",Nepal_Polytechnic_Civil,112,text
Nepal_Polytechnic_Civil_p112_l17,Contractor may alter the number of filters and pumps considering the space,Nepal_Polytechnic_Civil,112,text
Nepal_Polytechnic_Civil_p113_l0,"9Supply, installation, testing & commissioning of positive displacement type",Nepal_Polytechnic_Civil,113,text
Nepal_Polytechnic_Civil_p113_l1,"screw slurry pump with MS casing, SS-strator with internal rubber lining,gland packing seal, solid handling capacity upto 7 to 10% of the effective",Nepal_Polytechnic_Civil,113,text
Nepal_Polytechnic_Civil_p113_l2,percenta ge of slud ge and direct drive with motor. (2 Nos. ),Nepal_Polytechnic_Civil,113,text
NIELIT_Campus_BOQ_p1_l31,"3rd Floor, Lenin Sarnai,",NIELIT_Campus_BOQ,1,text
NIELIT_Campus_BOQ_p2_l3,NBCC/ED/RBG/AGT/Engg./UD/2012/45 Date : 24.12.2012 NIT No.- Quoting Sheet for the Bidder,NIELIT_Campus_BOQ,2,text
NIELIT_Campus_BOQ_p3_l11,8.0 SEPTIC TANK 1116366.30,NIELIT_Campus_BOQ,3,text
NIELIT_Campus_BOQ_p3_l12,9.0 UNDERGROUND TANK 1202059.30,NIELIT_Campus_BOQ,3,text
NIELIT_Campus_BOQ_p3_l16,13.0 BOUNDARY WALL 10081488.75 2196724.12,NIELIT_Campus_BOQ,3,text
NIELIT_Campus_BOQ_p3_l17,14.0 STORM WATER DRAIN 1186965.75 61553.00,NIELIT_Campus_BOQ,3,text
NIELIT_Campus_BOQ_p3_l18,15.0 RETAINING WALL 3427384.75,NIELIT_Campus_BOQ,3,text
NIELIT_Campus_BOQ_p4_l4,2.0 INTERNAL & EXTERNAL PLUMBING WORKS 861379.01 254827.59,NIELIT_Campus_BOQ,4,text
NIELIT_Campus_BOQ_p4_l5,"3.0 INTERNAL ELECTRICAL WORK, LAN SYSTEM ,LIFT,",NIELIT_Campus_BOQ,4,text
NIELIT_Campus_BOQ_p5_l4,3 CONCRETE WORK 1123941.50 25655.17,NIELIT_Campus_BOQ,5,text
NIELIT_Campus_BOQ_p5_l5,4 RCC WORK 16266355.35,NIELIT_Campus_BOQ,5,text
NIELIT_Campus_BOQ_p5_l6,5 BRICK WORK 15825.00 3513836.03,NIELIT_Campus_BOQ,5,text
NIELIT_Campus_BOQ_p5_l9,8 STEEL WORK 477700.05 392248.28,NIELIT_Campus_BOQ,5,text
NIELIT_Campus_BOQ_p5_l10,9 FLOORING WORK 2940266.50 456372.41,NIELIT_Campus_BOQ,5,text
NIELIT_Campus_BOQ_p5_l11,10 ROOFING WORK 693593.05,NIELIT_Campus_BOQ,5,text
NIELIT_Campus_BOQ_p5_l12,11 FINISHING WORK 3197114.50 100137.93,NIELIT_Campus_BOQ,5,text
NIELIT_Campus_BOQ_p5_l14,13 WATER PROOFING WORK 808215.00,NIELIT_Campus_BOQ,5,text
NIELIT_Campus_BOQ_p6_l8,22.6 Earth work in excavation by mechanical means (Hydraulic,NIELIT_Campus_BOQ,6,text
NIELIT_Campus_BOQ_p6_l14,"32.25 Filling available excavated earth (excluding rock) intrenches, plinth, sides",NIELIT_Campus_BOQ,6,text
NIELIT_Campus_BOQ_p6_l15,"offoundations etc.inlayers notexceeding 20cm indepth, consolidating",NIELIT_Campus_BOQ,6,text
NIELIT_Campus_BOQ_p6_l18,42.27 Supplying and filling inplinth with local sand under floors including,NIELIT_Campus_BOQ,6,text
NIELIT_Campus_BOQ_p6_l26,a) 2.35.3 Treatment ofsoilunder existing floors using chemical emulsion @oneltr.,NIELIT_Campus_BOQ,6,text
NIELIT_Campus_BOQ_p6_l28,with cement mortar 1:2(1cement: 2coarse sand) tomatch theexisting,NIELIT_Campus_BOQ,6,text
NIELIT_Campus_BOQ_p7_l3,84.1 Providing and laying inposition cement concrete ofspecified grade,NIELIT_Campus_BOQ,7,text
NIELIT_Campus_BOQ_p7_l4,excluding the cost of centring and shuttering - All work upto plinth level:,NIELIT_Campus_BOQ,7,text
NIELIT_Campus_BOQ_p7_l5,a) 4.1.3 1:2:4 (1cement :2coarse sand :4graded stone aggregate 20mm,NIELIT_Campus_BOQ,7,text
NIELIT_Campus_BOQ_p7_l7,b) 4.1.6 1:3:6 (1cement :3coarse sand :6graded stone aggregate 40mm,NIELIT_Campus_BOQ,7,text
NIELIT_Campus_BOQ_p7_l9,c) 4.1.8 1:4:8 (1cement :4coarse sand :8graded stone aggregate 40mm,NIELIT_Campus_BOQ,7,text
NIELIT_Campus_BOQ_p7_l11,"94.2 Providing andlaying cement concrete inretaining walls, return walls, walls",NIELIT_Campus_BOQ,7,text
NIELIT_Campus_BOQ_p7_l12,"(any thickness) including attached pilasters, columns, piers, abutments,",NIELIT_Campus_BOQ,7,text
NIELIT_Campus_BOQ_p7_l14,"bed blocks, anchor blocks, plain window sills, fillets etc. upto floor five",NIELIT_Campus_BOQ,7,text
NIELIT_Campus_BOQ_p7_l15,"level, excluding the cost of centering, shuttering and finishing:",NIELIT_Campus_BOQ,7,text
NIELIT_Campus_BOQ_p7_l16,a) 4.2.5 1:3:6 (1cement :3coarse sand :6graded stone aggregate 20mm,NIELIT_Campus_BOQ,7,text
NIELIT_Campus_BOQ_p7_l18,10 4.11 Providing and laying damp-proof coarse 50mm thick cement concrete 1:2:4,NIELIT_Campus_BOQ,7,text
NIELIT_Campus_BOQ_p7_l19,(1cement :2coarse sand :4graded stone aggregate 12.5 mmnominal,NIELIT_Campus_BOQ,7,text
NIELIT_Campus_BOQ_p7_l21,11 4.12 Extra forproviding and mixing water proofing material 'Impermo' or,NIELIT_Campus_BOQ,7,text
NIELIT_Campus_BOQ_p7_l22,equivalent in cement concrete work @ 1 kg. Per 50 Kg. of cement.per 50 kg.,NIELIT_Campus_BOQ,7,text
NIELIT_Campus_BOQ_p7_l23,cement470.00 35.35 16614.50,NIELIT_Campus_BOQ,7,text
NIELIT_Campus_BOQ_p7_l28,13 4.17 Making Plinth protection 50mm thick ofcement concrete 1:3:6 (1cement :,NIELIT_Campus_BOQ,7,text
NIELIT_Campus_BOQ_p7_l29,3 Coarse sand :6 graded stone aggregate 20mm nominal size) over 75 mm,NIELIT_Campus_BOQ,7,text
NIELIT_Campus_BOQ_p7_l30,bedofdrybricks ballast 40mm nominal size wellrammed andconsolidated,NIELIT_Campus_BOQ,7,text
NIELIT_Campus_BOQ_p7_l31,and grouted with fine sand including finishing the top smooth.Sqm 90.00 338.75 30487.50,NIELIT_Campus_BOQ,7,text
NIELIT_Campus_BOQ_p7_l32,TOTAL CARRIED OVER TO SUMMARY 1123941.50CONCRETE WORK:,NIELIT_Campus_BOQ,7,text
NIELIT_Campus_BOQ_p8_l3,14 NS Providing andlaying inposition drybrick ballast 40mm nominal size and,NIELIT_Campus_BOQ,8,text
NIELIT_Campus_BOQ_p8_l4,grouted with fine sand including finishing thetopsmooth upto floor five,NIELIT_Campus_BOQ,8,text
NIELIT_Campus_BOQ_p8_l8,"15 5.9 Centring and shuttering including strutting, propping etc.and removal of",NIELIT_Campus_BOQ,8,text
NIELIT_Campus_BOQ_p8_l10,"a) 5.9.1 Foundations, footings, bases of columns etc. for mass concrete. sqm 675.00 166.90 112657.50",NIELIT_Campus_BOQ,8,text
NIELIT_Campus_BOQ_p8_l11,"b) 5.9.2 Walls (any thickness) including attached pilasters, butteresses, plinth and",NIELIT_Campus_BOQ,8,text
NIELIT_Campus_BOQ_p8_l13,"c) 5.9.3 Suspended floors, roofs, landings, balconies and access platform. sqm 3408.00 311.20 1060569.60",NIELIT_Campus_BOQ,8,text
NIELIT_Campus_BOQ_p8_l15,"e) 5.9.5 Lintels, beams, plinth beams, girders, bressumers and cantilevers. sqm 3431.00 262.25 899779.75",NIELIT_Campus_BOQ,8,text
NIELIT_Campus_BOQ_p8_l16,"f)5.9.6 Columns, Pillars, Piers, Abutments, posts and Struts sqm 1400.00 365.60 511840.00",NIELIT_Campus_BOQ,8,text
NIELIT_Campus_BOQ_p8_l21,"window sills, string courses, bands, copings, bed plates, anchor blocks",NIELIT_Campus_BOQ,8,text
NIELIT_Campus_BOQ_p8_l23,j)5.9.16 Edges of slabs and breaks in floors and walls,NIELIT_Campus_BOQ,8,text
NIELIT_Campus_BOQ_p8_l25,"l)5.9.18 Small surfaces such ascantilever ends, brackets andends ofsteps, caps",NIELIT_Campus_BOQ,8,text
NIELIT_Campus_BOQ_p8_l26,and bases to pilasters and columns and the likesqm 100.00 398.35 39835.00,NIELIT_Campus_BOQ,8,text
NIELIT_Campus_BOQ_p8_l27,"m 5.9.19 Weather shade, chajjas, corbels etc. including edges. sqm 125.00 411.10 51387.50RCC WORK:",NIELIT_Campus_BOQ,8,text
NIELIT_Campus_BOQ_p9_l2,16 5.18 Providing precast cement concrete Jali1:2:4 (1cement: 2coarse sand: 4,NIELIT_Campus_BOQ,9,text
NIELIT_Campus_BOQ_p9_l3,stone aggregate 6mm nominal size) reinforced with 1.6mm diamild steel,NIELIT_Campus_BOQ,9,text
NIELIT_Campus_BOQ_p9_l4,"wire including centring &shuttering roughening cleaning, fixing and",NIELIT_Campus_BOQ,9,text
NIELIT_Campus_BOQ_p9_l5,finishing incement mortar 1:3(1cement: 3fine sand) etc. complete,NIELIT_Campus_BOQ,9,text
NIELIT_Campus_BOQ_p9_l6,"excluding plastering of the jambs, sills and soffits.",NIELIT_Campus_BOQ,9,text
NIELIT_Campus_BOQ_p9_l8,"17 5.22 Reinforcement forR.C.C. work including straightening, cutting, bending,",NIELIT_Campus_BOQ,9,text
NIELIT_Campus_BOQ_p9_l11,"18 5.22 A Reinforcement forR.C.C. work including straightening, cutting, bending,",NIELIT_Campus_BOQ,9,text
NIELIT_Campus_BOQ_p9_l15,machine vibrated design mix cement concrete ofspecified grade for,NIELIT_Campus_BOQ,9,text
NIELIT_Campus_BOQ_p9_l16,reinforced cement concrete work including pumping ofconcrete tositeof,NIELIT_Campus_BOQ,9,text
NIELIT_Campus_BOQ_p9_l17,"laying but excluding the cost ofcentring, shuttering, finishing and",NIELIT_Campus_BOQ,9,text
NIELIT_Campus_BOQ_p9_l18,reinforcement-including admixture inrecommended proportions asper,NIELIT_Campus_BOQ,9,text
NIELIT_Campus_BOQ_p9_l22,Note-cement content considered inthisitem is@330kg/cum. Excess/less,NIELIT_Campus_BOQ,9,text
NIELIT_Campus_BOQ_p9_l23,cement used as per design mix is payable /recoverable separately ).,NIELIT_Campus_BOQ,9,text
NIELIT_Campus_BOQ_p9_l25,b) 5.33.2 All works above plinth level upto floor five level Cum 710.00 5781.50 4104865.00,NIELIT_Campus_BOQ,9,text
NIELIT_Campus_BOQ_p9_l28,every third course of half brick masonry (with FPS bricks)Sqm 250.00 63.30 15825.00,NIELIT_Campus_BOQ,9,text
NIELIT_Campus_BOQ_p10_l3,21 NS Brick work with FPS bricks ofclass designation 100infoundation &plinth,NIELIT_Campus_BOQ,10,text
NIELIT_Campus_BOQ_p10_l5,a) Cement mortar 1:6 (1 cement: 6 coarse sand) Cum 45.00 3964.2 178389.00,NIELIT_Campus_BOQ,10,text
NIELIT_Campus_BOQ_p10_l6,22 NS Brick work with F.P.S. bricks ofclass designation 100 insuperstructure,NIELIT_Campus_BOQ,10,text
NIELIT_Campus_BOQ_p10_l7,above plinth level up to floor V level in all shapes and sizes in:,NIELIT_Campus_BOQ,10,text
NIELIT_Campus_BOQ_p10_l8,a) Cement mortar 1:6 (1 cement: 6 coarse sand) Cum 755.00 4160.34 3141060.34,NIELIT_Campus_BOQ,10,text
NIELIT_Campus_BOQ_p10_l9,23 NS Brick work inplain arches insuperstructure including centering and,NIELIT_Campus_BOQ,10,text
NIELIT_Campus_BOQ_p10_l10,shuttering complete forspan upto 6mwithF.P.S. brick ofclass designation,NIELIT_Campus_BOQ,10,text
NIELIT_Campus_BOQ_p10_l11,100 in cement mortar 1:3 (1 cement: 3 coarse sand).Cum 10.00 6484.53 64845.31,NIELIT_Campus_BOQ,10,text
NIELIT_Campus_BOQ_p10_l12,24 N.S 125mm brick masonry with FPS bricks ofclass designation 100 in,NIELIT_Campus_BOQ,10,text
NIELIT_Campus_BOQ_p10_l13,supersructure above plinth in level upto floor V level,NIELIT_Campus_BOQ,10,text
NIELIT_Campus_BOQ_p10_l14,a) Cement mortar 1:4 (1 cement: 4 coarse sand) Sqm 250.00 518.17 129541.38,NIELIT_Campus_BOQ,10,text
NIELIT_Campus_BOQ_p10_l19,"counters, window sills, facias and similar locations ofrequired size of",NIELIT_Campus_BOQ,10,text
NIELIT_Campus_BOQ_p10_l20,"approved shade, colour and texture laidover 20mm thick base cement",NIELIT_Campus_BOQ,10,text
NIELIT_Campus_BOQ_p10_l21,"mortar 1:4(1cement: 4coarse sand) withjoints treated with white cement,",NIELIT_Campus_BOQ,10,text
NIELIT_Campus_BOQ_p10_l26,i)8.2.1.2 Area of slab over 0.50 Sqm Sqm 16.00 1980.80 31692.80,NIELIT_Campus_BOQ,10,text
NIELIT_Campus_BOQ_p10_l28,i)8.2.2.2 Area of slab over 0.50 Sqm Sqm 1500.00 3083.40 4625100.00MARBLE WORK:TOTAL CARRIED OVER TO SUMMARY,NIELIT_Campus_BOQ,10,text
NIELIT_Campus_BOQ_p11_l12,"29 9.1 Providing wood work inframes ofdoors, windows, clerestory windows and",NIELIT_Campus_BOQ,11,text
NIELIT_Campus_BOQ_p11_l15,30 9.20 Providing andfixing ISImarked flush door shutters conforming toIS:2202,NIELIT_Campus_BOQ,11,text
NIELIT_Campus_BOQ_p11_l19,a) 9.20.1 35mm thick including ISImarked stainless steel butt hinges with,NIELIT_Campus_BOQ,11,text
NIELIT_Campus_BOQ_p11_l21,31 9.48 Providing andfixing MSgrills ofrequired pattern inframes ofwindows etc.,NIELIT_Campus_BOQ,11,text
NIELIT_Campus_BOQ_p11_l24,32 9.96 Providing and fixing aluminium sliding door bolts ISImarked anodised,NIELIT_Campus_BOQ,11,text
NIELIT_Campus_BOQ_p12_l13,universal hydraulic door closer with necessary accessories and screws,NIELIT_Campus_BOQ,12,text
NIELIT_Campus_BOQ_p12_l20,37 9.101 Providing and fixing aluminium hanging floor door stopper ISImarked,NIELIT_Campus_BOQ,12,text
NIELIT_Campus_BOQ_p13_l3,39 10.5 Providing andfixing 1mm thick MSsheet door with frame of40x40x6mm,NIELIT_Campus_BOQ,13,text
NIELIT_Campus_BOQ_p13_l5,"necessary fittings complete, including applying a primer coat of approved a) 10.5.1 Using MS angle 40x40x6mm for diagonal braces. Sqm 2.10 2551.45 5358.05",NIELIT_Campus_BOQ,13,text
NIELIT_Campus_BOQ_p13_l6,"40 10.11 Providing &fixing factory made ISImarked steel glazed doors, windows",NIELIT_Campus_BOQ,13,text
NIELIT_Campus_BOQ_p13_l8,"asK11B andK12B etc.complete ofstandard rolled steel sections, joints",NIELIT_Campus_BOQ,13,text
NIELIT_Campus_BOQ_p13_l10,"15x3mm lugs, 10cm long, embedded incement concrete blocks",NIELIT_Campus_BOQ,13,text
NIELIT_Campus_BOQ_p13_l11,15x10x10cm of1:3:6 (1cement: 3coarse sand: 6graded stone aggregate,NIELIT_Campus_BOQ,13,text
NIELIT_Campus_BOQ_p13_l16,"approved steel primer, excluding thecost ofmetal beading and other",NIELIT_Campus_BOQ,13,text
NIELIT_Campus_BOQ_p13_l17,fittings except necessary hinges orpivots complete asperapproved,NIELIT_Campus_BOQ,13,text
NIELIT_Campus_BOQ_p13_l19,"41 10.13 Providing &fixing T-iron frames fordoors, windows &ventilators ofmild",NIELIT_Campus_BOQ,13,text
NIELIT_Campus_BOQ_p13_l20,"steel T-sections, joints mitred andwelded with 15x3 mmlugs, 10cmlong,",NIELIT_Campus_BOQ,13,text
NIELIT_Campus_BOQ_p13_l21,embedded incement concrete blocks 15x10x10 cmof1:3:6 (1cement: 3,NIELIT_Campus_BOQ,13,text
NIELIT_Campus_BOQ_p13_l22,coarse sand: 6graded stone aggr. 20mmnominal size) orwith wooden,NIELIT_Campus_BOQ,13,text
NIELIT_Campus_BOQ_p13_l25,butt hinges & screws and applying a priming coat of approved steel primer.Kg. 50.00 73.30 3665.00,NIELIT_Campus_BOQ,13,text
NIELIT_Campus_BOQ_p13_l26,42 10.14 Providing and fixing pressed steel door frames conforming toIS:4351,NIELIT_Campus_BOQ,13,text
NIELIT_Campus_BOQ_p13_l27,manufactured from commercial mild steel sheet of1.25 mm thickness,NIELIT_Campus_BOQ,13,text
NIELIT_Campus_BOQ_p13_l29,"mild steel angle ofsection 50x25mm, orbase tiesof1.25 mmpressed",NIELIT_Campus_BOQ,13,text
NIELIT_Campus_BOQ_p13_l30,"mild steel welded orrigidly fixed together bymechanical means, adjustable",NIELIT_Campus_BOQ,13,text
NIELIT_Campus_BOQ_p13_l31,lugs with split end tailtoeach jamb including steel butt hinges 2.5mm,NIELIT_Campus_BOQ,13,text
NIELIT_Campus_BOQ_p13_l33,specified andapplying acoat ofapproved steel primer after pre-treatment,NIELIT_Campus_BOQ,13,text
NIELIT_Campus_BOQ_p13_l36,i)10.14.1.1 Fixing with adjustable lugs with split end tail to each jamb Mtr 10.00 346.75 3467.50STEEL WORK,NIELIT_Campus_BOQ,13,text
NIELIT_Campus_BOQ_p14_l2,43 10.25 Steel work welded inbuilt upsections/framed work including cutting,NIELIT_Campus_BOQ,14,text
NIELIT_Campus_BOQ_p14_l3,"hoisting, fixing inposition andapplying apriming coat ofapproved steel",NIELIT_Campus_BOQ,14,text
NIELIT_Campus_BOQ_p14_l4,primer using structural steel etc. as required,NIELIT_Campus_BOQ,14,text
NIELIT_Campus_BOQ_p14_l7,44 10.18 Providing and fixing circular/hexagonal cast iron orMSsheet box for,NIELIT_Campus_BOQ,14,text
NIELIT_Campus_BOQ_p14_l9,"thick M.S. sheet with itstopsurface hacked forproper bonding, toplid",NIELIT_Campus_BOQ,14,text
NIELIT_Campus_BOQ_p14_l13,a) 10.26 Providing and fixing hand railofapproved size bywelding etc. tosteel,NIELIT_Campus_BOQ,14,text
NIELIT_Campus_BOQ_p14_l15,priming coat of approved steel primer.,NIELIT_Campus_BOQ,14,text
NIELIT_Campus_BOQ_p14_l17,45 10.28 Providing and fixing stainless steel (grade 304 )railing made ofHollow,NIELIT_Campus_BOQ,14,text
NIELIT_Campus_BOQ_p14_l19,",polishing andmaking curvature (wherever required )andfitting thesame",NIELIT_Campus_BOQ,14,text
NIELIT_Campus_BOQ_p14_l20,"withnecessary stainless steel nuts andbolts complete ,I/cfixing therailing",NIELIT_Campus_BOQ,14,text
NIELIT_Campus_BOQ_p14_l21,"with necessary accessories &stainless steel dash fasteners ,stainless",NIELIT_Campus_BOQ,14,text
NIELIT_Campus_BOQ_p14_l22,"steels bolts etc,ofrequired size ,onthetopofthefloor ortheside ofwaist",NIELIT_Campus_BOQ,14,text
NIELIT_Campus_BOQ_p14_l23,"slab with suitable arrangment asperapproval ofEngineers -in-charge, (",NIELIT_Campus_BOQ,14,text
NIELIT_Campus_BOQ_p14_l24,forpayment purpose only weight ofstainless steel members shall be,NIELIT_Campus_BOQ,14,text
NIELIT_Campus_BOQ_p14_l29,"45A Providing andfixing stainless steel (grade 304)Hollow tubes ,forspace",NIELIT_Campus_BOQ,14,text
NIELIT_Campus_BOQ_p14_l31,forpayment purpose only weight ofstainless steel members shall be,NIELIT_Campus_BOQ,14,text
NIELIT_Campus_BOQ_p15_l3,46 11.4 52mm thick cement concrete flooring with concrete hardener topping,NIELIT_Campus_BOQ,15,text
NIELIT_Campus_BOQ_p15_l4,under layer 40mmthick cement concrete 1:2:4 (1cement :2coarse sand:,NIELIT_Campus_BOQ,15,text
NIELIT_Campus_BOQ_p15_l5,4graded stone aggregate 20nominal size) and toplayer 12mmthick,NIELIT_Campus_BOQ,15,text
NIELIT_Campus_BOQ_p15_l6,cement hardener consisting ofmix1:2(1cement hardener mix: 2stone,NIELIT_Campus_BOQ,15,text
NIELIT_Campus_BOQ_p15_l7,aggregate 6mmnominal size) byvolume hardening compound ismixed @,NIELIT_Campus_BOQ,15,text
NIELIT_Campus_BOQ_p15_l8,2Ltrs per50kg.ofcement oraspermanufacturer specifications. This,NIELIT_Campus_BOQ,15,text
NIELIT_Campus_BOQ_p15_l9,"includes cost ofcement slurry, butexcluding thecost ofnosing ofsteps",NIELIT_Campus_BOQ,15,text
NIELIT_Campus_BOQ_p15_l11,47 11.6 Cement plaster skirting (upto 30cmheight) with cement mortar 1:3(1,NIELIT_Campus_BOQ,15,text
NIELIT_Campus_BOQ_p15_l12,cement: 3 coarse sand) finished with a floating coat of neat cement.,NIELIT_Campus_BOQ,15,text
NIELIT_Campus_BOQ_p15_l14,48 11.13 Providing & fixing glass strips in joints of terrazo/cement concrete floors.,NIELIT_Campus_BOQ,15,text
NIELIT_Campus_BOQ_p15_l16,49 11.16 Precast terrazo tiles 22mmthick with graded marble chips ofsize upto 12,NIELIT_Campus_BOQ,15,text
NIELIT_Campus_BOQ_p15_l17,"mmlaidinfloors, andlandings, jointed with neat cement slurry mixed with",NIELIT_Campus_BOQ,15,text
NIELIT_Campus_BOQ_p15_l18,pigment tomatch theshade ofthetiles including rubbing and polishing,NIELIT_Campus_BOQ,15,text
NIELIT_Campus_BOQ_p15_l19,complete with precast tiles on20mmthick bed ofcement mortar 1:4(1,NIELIT_Campus_BOQ,15,text
NIELIT_Campus_BOQ_p15_l20,cewment: 4 coarse sand),NIELIT_Campus_BOQ,15,text
NIELIT_Campus_BOQ_p15_l21,a) 11.16.1 Light shade using white cement Sqm 100.00 769.35 76935.00,NIELIT_Campus_BOQ,15,text
NIELIT_Campus_BOQ_p15_l22,50 11.23 Marble stone flooring with 18mmthick marble stone (sample ofmarble,NIELIT_Campus_BOQ,15,text
NIELIT_Campus_BOQ_p15_l24,base of1:4(1cement: 4coarse sand) laidandjointed with grey cement,NIELIT_Campus_BOQ,15,text
NIELIT_Campus_BOQ_p15_l28,51 11.25 Extra formarble stone flooring intreads ofsteps andrisers using single,NIELIT_Campus_BOQ,15,text
NIELIT_Campus_BOQ_p15_l29,length upto 2mtr..Sqm 40.00 230.55 9222.00FLOORING WORK,NIELIT_Campus_BOQ,15,text
NIELIT_Campus_BOQ_p16_l2,52 11.26 Kota stone slab flooring over 20mm(average) thick base laidover and,NIELIT_Campus_BOQ,16,text
NIELIT_Campus_BOQ_p16_l3,jointed with grey cement slurry mixed with pigment tomatch theshade of,NIELIT_Campus_BOQ,16,text
NIELIT_Campus_BOQ_p16_l4,theslab including rubbing and polishing complete with base ofcement,NIELIT_Campus_BOQ,16,text
NIELIT_Campus_BOQ_p16_l5,mortar 1:4 (1 cement: 4 coarse sand),NIELIT_Campus_BOQ,16,text
NIELIT_Campus_BOQ_p16_l7,"53 11.27 Kota stone slab 25mmthick inrisers ofsteps, skirting dado and pillars",NIELIT_Campus_BOQ,16,text
NIELIT_Campus_BOQ_p16_l8,laidon12mm(average) thick cement mortar 1:3(1cement :3coarse,NIELIT_Campus_BOQ,16,text
NIELIT_Campus_BOQ_p16_l9,sand) &jointed with grey cement slurry mixed with pigment tomatch the,NIELIT_Campus_BOQ,16,text
NIELIT_Campus_BOQ_p16_l10,shade of the slabs including rubbing and polishing complete.Sqm 100.00 954.10 95410.00,NIELIT_Campus_BOQ,16,text
NIELIT_Campus_BOQ_p16_l11,54 11.36 Providing &fixing Istquality ceramic glazed wall tiles conforming to,NIELIT_Campus_BOQ,16,text
NIELIT_Campus_BOQ_p16_l15,over 12mmthick bedofcement mortar 1:3(1cement :3coarse sand) and,NIELIT_Campus_BOQ,16,text
NIELIT_Campus_BOQ_p16_l16,jointing with grey cement slurry @3.3 Kgpersqm including pointing in,NIELIT_Campus_BOQ,16,text
NIELIT_Campus_BOQ_p16_l17,white cement mixed with pigment of matching shade complete.Sqm 120.00 724.25 86910.00,NIELIT_Campus_BOQ,16,text
NIELIT_Campus_BOQ_p16_l18,55 11.39 Providing &laying rectified glazed ceramics floor tiles 300x300mm ormore,NIELIT_Campus_BOQ,16,text
NIELIT_Campus_BOQ_p16_l21,"Brown, laidon20mmthick cement mortar 1:4(1cement :4coarse sand)",NIELIT_Campus_BOQ,16,text
NIELIT_Campus_BOQ_p16_l22,including grouting thejoints with white cement andmatching pigments etc.,NIELIT_Campus_BOQ,16,text
NIELIT_Campus_BOQ_p16_l24,56 11.41 Providing &laying vitrified floor tiles indifferent sizes (thickness tobe,NIELIT_Campus_BOQ,16,text
NIELIT_Campus_BOQ_p16_l27,on20mm thick cement mortar 1:4(1cement: 4coarse sand) including,NIELIT_Campus_BOQ,16,text
NIELIT_Campus_BOQ_p16_l28,grouting the joints with white cement and matching pigments etc. complete.,NIELIT_Campus_BOQ,16,text
NIELIT_Campus_BOQ_p16_l29,a) 11.41.2 Size of tile 60x60cm Sqm 1500.00 1337.10 2005650.00,NIELIT_Campus_BOQ,16,text
NIELIT_Campus_BOQ_p17_l3,57 Providing andlaying pioneer tiles including allaccessories ofapproved,NIELIT_Campus_BOQ,17,text
NIELIT_Campus_BOQ_p17_l8,58 12.21 Providing gola 75x75mm incement concrete 1:2:4 (1cement: 2coarse,NIELIT_Campus_BOQ,17,text
NIELIT_Campus_BOQ_p17_l9,sand: 4stone aggregate 10mm anddown gauge) including finishing with,NIELIT_Campus_BOQ,17,text
NIELIT_Campus_BOQ_p17_l10,cement mortar 1:3 (1 cement: 3 fine sand) as per standard design:,NIELIT_Campus_BOQ,17,text
NIELIT_Campus_BOQ_p17_l12,59 12.22 Making khuras 45x45cm with average minmum thickness of5cm cement,NIELIT_Campus_BOQ,17,text
NIELIT_Campus_BOQ_p17_l13,concrete 1:2:4 (1cement :2coarse sand: 4graded stone aggregate of20,NIELIT_Campus_BOQ,17,text
NIELIT_Campus_BOQ_p17_l14,"mmnominal size) over PVC sheet 1mx1mx400micron, finished with",NIELIT_Campus_BOQ,17,text
NIELIT_Campus_BOQ_p17_l15,12mm cement plaster 1:3(1cement: 3coarse sand) and acoat ofneat,NIELIT_Campus_BOQ,17,text
NIELIT_Campus_BOQ_p17_l16,cement rounding ofthe edges and making and finishing the outlet,NIELIT_Campus_BOQ,17,text
NIELIT_Campus_BOQ_p17_l19,S.C.I. rainwater pipes embedded inandincluding cement concrete blocks,NIELIT_Campus_BOQ,17,text
NIELIT_Campus_BOQ_p17_l20,10x10x10cmof1:2:4 mix(1cement:2 coarse sand :4graded stone,NIELIT_Campus_BOQ,17,text
NIELIT_Campus_BOQ_p17_l21,aggregate 20mmnominal size) andcost ofcutting holes andmaking good,NIELIT_Campus_BOQ,17,text
NIELIT_Campus_BOQ_p17_l22,the walls etc.,NIELIT_Campus_BOQ,17,text
NIELIT_Campus_BOQ_p17_l23,a) 12.38.2 For 150 mm dia pipe Each 50.00 121.80 6090.00,NIELIT_Campus_BOQ,17,text
NIELIT_Campus_BOQ_p17_l24,61 12.39 Providing lead caulked joints to sand cast iron rain water pipes and fittings:,NIELIT_Campus_BOQ,17,text
NIELIT_Campus_BOQ_p17_l25,a) 12.39.2 For 150 mm dia pipe Each 50.00 287.10 14355.00,NIELIT_Campus_BOQ,17,text
NIELIT_Campus_BOQ_p17_l26,62 12.40 Providing andfixing onwallface unplasticised-Rigid PVC rainwater pipes,NIELIT_Campus_BOQ,17,text
NIELIT_Campus_BOQ_p17_l30,a) 12.40.1.1 150mm diameter Mtrs 150.00 407.85 61177.50ROOFING WORK,NIELIT_Campus_BOQ,17,text
NIELIT_Campus_BOQ_p18_l2,63 12.42 Providing and fixing on wall face unplasticised- PVC moulded,NIELIT_Campus_BOQ,18,text
NIELIT_Campus_BOQ_p18_l3,fittings/accessories for unplasticised-Rigid PVC rain water pipes,NIELIT_Campus_BOQ,18,text
NIELIT_Campus_BOQ_p18_l12,64 12.43 Providing andfixing unplasticised- PVC pipe clips ofapproved design to,NIELIT_Campus_BOQ,18,text
NIELIT_Campus_BOQ_p18_l13,unplasticised-PVC rainwater pipes bymeans of50x50x50mm hard wood,NIELIT_Campus_BOQ,18,text
NIELIT_Campus_BOQ_p18_l14,"plugs, screwed with MSscrews ofrequired length including cutting brick",NIELIT_Campus_BOQ,18,text
NIELIT_Campus_BOQ_p18_l15,work andfixing incement mortar 1:4(1cement:4 coarse sand) andmaking,NIELIT_Campus_BOQ,18,text
NIELIT_Campus_BOQ_p18_l16,good the walls etc. complete.,NIELIT_Campus_BOQ,18,text
NIELIT_Campus_BOQ_p18_l18,65 12.44 Providing &fixing totheinlet mouth ofrain water pipe cast iron grating,NIELIT_Campus_BOQ,18,text
NIELIT_Campus_BOQ_p19_l4,sheet andgalvanised inaccordance with zinc coating ofgrade 350asper,NIELIT_Campus_BOQ,19,text
NIELIT_Campus_BOQ_p19_l18,perimeter ofceiling fixed towall/partition withthehelp ofrawl plugs at450,NIELIT_Campus_BOQ,19,text
NIELIT_Campus_BOQ_p19_l23,"fittings, grills diffusers, cutouts made with frame ofperimeter channels",NIELIT_Campus_BOQ,19,text
NIELIT_Campus_BOQ_p19_l25,the Engineer-in-Charge but excluding the cost of painting with:,NIELIT_Campus_BOQ,19,text
NIELIT_Campus_BOQ_p20_l3,weight calcium silicate false ceiling tiles ofapproved texture spintone/,NIELIT_Campus_BOQ,20,text
NIELIT_Campus_BOQ_p20_l8,"mmmade from 0.33 mmthick (minimum) sheet, spaced 1200 mmcentre to",NIELIT_Campus_BOQ,20,text
NIELIT_Campus_BOQ_p20_l10,"sheet, 1200 mmlong spaced between main 'T'at600mmcentre tocentre",NIELIT_Campus_BOQ,20,text
NIELIT_Campus_BOQ_p20_l12,and size 24x28 mmmade of0.33 mmthick (minimum) sheet tobeinter,NIELIT_Campus_BOQ,20,text
NIELIT_Campus_BOQ_p20_l14,resting onperiphery walls /partitions onaPeerimeter wall angle pre-,NIELIT_Campus_BOQ,20,text
NIELIT_Campus_BOQ_p20_l15,coated steel ofsize (24x24x3000 mm) made of0.40 mmthick (minimum),NIELIT_Campus_BOQ,20,text
NIELIT_Campus_BOQ_p20_l16,sheet with thehelp ofrawl plugs at450mmcentre tocentre with 25mm,NIELIT_Campus_BOQ,20,text
NIELIT_Campus_BOQ_p20_l17,long dry wall screws @ 230 mm interval and laying 15 mm thick densified Sqm 300.00 1566 469800.00,NIELIT_Campus_BOQ,20,text
NIELIT_Campus_BOQ_p20_l18,edges calcium silicate ceiling tiles ofapproved texture (Spintone/,NIELIT_Campus_BOQ,20,text
NIELIT_Campus_BOQ_p20_l20,"likediffuser, grills, light fittings, fixtures, smoke detector etc. wherever",NIELIT_Campus_BOQ,20,text
NIELIT_Campus_BOQ_p20_l23,"long dash fasteners, 4mmG.Iadjustable rods with galvanised steel level",NIELIT_Campus_BOQ,20,text
NIELIT_Campus_BOQ_p20_l25,main 'T'bottom exposed with 24mmofallT-section shall bepre-painted,NIELIT_Campus_BOQ,20,text
NIELIT_Campus_BOQ_p20_l26,"with polyster baked paint, forallheights, asperspecifications, drawings",NIELIT_Campus_BOQ,20,text
NIELIT_Campus_BOQ_p20_l28,Note:- Only calcium silicate false ceiling area willbemeasured from wallto,NIELIT_Campus_BOQ,20,text
NIELIT_Campus_BOQ_p20_l29,wall. Nodeduction shall bemade forexposed frames/ opening (cutouts),NIELIT_Campus_BOQ,20,text
NIELIT_Campus_BOQ_p20_l30,having area less then 0.30 sqm. The calcium silicate ceiling tileshall have NRC value,NIELIT_Campus_BOQ,20,text
NIELIT_Campus_BOQ_p21_l3,68 13.4 12mm cement plaster of mix :,NIELIT_Campus_BOQ,21,text
NIELIT_Campus_BOQ_p21_l4,a) 13.4.2 1:6 (1 cement : 6 coarse sand ) Sqm 9000.00 112.50 1012500.00,NIELIT_Campus_BOQ,21,text
NIELIT_Campus_BOQ_p21_l5,69 13.7 12mm cement plaster finished with a floating coat of neat cement of mix :,NIELIT_Campus_BOQ,21,text
NIELIT_Campus_BOQ_p21_l6,a) 13.7.1 1:4 (1 cement : 4 fine sand ) Sqm 100.00 107.80 10780.00,NIELIT_Campus_BOQ,21,text
NIELIT_Campus_BOQ_p21_l7,70 13.12 18mmcement plaster intwocoats under layer 12mm thick cement plaster,NIELIT_Campus_BOQ,21,text
NIELIT_Campus_BOQ_p21_l8,1:5(1cement :5coarse sand) andatoplayer 6mm thick cement plaster,NIELIT_Campus_BOQ,21,text
NIELIT_Campus_BOQ_p21_l9,1:3 (1 cement: 3 coarse sand) finished rough with sponge.Sqm 400.00 123.50 49400.00,NIELIT_Campus_BOQ,21,text
NIELIT_Campus_BOQ_p21_l10,71 13.5 15mm cement plaster on rough side of single or half brick wall of mix:,NIELIT_Campus_BOQ,21,text
NIELIT_Campus_BOQ_p21_l11,a) 13.5.2 1:6 (1 cement : 6 Coarse sand ) Sqm 3300.00 130.20 429660.00,NIELIT_Campus_BOQ,21,text
NIELIT_Campus_BOQ_p21_l12,72 13.16 6 mm cement plaster to ceiling of mix :,NIELIT_Campus_BOQ,21,text
NIELIT_Campus_BOQ_p21_l13,a) 13.16.1 1:3 (1 cement : 3 fine sand ) Sqm. 3000.00 101.00 303000.00,NIELIT_Campus_BOQ,21,text
NIELIT_Campus_BOQ_p21_l14,73 13.23 Extra for plastering on circular work not exceeding 6m in radius:,NIELIT_Campus_BOQ,21,text
NIELIT_Campus_BOQ_p21_l16,74 13.26 Providing and applying plaster ofparis putty of2mm thickness over,NIELIT_Campus_BOQ,21,text
NIELIT_Campus_BOQ_p21_l17,plastered surface to prepare the surface even and smooth complete.Sqm. 8000.00 83.80 670400.00,NIELIT_Campus_BOQ,21,text
NIELIT_Campus_BOQ_p21_l20,76 13.41 Distempering with oilbound washable distemper ofapproved brand and,NIELIT_Campus_BOQ,21,text
NIELIT_Campus_BOQ_p21_l22,a) 13.41.1 New work (two ormore coats) over andincluding priming coat withcement,NIELIT_Campus_BOQ,21,text
NIELIT_Campus_BOQ_p21_l24,"77 13.47 Finishing walls with Premium Acrylic Smooth exterior paint with ""Silicone",NIELIT_Campus_BOQ,21,text
NIELIT_Campus_BOQ_p21_l27,base coat of water proofing cement paint applied @2.20kg/10sqm)Sqm 3000.00 80.45 241350.00,NIELIT_Campus_BOQ,21,text
NIELIT_Campus_BOQ_p21_l28,78 13.60 Wall painting with plastic emulsion paint ofapproved brand and,NIELIT_Campus_BOQ,21,text
NIELIT_Campus_BOQ_p21_l29,manufacture to give an even shade : FINISHING:,NIELIT_Campus_BOQ,21,text
NIELIT_Campus_BOQ_p22_l3,79 13.45 Finishing walls with textured exterior paint of required shade,NIELIT_Campus_BOQ,22,text
NIELIT_Campus_BOQ_p22_l5,including base coat ofwater proofing cement paint applied @2.20 Kg./10,NIELIT_Campus_BOQ,22,text
NIELIT_Campus_BOQ_p22_l10,81 13.58 Providing and applying twocoats ofFire retardent paint unthunned on,NIELIT_Campus_BOQ,22,text
NIELIT_Campus_BOQ_p22_l14,a) 13.61 Painting with synthetic enamel paint ofapproved brand andmanufacture,NIELIT_Campus_BOQ,22,text
NIELIT_Campus_BOQ_p22_l17,82 13.76 Forming groove ofuniform size from 12x12mm and25x15mm inplastered,NIELIT_Campus_BOQ,22,text
NIELIT_Campus_BOQ_p22_l20,and finishing thegroove complete asperspecifications and direction of,NIELIT_Campus_BOQ,22,text
NIELIT_Campus_BOQ_p23_l3,82 A Providing andfixing wall with texture paint ininteior wall with abase coat,NIELIT_Campus_BOQ,23,text
NIELIT_Campus_BOQ_p23_l7,ability elasticity andwater proofing oftexture forlonger &dust proof lifeof,NIELIT_Campus_BOQ,23,text
NIELIT_Campus_BOQ_p23_l8,texture paint aspermanufacturer specifications ordirection ofengineer in,NIELIT_Campus_BOQ,23,text
NIELIT_Campus_BOQ_p23_l12,"83 21.1 Providing &fixing aluminium work fordoors, windows, ventilators &",NIELIT_Campus_BOQ,23,text
NIELIT_Campus_BOQ_p23_l16,"expansion hold fastners including necessary filling upofgaps atjunctions,",NIELIT_Campus_BOQ,23,text
NIELIT_Campus_BOQ_p23_l20,"glazing/panelling C.P. brass/ Stainless Steel screws, allcomplete asper",NIELIT_Campus_BOQ,23,text
NIELIT_Campus_BOQ_p23_l26,"b) 21.1.2 Forshutters ofdoors, windows &ventilators including providing andfixing",NIELIT_Campus_BOQ,23,text
NIELIT_Campus_BOQ_p23_l27,hinges/ pivots andmaking provision forfixing offittings wherever required,NIELIT_Campus_BOQ,23,text
NIELIT_Campus_BOQ_p23_l28,including thecost ofPVC/ neoprene gasket required. (Fittings shall be,NIELIT_Campus_BOQ,23,text
NIELIT_Campus_BOQ_p24_l2,84 21.4 Providing &fixing double action hydraulic floor spring ofapproved brand,NIELIT_Campus_BOQ,24,text
NIELIT_Campus_BOQ_p24_l3,"andmanufacture IS:6315 marked, fordoors including cost ofcutting floors",NIELIT_Campus_BOQ,24,text
NIELIT_Campus_BOQ_p24_l4,"asrequired, embedding infloors and cover plates with brass pivot and",NIELIT_Campus_BOQ,24,text
NIELIT_Campus_BOQ_p24_l5,single piece MSsheet outer boxwith slide plate etc.complete asperthe,NIELIT_Campus_BOQ,24,text
NIELIT_Campus_BOQ_p24_l7,a) 21.4.1 With stainless steel cover plate Each 1.00 1953.10 1953.10,NIELIT_Campus_BOQ,24,text
NIELIT_Campus_BOQ_p24_l9,aluminium doors including necessary cutting and making good etc.,NIELIT_Campus_BOQ,24,text
NIELIT_Campus_BOQ_p24_l11,86 21.15 Providing &fixing aluminium casement window fastener ofrequired length,NIELIT_Campus_BOQ,24,text
NIELIT_Campus_BOQ_p24_l12,for aluminium windows with necessary screws etc. complete.,NIELIT_Campus_BOQ,24,text
NIELIT_Campus_BOQ_p24_l17,"88 21.3 Providing and fixing glazing inaluminium doors, windows, ventilator",NIELIT_Campus_BOQ,24,text
NIELIT_Campus_BOQ_p25_l24,"Concrete structure with necessary clamps, fastening straps, nuts, bolts, Sqm 300 3034.48 910344.83",NIELIT_Campus_BOQ,25,text
NIELIT_Campus_BOQ_p25_l25,"and flashing, approved structural silicon sealant of recommended grade",NIELIT_Campus_BOQ,25,text
NIELIT_Campus_BOQ_p25_l37,vertical movement Upto 10mm for every floor and capable of withstanding,NIELIT_Campus_BOQ,25,text
NIELIT_Campus_BOQ_p26_l4,"gasket based, designed with chamber for ressure equalization. Main frame",NIELIT_Campus_BOQ,26,text
NIELIT_Campus_BOQ_p26_l19,"92 Providing and fixing glazing inaluminium doors, windows, ventilator",NIELIT_Campus_BOQ,26,text
NIELIT_Campus_BOQ_p27_l2,"93 22.5 Providing andlaying water proofing treatment insunken portion ofWCs,",NIELIT_Campus_BOQ,27,text
NIELIT_Campus_BOQ_p27_l3,bathrooms etc. byapplying cement slurry mixed with water proofing,NIELIT_Campus_BOQ,27,text
NIELIT_Campus_BOQ_p27_l4,cement comopund consisting ofapplying: a)First layer ofslurry ofcement,NIELIT_Campus_BOQ,27,text
NIELIT_Campus_BOQ_p27_l5,@0.488 kg./Sqm mixed with water proofing cement comound @0.253,NIELIT_Campus_BOQ,27,text
NIELIT_Campus_BOQ_p27_l7,ofslurry ofcement @0.242 kg./Sqm mixed with water proofing cement,NIELIT_Campus_BOQ,27,text
NIELIT_Campus_BOQ_p27_l11,junctions of pipes and masonary with polymer mixed slurry.Sqm 100.00 215.15 21515.00,NIELIT_Campus_BOQ,27,text
NIELIT_Campus_BOQ_p27_l12,94 22.7 Providing and laying integral cement based water proofing treatment,NIELIT_Campus_BOQ,27,text
NIELIT_Campus_BOQ_p27_l15,grouting aslurry coat ofneat cement using 2.75 kg./Sqm ofcement,NIELIT_Campus_BOQ,27,text
NIELIT_Campus_BOQ_p27_l16,admixed with water proofing compound conforming toIS:2645 and,NIELIT_Campus_BOQ,27,text
NIELIT_Campus_BOQ_p27_l17,approved byEngineer-In-Charge over theRCC slab including adjoining,NIELIT_Campus_BOQ,27,text
NIELIT_Campus_BOQ_p27_l18,walls upto 300mm height including cleaning thesurface before treatment.,NIELIT_Campus_BOQ,27,text
NIELIT_Campus_BOQ_p27_l19,b)Laying brick bats with mortar using broken bricks/brick bats 25mm to,NIELIT_Campus_BOQ,27,text
NIELIT_Campus_BOQ_p27_l20,115mm size with 50% ofcement mortar 1:5(1cement :5coarse sand),NIELIT_Campus_BOQ,27,text
NIELIT_Campus_BOQ_p27_l21,admixed with water proofing cement compound conforming toIS:2645 and,NIELIT_Campus_BOQ,27,text
NIELIT_Campus_BOQ_p27_l22,approved byEngineer-In-Charge over 20mm thick layer ofcement mortar,NIELIT_Campus_BOQ,27,text
NIELIT_Campus_BOQ_p27_l23,ofmix 1:5(1cement: 5coarse sand) admixed with water proofing,NIELIT_Campus_BOQ,27,text
NIELIT_Campus_BOQ_p27_l25,Charge torequired slope &treating similarly theadjoining walls upto 300,NIELIT_Campus_BOQ,27,text
NIELIT_Campus_BOQ_p27_l26,mm height including rounding of junctions of walls and slabs. WATER PROOFING:,NIELIT_Campus_BOQ,27,text
NIELIT_Campus_BOQ_p28_l2,c)After twodays ofproper curing applying asecond coat ofcement slurry,NIELIT_Campus_BOQ,28,text
NIELIT_Campus_BOQ_p28_l3,using 2.75 kg./sqm ofcement admixed with water proofing comopound,NIELIT_Campus_BOQ,28,text
NIELIT_Campus_BOQ_p28_l5,Finishing thesurface with20mm thick jointless cement mortar ofmix1:4(1,NIELIT_Campus_BOQ,28,text
NIELIT_Campus_BOQ_p28_l6,cement :4coarse sand) admixed with water proofing compound,NIELIT_Campus_BOQ,28,text
NIELIT_Campus_BOQ_p28_l8,laying glass fibre cloth ofapproved quality intoplayer ofplaster andfinally,NIELIT_Campus_BOQ,28,text
NIELIT_Campus_BOQ_p28_l9,finishing thesurface with trowel with neat cement slurry and making,NIELIT_Campus_BOQ,28,text
NIELIT_Campus_BOQ_p28_l22,"c SS plate for floor number-size 8""x8"" Each 4.00 728.28 2913.10",NIELIT_Campus_BOQ,28,text
NIELIT_Campus_BOQ_p28_l24,"96 providing &fixing signage 3mm thick acrylic sheet with Radium printing,",NIELIT_Campus_BOQ,28,text
NIELIT_Campus_BOQ_p29_l1,1 SANITARY FIXTURES 273235.90,NIELIT_Campus_BOQ,29,text
NIELIT_Campus_BOQ_p29_l2,"2 SOIL, WASTE VENT PIPE 200116.00",NIELIT_Campus_BOQ,29,text
NIELIT_Campus_BOQ_p29_l4,4 DRAINAGE(SEWERAGE) 90493.00,NIELIT_Campus_BOQ,29,text
NIELIT_Campus_BOQ_p30_l5,"100mm sand cast iron PorStrap, 10litres lowlevel white PVC flushing",NIELIT_Campus_BOQ,30,text
NIELIT_Campus_BOQ_p30_l7,"with allfittings &fixtures conpletes,including cutting and making good the",NIELIT_Campus_BOQ,30,text
NIELIT_Campus_BOQ_p30_l8,walls and floors wherever required :,NIELIT_Campus_BOQ,30,text
NIELIT_Campus_BOQ_p30_l13,lowlevel white viterous china flushing cistern &C.P. flush bend with fittings,NIELIT_Campus_BOQ,30,text
NIELIT_Campus_BOQ_p30_l16,"complete including painting offittings and brackets, cutting &making good",NIELIT_Campus_BOQ,30,text
NIELIT_Campus_BOQ_p30_l17,the walls and floors wherever required.,NIELIT_Campus_BOQ,30,text
NIELIT_Campus_BOQ_p30_l19,3 17.4 Providing and fixing white vitreous chine flatback orwall corner type lipped,NIELIT_Campus_BOQ,30,text
NIELIT_Campus_BOQ_p30_l21,with automatic flushing cistern with standard flush pipe and CPbrass,NIELIT_Campus_BOQ,30,text
NIELIT_Campus_BOQ_p30_l22,spereaders with brass unions and GIclamps complete including painting of,NIELIT_Campus_BOQ,30,text
NIELIT_Campus_BOQ_p30_l23,"fittings brackets, cutting &making good the walls and floors wherever",NIELIT_Campus_BOQ,30,text
NIELIT_Campus_BOQ_p30_l24,required. SANITARY FIXTURE:NAME OF THE PROJECT :CONSTN. OF ACADAMIC BUILDING,NIELIT_Campus_BOQ,30,text
NIELIT_Campus_BOQ_p30_l25,NAME OF WORK: DETAILED COST ESTIMATE OF INTERNAL PLUMBING WORKS,NIELIT_Campus_BOQ,30,text
NIELIT_Campus_BOQ_p31_l5,"32mm CPbrass waste ofstandard pattern, including painting offittings and",NIELIT_Campus_BOQ,31,text
NIELIT_Campus_BOQ_p31_l6,"brackets cutting & making good the walls, wherever required.",NIELIT_Campus_BOQ,31,text
NIELIT_Campus_BOQ_p31_l9,5 17.28 Providing &fixing PVC waste pipe forsinkorwash basin including PVC waste,NIELIT_Campus_BOQ,31,text
NIELIT_Campus_BOQ_p31_l10,fittings complete,NIELIT_Campus_BOQ,31,text
NIELIT_Campus_BOQ_p31_l11,17.28.1 Semi rigid pipe,NIELIT_Campus_BOQ,31,text
NIELIT_Campus_BOQ_p31_l18,TOTAL FOR SCHEDULE TIEMS(SANITARY FIXTURE) 273235.90,NIELIT_Campus_BOQ,31,text
NIELIT_Campus_BOQ_p31_l20,"8 17.35 Providing and fixing soil, waste vent pipes",NIELIT_Campus_BOQ,31,text
NIELIT_Campus_BOQ_p31_l21,a) 17.35.1 100mm diaSOIL WASTE VENT PIPES AND FITTINGS:,NIELIT_Campus_BOQ,31,text
NIELIT_Campus_BOQ_p32_l3,17.35.1.2 Centrifugally cast (spun) iron socketed pipe as per IS:3989.S&S pipe Mtr 50.00 857.30 42865.00,NIELIT_Campus_BOQ,32,text
NIELIT_Campus_BOQ_p32_l5,17.35.2.2 Centrifugally cast (spun) iron socketed pipe as per IS:3989. Mtr 60.00 744.50 44670.00,NIELIT_Campus_BOQ,32,text
NIELIT_Campus_BOQ_p32_l6,9 17.37 Providing andfixing MSholder-bat clamps ofapproved design toSand Cast,NIELIT_Campus_BOQ,32,text
NIELIT_Campus_BOQ_p32_l7,iron/cast iron(spun) pipe embedded inandincluding cement concrete blocks,NIELIT_Campus_BOQ,32,text
NIELIT_Campus_BOQ_p32_l8,10x10x10 cmof1:2:4 mix (1cement: 2coarse sand :4graded stone,NIELIT_Campus_BOQ,32,text
NIELIT_Campus_BOQ_p32_l9,aggregate 20mm nominal size) including cost ofcutting holes and making,NIELIT_Campus_BOQ,32,text
NIELIT_Campus_BOQ_p32_l10,good the walls etc.,NIELIT_Campus_BOQ,32,text
NIELIT_Campus_BOQ_p32_l11,17.37.1 For 100mm dia pipe Each 21 112.50 2344.00,NIELIT_Campus_BOQ,32,text
NIELIT_Campus_BOQ_p32_l12,17.37.2 For 75mm dia pipe Each 25 110.15 2754.00,NIELIT_Campus_BOQ,32,text
NIELIT_Campus_BOQ_p32_l13,10 17.38 Providing andfixing bend ofrequired degree withaccess door insertion rubber,NIELIT_Campus_BOQ,32,text
NIELIT_Campus_BOQ_p32_l16,17.38.1.2 Sand Cast iron S&S as per IS-3989 Each 2.00 353.25 707.00,NIELIT_Campus_BOQ,32,text
NIELIT_Campus_BOQ_p32_l18,17.38.2.2 Sand Cast iron S&S as per IS-3989 Each 2.00 281.15 562.00,NIELIT_Campus_BOQ,32,text
NIELIT_Campus_BOQ_p32_l21,17.39.1.2 Sand Cast iron S&S as per IS-3989 Each 21.00 296.35 6223.00,NIELIT_Campus_BOQ,32,text
NIELIT_Campus_BOQ_p32_l23,17.39.2.2 Sand Cast iron S&S as per IS-3989 Each 30.00 221.95 6659.00,NIELIT_Campus_BOQ,32,text
NIELIT_Campus_BOQ_p33_l3,12 17.40 Providing and fixing heal rest sanitary bend,NIELIT_Campus_BOQ,33,text
NIELIT_Campus_BOQ_p33_l5,17.40.1.2 Sand Cast iron S&S as per IS-3989 Each 2.00 342.80 686.00,NIELIT_Campus_BOQ,33,text
NIELIT_Campus_BOQ_p33_l7,17.40.2.2 Sand Cast iron S&S as per IS-3989 Each 2.00 297.45 595.00,NIELIT_Campus_BOQ,33,text
NIELIT_Campus_BOQ_p33_l9,"door, insertion rubber washer 3mm thick, bolts and nuts complete.",NIELIT_Campus_BOQ,33,text
NIELIT_Campus_BOQ_p33_l11,17.43.1.2 Sand Cast iron S&S as per IS-3989 Each 2.00 579.45 1159.00,NIELIT_Campus_BOQ,33,text
NIELIT_Campus_BOQ_p33_l13,17.43.2.2 Sand Cast iron S&S as per IS-3989 Each 2.00 438.00 876.00,NIELIT_Campus_BOQ,33,text
NIELIT_Campus_BOQ_p33_l16,17.56.1.2 Sand Cast iron S&S as per IS-3989 Each 2.00 244.10 488.00,NIELIT_Campus_BOQ,33,text
NIELIT_Campus_BOQ_p33_l18,17.56.2.2 Sand Cast iron S&S as per IS-3989 Each 2.00 221.95 444.00,NIELIT_Campus_BOQ,33,text
NIELIT_Campus_BOQ_p33_l21,17.57.1.2 Sand Cast iron S&S as per IS-3989 Each 36 238.25 8509.00,NIELIT_Campus_BOQ,33,text
NIELIT_Campus_BOQ_p34_l4,17.57.2.2 Sand Cast iron S&S as per IS-3989 Each 43 169.25 7254.00,NIELIT_Campus_BOQ,34,text
NIELIT_Campus_BOQ_p34_l5,16 17.58 Providing lead caulked joints tosand cast iron/centrifugally cast (spun) iron,NIELIT_Campus_BOQ,34,text
NIELIT_Campus_BOQ_p34_l6,pipes & fittings of dia,NIELIT_Campus_BOQ,34,text
NIELIT_Campus_BOQ_p34_l11,good the walls and floors.,NIELIT_Campus_BOQ,34,text
NIELIT_Campus_BOQ_p34_l13,17.60.2.1 Sand Cast iron S&S as per IS-3989 Each 37.00 838.85 31037.00,NIELIT_Campus_BOQ,34,text
NIELIT_Campus_BOQ_p34_l14,18 17.61 Cutting chases inbrick masonry walls forfollowing diameter sand cast,NIELIT_Campus_BOQ,34,text
NIELIT_Campus_BOQ_p34_l15,iron/centrifugally cast (spun) iron pipes and making good thesame with,NIELIT_Campus_BOQ,34,text
NIELIT_Campus_BOQ_p34_l16,cement concrete 1:3:6 (1cement: 3coarse sand: 6graded stone aggregate,NIELIT_Campus_BOQ,34,text
NIELIT_Campus_BOQ_p34_l17,12.5mm nominal size) including necessary plaster and painting incement,NIELIT_Campus_BOQ,34,text
NIELIT_Campus_BOQ_p34_l18,mortar 1:4 (1 cement: 4 coarse sand).,NIELIT_Campus_BOQ,34,text
NIELIT_Campus_BOQ_p34_l21,"19 17.65 Painting sand cast iron/centrifugally cast (spun) ironsoil,waste vent pipes and",NIELIT_Campus_BOQ,34,text
NIELIT_Campus_BOQ_p34_l22,fittings with paint ofanycolour such aschocolate grey orbuffetc.over acoat,NIELIT_Campus_BOQ,34,text
NIELIT_Campus_BOQ_p34_l24,a) 17.65.1 a) 100mm dia meter pipe Mtr 50.00 28.75 1438.00,NIELIT_Campus_BOQ,34,text
NIELIT_Campus_BOQ_p35_l3,b) 17.65.2 b) 75mm dia meter pipe Mtr 60.00 22.00 1320.00,NIELIT_Campus_BOQ,35,text
NIELIT_Campus_BOQ_p35_l7,pressure pipes conforming toIS-15450 U.V. stabilized with carbon black,NIELIT_Campus_BOQ,35,text
NIELIT_Campus_BOQ_p35_l9,temperature upto 80deg. Cincluding allspecial fittings ofcomposite material,NIELIT_Campus_BOQ,35,text
NIELIT_Campus_BOQ_p35_l13,Internal work -Exposed on wall,NIELIT_Campus_BOQ,35,text
NIELIT_Campus_BOQ_p35_l14,18.1.3 2025(16mm OD )pipe Mtr 15.20 277.95 4224.84,NIELIT_Campus_BOQ,35,text
NIELIT_Campus_BOQ_p35_l15,18.1.4 2532(16mm OD )pipe Mtr 15.20 362.85 5515.32,NIELIT_Campus_BOQ,35,text
NIELIT_Campus_BOQ_p35_l16,18.1.5 3240(16mm OD )pipe Mtr 20.00 559.65 11193.00,NIELIT_Campus_BOQ,35,text
NIELIT_Campus_BOQ_p35_l18,pressure pipes conforming toIS-15450 U.V. stabilized with carbon black,NIELIT_Campus_BOQ,35,text
NIELIT_Campus_BOQ_p35_l20,temperature upto 80deg. Cincluding allspecial fittings ofcomposite material,NIELIT_Campus_BOQ,35,text
NIELIT_Campus_BOQ_p35_l24,complete as per direction of Engineer-in-charge.SCHEDULE ITEMSTOTAL FOR SCHEDULE ITEMS(SOIL WASTE VENT PIPES & FITTINGS),NIELIT_Campus_BOQ,35,text
NIELIT_Campus_BOQ_p36_l4,walls etc. complete,NIELIT_Campus_BOQ,36,text
NIELIT_Campus_BOQ_p36_l5,18.2.1 1216 ( 16mm OD) pipe Mtr 50 297.95 14897.50,NIELIT_Campus_BOQ,36,text
NIELIT_Campus_BOQ_p36_l6,18.2.2 1620 ( 20mm OD) pipe Mtr 125 340.60 42575.00,NIELIT_Campus_BOQ,36,text
NIELIT_Campus_BOQ_p36_l8,pressure pipes conforming toIS-15450-2004 U.V. stabilized with carbon,NIELIT_Campus_BOQ,36,text
NIELIT_Campus_BOQ_p36_l10,temperature upto 80deg. Cincluding allspecial fittings ofcomposite material,NIELIT_Campus_BOQ,36,text
NIELIT_Campus_BOQ_p36_l12,"tees, reducers, couplers &connectors etc.with trenching,refilling andtesting",NIELIT_Campus_BOQ,36,text
NIELIT_Campus_BOQ_p36_l15,18.3.6 4050 (50mm OD) Pipe Mtr 29.4 558.75 16427.25,NIELIT_Campus_BOQ,36,text
NIELIT_Campus_BOQ_p36_l17,"providing & fixing tee, including cutting and threading the pipe etc. complete.",NIELIT_Campus_BOQ,36,text
NIELIT_Campus_BOQ_p37_l16,27 18.41 Providing &fitting sand ofgrading zone Vorcoarser grade alround theGI,NIELIT_Campus_BOQ,37,text
NIELIT_Campus_BOQ_p37_l17,pipes in external work:,NIELIT_Campus_BOQ,37,text
NIELIT_Campus_BOQ_p37_l18,18.41.6 50mm diameter pipe Mtr 1 61.40 61.40,NIELIT_Campus_BOQ,37,text
NIELIT_Campus_BOQ_p37_l19,28 18.27 Providing &laying S&S centrifugally cast (spun) iron pipes (Class LA),NIELIT_Campus_BOQ,37,text
NIELIT_Campus_BOQ_p37_l21,18.27.3 100mm dia pipe Mtrs 60.00 1476.70 88602.00,NIELIT_Campus_BOQ,37,text
NIELIT_Campus_BOQ_p38_l8,31 NS Providing and fixing CI cover with frame for RCC UGT / OHT,NIELIT_Campus_BOQ,38,text
NIELIT_Campus_BOQ_p38_l11,32 NS Providing and fixing monoblock centrifugal pumping setwith gun metal,NIELIT_Campus_BOQ,38,text
NIELIT_Campus_BOQ_p38_l12,impeller with totally enclosed fancolled squirrel cage induction motor capable,NIELIT_Campus_BOQ,38,text
NIELIT_Campus_BOQ_p38_l14,"dialguage, base plate priming arrangement, with wiring, panel &equipments",NIELIT_Campus_BOQ,38,text
NIELIT_Campus_BOQ_p38_l15,forwater level controller tostart /stop thepump automatically with protection,NIELIT_Campus_BOQ,38,text
NIELIT_Campus_BOQ_p38_l20,34 NS Providing andplacing onterrace (atallfloor levels) polyethylene water storage,NIELIT_Campus_BOQ,38,text
NIELIT_Campus_BOQ_p38_l21,tank IS:12701 marked with cover &suitable locking arrangement andmaking,NIELIT_Campus_BOQ,38,text
NIELIT_Campus_BOQ_p38_l22,"necessary holes forinlet, outlet &overflow pipes butwithout fittings andthe",NIELIT_Campus_BOQ,38,text
NIELIT_Campus_BOQ_p38_l23,base support for tank.Litre 1500.00 9.66 14482.76,NIELIT_Campus_BOQ,38,text
NIELIT_Campus_BOQ_p38_l25,D) SEWERAGE (INTERNAL):,NIELIT_Campus_BOQ,38,text
NIELIT_Campus_BOQ_p39_l3,"35 19.1 Providing, laying &jointing glazed stoneware pipes grade 'A'with stiffmixture",NIELIT_Campus_BOQ,39,text
NIELIT_Campus_BOQ_p39_l4,ofcement mortar intheproportion of1:1(1cement :1finesand) including,NIELIT_Campus_BOQ,39,text
NIELIT_Campus_BOQ_p39_l7,36 19.2 Providing andlaying cement concrete 1:5:10 (1cement: 5coarse sand :10,NIELIT_Campus_BOQ,39,text
NIELIT_Campus_BOQ_p39_l8,graded stone aggregate 40mm nominal size) alround SWpipes including bed,NIELIT_Campus_BOQ,39,text
NIELIT_Campus_BOQ_p39_l9,concrete as per standard design.,NIELIT_Campus_BOQ,39,text
NIELIT_Campus_BOQ_p39_l10,a) 19.2.1 100 mm dia RCC pipe Mtr 10.00 496.90 4969.00,NIELIT_Campus_BOQ,39,text
NIELIT_Campus_BOQ_p39_l12,grating brick masonry chamber with water tight CICover with frame of,NIELIT_Campus_BOQ,39,text
NIELIT_Campus_BOQ_p39_l16,19.4.1.1 With FPS bricks class designation 75. Each 3.00 1256.35 3769.00,NIELIT_Campus_BOQ,39,text
NIELIT_Campus_BOQ_p39_l17,38 19.6 Providing and laying non-pressure NP2 class (light duty) RCC pipes with,NIELIT_Campus_BOQ,39,text
NIELIT_Campus_BOQ_p39_l18,collars jointed with stiffmixture ofcement mortar intheproportion of1:2(1,NIELIT_Campus_BOQ,39,text
NIELIT_Campus_BOQ_p39_l19,cement : 2 fine sand) including testing of the joints etc. complete.,NIELIT_Campus_BOQ,39,text
NIELIT_Campus_BOQ_p39_l20,a) 19.6.2 150 mm dia RCC pipe Mtr 150.00 254.50 38175.00,NIELIT_Campus_BOQ,39,text
NIELIT_Campus_BOQ_p40_l3,39 19.7 Constructing brick masonary manhole incement mortar 1:4(1cement: 4,NIELIT_Campus_BOQ,40,text
NIELIT_Campus_BOQ_p40_l4,coarse sand) RCC topslab with1:2:4 mix(1cement: 2coarse sand: 4graded,NIELIT_Campus_BOQ,40,text
NIELIT_Campus_BOQ_p40_l5,"stone aggregate 20mmnominal size), fondation concrete 1:4:8 (1cement: 4",NIELIT_Campus_BOQ,40,text
NIELIT_Campus_BOQ_p40_l6,coarse sand: 8graded stone aggregate 40mmnominal size) inside plastering,NIELIT_Campus_BOQ,40,text
NIELIT_Campus_BOQ_p40_l7,12mmthick with cement mortar 1:3(1cement: 3coarse sand) finished with,NIELIT_Campus_BOQ,40,text
NIELIT_Campus_BOQ_p40_l8,floating coat ofneat cement andmaking channels incement concrete 1:2:4 (,NIELIT_Campus_BOQ,40,text
NIELIT_Campus_BOQ_p40_l9,1cement: 2coarse sand: 4graded stone aggregated 20mm nominal size),NIELIT_Campus_BOQ,40,text
NIELIT_Campus_BOQ_p40_l10,finished with a floating coat of neat cement complete as per standard design.,NIELIT_Campus_BOQ,40,text
NIELIT_Campus_BOQ_p40_l14,19.7.1.1 With FPS bricks with class designation 75 Each 5.00 7132.00 35660.00,NIELIT_Campus_BOQ,40,text
NIELIT_Campus_BOQ_p40_l16,encapsulated asper IS:10910 on12mm diasteel bar comforming to,NIELIT_Campus_BOQ,40,text
NIELIT_Campus_BOQ_p40_l24,manholes with 30x20x15cm cement concrete block 1:3:6 (1cement :3,NIELIT_Campus_BOQ,40,text
NIELIT_Campus_BOQ_p40_l25,coarse sand :6graded stone aggregate 20mm nominal size) complete asper,NIELIT_Campus_BOQ,40,text
NIELIT_Campus_BOQ_p41_l3,E) EARTH WORK( INTERNAL PLUMBING WORK),NIELIT_Campus_BOQ,41,text
NIELIT_Campus_BOQ_p41_l9,"42 2.10 Excavating trenches ofrequired width forpipes, cables, etc. including",NIELIT_Campus_BOQ,41,text
NIELIT_Campus_BOQ_p41_l10,"excavation forsockets andrefessing ofsides, ramming ofbottom depth upto",NIELIT_Campus_BOQ,41,text
NIELIT_Campus_BOQ_p41_l16,"2.10.1.2 Pipes, cables etc. exceeding 80mm dia but not exceeding 300mm dia Mtr 40.00 165.60 6624.00",NIELIT_Campus_BOQ,41,text
NIELIT_Campus_BOQ_p41_l17,"43 2.25 Filling available excavted earth (excluding rock) intrenches, plinth sides of",NIELIT_Campus_BOQ,41,text
NIELIT_Campus_BOQ_p41_l18,foundations etc. inlayet notexceeding 20cmindepth consolidation earth,NIELIT_Campus_BOQ,41,text
NIELIT_Campus_BOQ_p42_l1,"1 INTERNAL ELECTRICAL, UPS",NIELIT_Campus_BOQ,42,text
NIELIT_Campus_BOQ_p43_l2,1 1.10 Wiring forlight point/ fanpoint/ exhaust fanpoint/ callbellpoint with1.5sq.mm FRPVC insulated,NIELIT_Campus_BOQ,43,text
NIELIT_Campus_BOQ_p43_l3,"copper conductor single core cable insurface /recessed medium class PVC conduit, with",NIELIT_Campus_BOQ,43,text
NIELIT_Campus_BOQ_p43_l7,2 1.11 Wiring fortwin control light point with 1.5sq.mm FRPVC insulated copper conductor single core,NIELIT_Campus_BOQ,43,text
NIELIT_Campus_BOQ_p43_l8,"cable insurface /recessed medium class PVC conduit, 2way modular switch, modular plate,",NIELIT_Campus_BOQ,43,text
NIELIT_Campus_BOQ_p43_l11,"3 1.12 Wiring forlight/power plug with 2x4Sq.mm FRPVC insulated, copper conductor, single core",NIELIT_Campus_BOQ,43,text
NIELIT_Campus_BOQ_p43_l12,cable insurface/recessed PVC conduit alongwith 1No.4Sq.mm FRPVC insulated copper,NIELIT_Campus_BOQ,43,text
NIELIT_Campus_BOQ_p43_l14,"4 1.13 Wiring forlight/power plug with 4x4Sq.mm FRPVC insulated, copper conductor, single core",NIELIT_Campus_BOQ,43,text
NIELIT_Campus_BOQ_p43_l15,cable insurface/recessed PVC conduit alongwith 2Nos. 4Sq.mm FRPVC insulated copper,NIELIT_Campus_BOQ,43,text
NIELIT_Campus_BOQ_p43_l17,5 1.14 Wiring forcircuit/sub main wiring alongwith earth wire with thefollowing sizes ofPVC insulated,NIELIT_Campus_BOQ,43,text
NIELIT_Campus_BOQ_p43_l18,"copper conductor, single core cable in surface/recessed PVC conduit as required.",NIELIT_Campus_BOQ,43,text
NIELIT_Campus_BOQ_p43_l19,a) 1.14.1 2x1.5 Sqmm + 1x1.5 Sq.mm (For circuit wiring) Metre 4420 107.00 472940.00,NIELIT_Campus_BOQ,43,text
NIELIT_Campus_BOQ_p43_l31,"NAME OF WORK : PROVIDING INTERNAL ELECTRICAL INSTALLATIONS IN ACADEMIC BLOCK AT NEILET, AGARTALA",NIELIT_Campus_BOQ,43,text
NIELIT_Campus_BOQ_p44_l14,11 1.35 Erection ofwallbracket /ceiling fittings ofallsizes andshapes containing upto twoGLS lamps per,NIELIT_Campus_BOQ,44,text
NIELIT_Campus_BOQ_p44_l15,"fitting, complete with all accessories including connection etc. as required.Each 88 39.00 3432.00",NIELIT_Campus_BOQ,44,text
NIELIT_Campus_BOQ_p44_l16,"12 1.41 Installation, testing andcommissioning ofprewired fluorescent fitting/compact fluorescent fitting",NIELIT_Campus_BOQ,44,text
NIELIT_Campus_BOQ_p44_l17,"ofalltypes, complete with allaccessories and tubes etc. directly onceiling/wall including",NIELIT_Campus_BOQ,44,text
NIELIT_Campus_BOQ_p44_l20,"13 1.44 Installation, testing andcommissioning ofceiling fan,including wiring thedown rods ofstandard",NIELIT_Campus_BOQ,44,text
NIELIT_Campus_BOQ_p44_l23,14 1.49 Numbering of ceiling fan/exhaust fan/ fluorescent fittings as required. Each 537 19.50 10471.50,NIELIT_Campus_BOQ,44,text
NIELIT_Campus_BOQ_p44_l28,"17 2.4 Supplying and fixing following way, horizontal type three pole and neutral, sheet steel, MCB",NIELIT_Campus_BOQ,44,text
NIELIT_Campus_BOQ_p44_l30,"bar,earth bar,dinbar,interconnections, powder painted including earthing etc.asrequired. (But",NIELIT_Campus_BOQ,44,text
NIELIT_Campus_BOQ_p44_l31,without MCB/RCCB/Isolator),NIELIT_Campus_BOQ,44,text
NIELIT_Campus_BOQ_p44_l32,"a) 2.4.4 4 way (4 + 12), Double door Each 14 1654.00 23156.00",NIELIT_Campus_BOQ,44,text
NIELIT_Campus_BOQ_p44_l33,"b) 2.4.5 6 way (4 + 18), Double door Each 4 2047.00 8188.00",NIELIT_Campus_BOQ,44,text
NIELIT_Campus_BOQ_p44_l34,"c) 2.4.6 8 way (4 + 24), Double door Each 9 2529.00 22761.00",NIELIT_Campus_BOQ,44,text
NIELIT_Campus_BOQ_p45_l7,"current circuit breaker (RCCB), having asensitivity current upto 300milliamperes intheexisting",NIELIT_Campus_BOQ,45,text
NIELIT_Campus_BOQ_p45_l13,"metal enclosed plug topalongwith 20amps ""C""curve, SP,MCB, insheet steel enclosure, on",NIELIT_Campus_BOQ,45,text
NIELIT_Campus_BOQ_p45_l16,"22 5.2 Earthing withGIearth pipe 4.5mlong, 40mm diaincluding accessories, andproviding masonary",NIELIT_Campus_BOQ,45,text
NIELIT_Campus_BOQ_p45_l17,enclosure with cover plate having locking arrangement and watering pipe etc.with charcoal /,NIELIT_Campus_BOQ,45,text
NIELIT_Campus_BOQ_p45_l24,existing surface/ recessed conduit/ submain wiring/ cable as required.Metre 38 19.50 741.00,NIELIT_Campus_BOQ,45,text
NIELIT_Campus_BOQ_p45_l27,25 NS Supplying of light fittings complete with all standard accessories as required.,NIELIT_Campus_BOQ,45,text
NIELIT_Campus_BOQ_p45_l28,a)1x13 WCFL. Fitting Surface mounted asperDecon Product. No03XA with Lamp orsimilar,NIELIT_Campus_BOQ,45,text
NIELIT_Campus_BOQ_p45_l30,b)2x11 WCFL. Wall Surface mounted asperBajaj Product. NoBSM 211CFL W2EB with Lamp,NIELIT_Campus_BOQ,45,text
NIELIT_Campus_BOQ_p45_l32,c) 1x18 WCFL. Bulk Head Fitting Surface mounted asperLUSTRE Product. No6217 with Lamp,NIELIT_Campus_BOQ,45,text
NIELIT_Campus_BOQ_p46_l1,26 NSSupplying of light fittings complete with all standard accessories of the following type as required .,NIELIT_Campus_BOQ,46,text
NIELIT_Campus_BOQ_p46_l2,a)1x28 WFl.Fitting asperBajaj Product. NoBLPR 128 with lamp orsimilar specification ofother,NIELIT_Campus_BOQ,46,text
NIELIT_Campus_BOQ_p46_l4,b)2x36 WFl.Fitting asperBajaj Product. NoBCIR 236W2EB withlamp orsimilar specification of,NIELIT_Campus_BOQ,46,text
NIELIT_Campus_BOQ_p46_l18,"31 NS Supplying installation, testing &commissioning ofRaceway complete G.Ifitting ofthefollowing",NIELIT_Campus_BOQ,46,text
NIELIT_Campus_BOQ_p46_l22,"32 NS Supplying installation, testing &commissioning ofJunction Box complete G.Ifitting ofthe",NIELIT_Campus_BOQ,46,text
NIELIT_Campus_BOQ_p47_l3,"The panel shall beindoor, free floor standing, metal clad, power coated, dust &vermin proof,",NIELIT_Campus_BOQ,47,text
NIELIT_Campus_BOQ_p47_l4,compartment type enclosure ofIP-42 &fabricated outof2mm thick CRCA sheet with necessary,NIELIT_Campus_BOQ,47,text
NIELIT_Campus_BOQ_p47_l5,busbarandcable alleyes andfoundation channel of100x50x6mm. The incoming andoutgoing,NIELIT_Campus_BOQ,47,text
NIELIT_Campus_BOQ_p47_l6,"feeders shall beaccomodated inamulti-tier arrangement, painting, earting, sign writing,",NIELIT_Campus_BOQ,47,text
NIELIT_Campus_BOQ_p47_l7,numbering shall becomplete with foundation channel of100x50x6mm asperspecifications &,NIELIT_Campus_BOQ,47,text
NIELIT_Campus_BOQ_p47_l27,"The panel shall beindoor, free floor standing, metal clad, power coated, dust &vermin proof,",NIELIT_Campus_BOQ,47,text
NIELIT_Campus_BOQ_p47_l28,compartment type enclosure ofIP-42 &fabricated outof2mm thick CRCA sheet with necessary,NIELIT_Campus_BOQ,47,text
NIELIT_Campus_BOQ_p47_l29,busbarandcable alleyes andfoundation channel of100x50x6mm. The incoming andoutgoing,NIELIT_Campus_BOQ,47,text
NIELIT_Campus_BOQ_p47_l30,"feeders shall beaccomodated inamulti-tier arrangement, painting, earting, sign writing,",NIELIT_Campus_BOQ,47,text
NIELIT_Campus_BOQ_p47_l31,numbering shall becomplete with foundation channel of100x50x6mm asperspecifications &,NIELIT_Campus_BOQ,47,text
NIELIT_Campus_BOQ_p48_l16,"with allstandard accessories i.e.M.S Frame, Copper pipe (upto 4mtrs.) with insulation, Drain",NIELIT_Campus_BOQ,48,text
NIELIT_Campus_BOQ_p48_l17,"pipe, Stabilizer as required.Each 35 41379.31 1448276.00",NIELIT_Campus_BOQ,48,text
NIELIT_Campus_BOQ_p49_l9,"rack 20 Nos.Fan (2Nos.) and casters ( Packet of 4), front glass door with lock & keys,",NIELIT_Campus_BOQ,49,text
NIELIT_Campus_BOQ_p50_l3,contract speed of1MPS serving different floors inthe liftshaft asper detailed,NIELIT_Campus_BOQ,50,text
NIELIT_Campus_BOQ_p50_l7,ii) Floor : Ground floor to 3rd floor,NIELIT_Campus_BOQ,50,text
NIELIT_Campus_BOQ_p50_l8,ii) Travel : 14.4 mtrs. (4 Floors x 3.6 mtr. height),NIELIT_Campus_BOQ,50,text
NIELIT_Campus_BOQ_p50_l14,ix) Type of doors:,NIELIT_Campus_BOQ,50,text
NIELIT_Campus_BOQ_p50_l15,"a) Car: Power operated, centre opening, horizontal sliding stainless steel scratch proof (moon",NIELIT_Campus_BOQ,50,text
NIELIT_Campus_BOQ_p50_l17,b) Landing doors: MS doors finished with spray painting of approved shade.,NIELIT_Campus_BOQ,50,text
NIELIT_Campus_BOQ_p50_l18,c) Ahand railnotless than 600mm long at900mm above floor level tobefixed adjacent to,NIELIT_Campus_BOQ,50,text
NIELIT_Campus_BOQ_p50_l20,d) Voice announcement system inthecartoanounce theposition oftheelevator inthe,NIELIT_Campus_BOQ,50,text
NIELIT_Campus_BOQ_p50_l21,hoistway as the car passes or stops at a floor served by the elevator.,NIELIT_Campus_BOQ,50,text
NIELIT_Campus_BOQ_p51_l7,proper levels byfilling with earth orearth mixed with sludge or/and,NIELIT_Campus_BOQ,51,text
NIELIT_Campus_BOQ_p52_l6,"of 30cm,refilling the excavated earth after breaking clods and",NIELIT_Campus_BOQ,52,text
NIELIT_Campus_BOQ_p52_l10,"water, filling with earth if necessary, watering and finally fine",NIELIT_Campus_BOQ,52,text
NIELIT_Campus_BOQ_p52_l18,bolted together with 8mm dia. And 30mm long bolts including painting,NIELIT_Campus_BOQ,52,text
NIELIT_Campus_BOQ_p52_l19,twocoats with paint ofapproved brand andmanufacture over acoat of,NIELIT_Campus_BOQ,52,text
NIELIT_Campus_BOQ_p52_l21,"12 23.19 Edging with bricks laid drylength wise including excavation, refilling,",NIELIT_Campus_BOQ,52,text
NIELIT_Campus_BOQ_p52_l25,(i) 23.19.1.1 F P S Brick metre 450.00 23.55 10597.50,NIELIT_Campus_BOQ,52,text
NIELIT_Campus_BOQ_p52_l29,height upto 600mmi/callexcavation india1meter anddepth 1.5meter,NIELIT_Campus_BOQ,52,text
NIELIT_Campus_BOQ_p53_l4,2.0 INTERNAL & EXTERNAL PLUMBING WORKS 745364.77 166379.31,NIELIT_Campus_BOQ,53,text
NIELIT_Campus_BOQ_p53_l6,"4.0 INTERNAL ELECTRICAL WORK, LAN SYSTEM ,LIFT,",NIELIT_Campus_BOQ,53,text
NIELIT_Campus_BOQ_p54_l4,3 CONCRETE WORK 761137.85 16034.48,NIELIT_Campus_BOQ,54,text
NIELIT_Campus_BOQ_p54_l5,4 RCC WORK 11036408.25,NIELIT_Campus_BOQ,54,text
NIELIT_Campus_BOQ_p54_l6,5 BRICK WORK 13293.00 2371777.76,NIELIT_Campus_BOQ,54,text
NIELIT_Campus_BOQ_p54_l9,8 STEEL WORK 394000.05 406896.55,NIELIT_Campus_BOQ,54,text
NIELIT_Campus_BOQ_p54_l10,9 FLOORING WORK 2878603.50 482344.83,NIELIT_Campus_BOQ,54,text
NIELIT_Campus_BOQ_p54_l11,10 ROOFING WORK 655200.90,NIELIT_Campus_BOQ,54,text
NIELIT_Campus_BOQ_p54_l12,11 FINISHING WORK 2218224.50 91034.48,NIELIT_Campus_BOQ,54,text
NIELIT_Campus_BOQ_p54_l14,13 WATER PROOFING WORK 590427.25,NIELIT_Campus_BOQ,54,text
NIELIT_Campus_BOQ_p55_l8,22.6 Earth work in excavation by mechanical means (Hydraulic,NIELIT_Campus_BOQ,55,text
NIELIT_Campus_BOQ_p55_l14,"32.25 Filling available excavated earth (excluding rock) intrenches, plinth, sides",NIELIT_Campus_BOQ,55,text
NIELIT_Campus_BOQ_p55_l15,"offoundations etc.inlayers notexceeding 20cm indepth, consolidating",NIELIT_Campus_BOQ,55,text
NIELIT_Campus_BOQ_p55_l18,42.27 Supplying and filling inplinth with local sand under floors including,NIELIT_Campus_BOQ,55,text
NIELIT_Campus_BOQ_p56_l2,a) 2.35.3 Treatment ofsoilunder existing floors using chemical emulsion @oneltr.,NIELIT_Campus_BOQ,56,text
NIELIT_Campus_BOQ_p56_l4,with cement mortar 1:2(1cement: 2coarse sand) tomatch theexisting,NIELIT_Campus_BOQ,56,text
NIELIT_Campus_BOQ_p56_l11,84.1 Providing and laying inposition cement concrete ofspecified grade,NIELIT_Campus_BOQ,56,text
NIELIT_Campus_BOQ_p56_l12,excluding the cost of centring and shuttering - All work upto plinth level:,NIELIT_Campus_BOQ,56,text
NIELIT_Campus_BOQ_p56_l13,a) 4.1.3 1:2:4 (1cement :2coarse sand :4graded stone aggregate 20mm,NIELIT_Campus_BOQ,56,text
NIELIT_Campus_BOQ_p56_l15,b) 4.1.6 1:3:6 (1cement :3coarse sand :6graded stone aggregate 40mm,NIELIT_Campus_BOQ,56,text
NIELIT_Campus_BOQ_p56_l17,c) 4.1.8 1:4:8 (1cement :4coarse sand :8graded stone aggregate 40mm,NIELIT_Campus_BOQ,56,text
NIELIT_Campus_BOQ_p56_l19,"94.2 Providing andlaying cement concrete inretaining walls, return walls, walls",NIELIT_Campus_BOQ,56,text
NIELIT_Campus_BOQ_p56_l20,"(any thickness) including attached pilasters, columns, piers, abutments,",NIELIT_Campus_BOQ,56,text
NIELIT_Campus_BOQ_p56_l22,"bed blocks, anchor blocks, plain window sills, fillets etc. upto floor five",NIELIT_Campus_BOQ,56,text
NIELIT_Campus_BOQ_p56_l23,"level, excluding the cost of centering, shuttering and finishing:",NIELIT_Campus_BOQ,56,text
NIELIT_Campus_BOQ_p56_l24,a) 4.2.5 1:3:6 (1cement :3coarse sand :6graded stone aggregate 20mm,NIELIT_Campus_BOQ,56,text
NIELIT_Campus_BOQ_p56_l25,nominal size) cum 7.00 4782.35 33476.45CONCRETE WORK:,NIELIT_Campus_BOQ,56,text
NIELIT_Campus_BOQ_p57_l2,10 4.11 Providing and laying damp-proof coarse 50mm thick cement concrete 1:2:4,NIELIT_Campus_BOQ,57,text
NIELIT_Campus_BOQ_p57_l3,(1cement :2coarse sand :4graded stone aggregate 12.5 mmnominal,NIELIT_Campus_BOQ,57,text
NIELIT_Campus_BOQ_p57_l5,11 4.12 Extra forproviding and mixing water proofing material 'Impermo' or,NIELIT_Campus_BOQ,57,text
NIELIT_Campus_BOQ_p57_l6,equivalent in cement concrete work @ 1 kg. Per 50 Kg. of cement.per 50 kg.,NIELIT_Campus_BOQ,57,text
NIELIT_Campus_BOQ_p57_l7,cement350.00 35.35 12372.50,NIELIT_Campus_BOQ,57,text
NIELIT_Campus_BOQ_p57_l12,13 4.17 Making Plinth protection 50mm thick ofcement concrete 1:3:6 (1cement :,NIELIT_Campus_BOQ,57,text
NIELIT_Campus_BOQ_p57_l13,3 Coarse sand :6 graded stone aggregate 20mm nominal size) over 75 mm,NIELIT_Campus_BOQ,57,text
NIELIT_Campus_BOQ_p57_l14,bedofdrybricks ballast 40mm nominal size wellrammed andconsolidated,NIELIT_Campus_BOQ,57,text
NIELIT_Campus_BOQ_p57_l15,and grouted with fine sand including finishing the top smooth.Sqm 80.00 338.75 27100.00,NIELIT_Campus_BOQ,57,text
NIELIT_Campus_BOQ_p57_l18,14 NS Providing andlaying inposition drybrick ballast 40mm nominal size and,NIELIT_Campus_BOQ,57,text
NIELIT_Campus_BOQ_p57_l19,grouted with fine sand including finishing thetopsmooth upto floor five,NIELIT_Campus_BOQ,57,text
NIELIT_Campus_BOQ_p57_l23,"15 5.9 Centring and shuttering including strutting, propping etc.and removal of",NIELIT_Campus_BOQ,57,text
NIELIT_Campus_BOQ_p57_l25,"a) 5.9.1 Foundations, footings, bases of columns etc. for mass concrete. sqm 500.00 166.90 83450.00",NIELIT_Campus_BOQ,57,text
NIELIT_Campus_BOQ_p57_l26,"b) 5.9.2 Walls (any thickness) including attached pilasters, butteresses, plinth and",NIELIT_Campus_BOQ,57,text
NIELIT_Campus_BOQ_p57_l28,"c) 5.9.3 Suspended floors, roofs, landings, balconies and access platform. sqm 2000.00 311.20 622400.00RCC WORK:",NIELIT_Campus_BOQ,57,text
NIELIT_Campus_BOQ_p58_l3,"e) 5.9.5 Lintels, beams, plinth beams, girders, bressumers and cantilevers. sqm 2110.00 262.25 553347.50",NIELIT_Campus_BOQ,58,text
NIELIT_Campus_BOQ_p58_l4,"f)5.9.6 Columns, Pillars, Piers, Abutments, posts and Struts sqm 880.00 365.60 321728.00",NIELIT_Campus_BOQ,58,text
NIELIT_Campus_BOQ_p58_l9,"window sills, string courses, bands, copings, bed plates, anchor blocks",NIELIT_Campus_BOQ,58,text
NIELIT_Campus_BOQ_p58_l11,j)5.9.16 Edges of slabs and breaks in floors and walls,NIELIT_Campus_BOQ,58,text
NIELIT_Campus_BOQ_p58_l13,"l)5.9.18 Small surfaces such ascantilever ends, brackets andends ofsteps, caps",NIELIT_Campus_BOQ,58,text
NIELIT_Campus_BOQ_p58_l14,and bases to pilasters and columns and the likesqm 100.00 398.35 39835.00,NIELIT_Campus_BOQ,58,text
NIELIT_Campus_BOQ_p58_l16,16 5.18 Providing precast cement concrete Jali1:2:4 (1cement: 2coarse sand: 4,NIELIT_Campus_BOQ,58,text
NIELIT_Campus_BOQ_p58_l17,stone aggregate 6mm nominal size) reinforced with 1.6mm diamild steel,NIELIT_Campus_BOQ,58,text
NIELIT_Campus_BOQ_p58_l18,"wire including centring &shuttering roughening cleaning, fixing and",NIELIT_Campus_BOQ,58,text
NIELIT_Campus_BOQ_p58_l19,finishing incement mortar 1:3(1cement: 3fine sand) etc. complete,NIELIT_Campus_BOQ,58,text
NIELIT_Campus_BOQ_p58_l20,"excluding plastering of the jambs, sills and soffits.",NIELIT_Campus_BOQ,58,text
NIELIT_Campus_BOQ_p58_l22,"17 5.22 Reinforcement forR.C.C. work including straightening, cutting, bending,",NIELIT_Campus_BOQ,58,text
NIELIT_Campus_BOQ_p58_l25,"18 5.22 A Reinforcement forR.C.C. work including straightening, cutting, bending,",NIELIT_Campus_BOQ,58,text
NIELIT_Campus_BOQ_p59_l4,machine vibrated design mix cement concrete ofspecified grade for,NIELIT_Campus_BOQ,59,text
NIELIT_Campus_BOQ_p59_l5,reinforced cement concrete work including pumping ofconcrete tositeof,NIELIT_Campus_BOQ,59,text
NIELIT_Campus_BOQ_p59_l6,"laying but excluding the cost ofcentring, shuttering, finishing and",NIELIT_Campus_BOQ,59,text
NIELIT_Campus_BOQ_p59_l7,reinforcement-including admixture inrecommended proportions asper,NIELIT_Campus_BOQ,59,text
NIELIT_Campus_BOQ_p59_l11,Note-cement content considered inthisitem is@330kg/cum. Excess/less,NIELIT_Campus_BOQ,59,text
NIELIT_Campus_BOQ_p59_l12,cement used as per design mix is payable /recoverable separately ).,NIELIT_Campus_BOQ,59,text
NIELIT_Campus_BOQ_p59_l14,b) 5.33.2 All works above plinth level upto floor five level Cum 460.00 5781.50 2659490.00,NIELIT_Campus_BOQ,59,text
NIELIT_Campus_BOQ_p59_l17,every third course of half brick masonry (with FPS bricks)Sqm 210.00 63.30 13293.00,NIELIT_Campus_BOQ,59,text
NIELIT_Campus_BOQ_p59_l20,21 NS Brick work with FPS bricks ofclass designation 100infoundation &plinth,NIELIT_Campus_BOQ,59,text
NIELIT_Campus_BOQ_p59_l22,a) Cement mortar 1:6 (1 cement: 6 coarse sand) Cum 35.00 3964.20 138747.00,NIELIT_Campus_BOQ,59,text
NIELIT_Campus_BOQ_p59_l23,22 NS Brick work with F.P.S. bricks ofclass designation 100 insuperstructure,NIELIT_Campus_BOQ,59,text
NIELIT_Campus_BOQ_p59_l24,above plinth level up to floor V level in all shapes and sizes in:,NIELIT_Campus_BOQ,59,text
NIELIT_Campus_BOQ_p59_l25,a) Cement mortar 1:6 (1 cement: 6 coarse sand) Cum 495.00 4160.34 2059370.69,NIELIT_Campus_BOQ,59,text
NIELIT_Campus_BOQ_p60_l2,23 NS Brick work inplain arches insuperstructure including centering and,NIELIT_Campus_BOQ,60,text
NIELIT_Campus_BOQ_p60_l3,shuttering complete forspan upto 6mwithF.P.S. brick ofclass designation,NIELIT_Campus_BOQ,60,text
NIELIT_Campus_BOQ_p60_l4,100 in cement mortar 1:3 (1 cement: 3 coarse sand).Cum 10.00 6484.53103 64845.31,NIELIT_Campus_BOQ,60,text
NIELIT_Campus_BOQ_p60_l5,24 N.S 125mm brick masonry with FPS bricks ofclass designation 100 in,NIELIT_Campus_BOQ,60,text
NIELIT_Campus_BOQ_p60_l6,supersructure above plinth in level upto floor V level,NIELIT_Campus_BOQ,60,text
NIELIT_Campus_BOQ_p60_l7,a) Cement mortar 1:4 (1 cement: 4 coarse sand) Sqm 210.00 518.17 108814.76,NIELIT_Campus_BOQ,60,text
NIELIT_Campus_BOQ_p60_l12,"counters, window sills, facias and similar locations ofrequired size of",NIELIT_Campus_BOQ,60,text
NIELIT_Campus_BOQ_p60_l13,"approved shade, colour and texture laidover 20mm thick base cement",NIELIT_Campus_BOQ,60,text
NIELIT_Campus_BOQ_p60_l14,"mortar 1:4(1cement: 4coarse sand) withjoints treated with white cement,",NIELIT_Campus_BOQ,60,text
NIELIT_Campus_BOQ_p60_l19,i)8.2.1.2 Area of slab over 0.50 Sqm Sqm 16.00 1980.80 31692.80,NIELIT_Campus_BOQ,60,text
NIELIT_Campus_BOQ_p60_l21,i)8.2.2.2 Area of slab over 0.50 Sqm Sqm 1000.00 3083.40 3083400.00,NIELIT_Campus_BOQ,60,text
NIELIT_Campus_BOQ_p61_l9,"29 9.1 Providing wood work inframes ofdoors, windows, clerestory windows and",NIELIT_Campus_BOQ,61,text
NIELIT_Campus_BOQ_p61_l12,30 9.20 Providing andfixing ISImarked flush door shutters conforming toIS:2202,NIELIT_Campus_BOQ,61,text
NIELIT_Campus_BOQ_p61_l16,a) 9.20.1 35mm thick including ISImarked stainless steel butt hinges with,NIELIT_Campus_BOQ,61,text
NIELIT_Campus_BOQ_p61_l18,31 9.48 Providing andfixing MSgrills ofrequired pattern inframes ofwindows etc.,NIELIT_Campus_BOQ,61,text
NIELIT_Campus_BOQ_p61_l21,32 9.96 Providing and fixing aluminium sliding door bolts ISImarked anodised,NIELIT_Campus_BOQ,61,text
NIELIT_Campus_BOQ_p62_l13,universal hydraulic door closer with necessary accessories and screws,NIELIT_Campus_BOQ,62,text
NIELIT_Campus_BOQ_p62_l20,37 9.101 Providing and fixing aluminium hanging floor door stopper ISImarked,NIELIT_Campus_BOQ,62,text
NIELIT_Campus_BOQ_p63_l3,38A NS Prividing andfixing partition from floor level upto 1200mm withframe work,NIELIT_Campus_BOQ,63,text
NIELIT_Campus_BOQ_p63_l9,with Partition tohave 50mm thick glass wool forSound Insulation fixed,NIELIT_Campus_BOQ,63,text
NIELIT_Campus_BOQ_p63_l15,38B NS Prividing andfixing partition from floor level upto 900mm with frame work,NIELIT_Campus_BOQ,63,text
NIELIT_Campus_BOQ_p63_l21,beat with Partition tohave 50mm thick glass wool forSound Insulation,NIELIT_Campus_BOQ,63,text
NIELIT_Campus_BOQ_p64_l3,39 10.5 Providing andfixing 1mm thick MSsheet door with frame of40x40x6mm,NIELIT_Campus_BOQ,64,text
NIELIT_Campus_BOQ_p64_l5,"necessary fittings complete, including applying a primer coat of approved a) 10.5.1 Using MS angle 40x40x6mm for diagonal braces. Sqm 2.10 2551.45 5358.05",NIELIT_Campus_BOQ,64,text
NIELIT_Campus_BOQ_p64_l6,"40 10.11 Providing &fixing factory made ISImarked steel glazed doors, windows",NIELIT_Campus_BOQ,64,text
NIELIT_Campus_BOQ_p64_l8,"asK11B andK12B etc.complete ofstandard rolled steel sections, joints",NIELIT_Campus_BOQ,64,text
NIELIT_Campus_BOQ_p64_l10,"15x3mm lugs, 10cm long, embedded incement concrete blocks",NIELIT_Campus_BOQ,64,text
NIELIT_Campus_BOQ_p64_l11,15x10x10cm of1:3:6 (1cement: 3coarse sand: 6graded stone aggregate,NIELIT_Campus_BOQ,64,text
NIELIT_Campus_BOQ_p64_l16,"approved steel primer, excluding thecost ofmetal beading and other",NIELIT_Campus_BOQ,64,text
NIELIT_Campus_BOQ_p64_l17,fittings except necessary hinges orpivots complete asperapproved,NIELIT_Campus_BOQ,64,text
NIELIT_Campus_BOQ_p64_l19,"41 10.13 Providing &fixing T-iron frames fordoors, windows &ventilators ofmild",NIELIT_Campus_BOQ,64,text
NIELIT_Campus_BOQ_p64_l20,"steel T-sections, joints mitred andwelded with 15x3 mmlugs, 10cmlong,",NIELIT_Campus_BOQ,64,text
NIELIT_Campus_BOQ_p64_l21,embedded incement concrete blocks 15x10x10 cmof1:3:6 (1cement: 3,NIELIT_Campus_BOQ,64,text
NIELIT_Campus_BOQ_p64_l22,coarse sand: 6graded stone aggr. 20mmnominal size) orwith wooden,NIELIT_Campus_BOQ,64,text
NIELIT_Campus_BOQ_p64_l25,butt hinges & screws and applying a priming coat of approved steel primer.Kg. 50.00 73.30 3665.00STEEL WORK,NIELIT_Campus_BOQ,64,text
NIELIT_Campus_BOQ_p65_l2,42 10.14 Providing and fixing pressed steel door frames conforming toIS:4351,NIELIT_Campus_BOQ,65,text
NIELIT_Campus_BOQ_p65_l3,manufactured from commercial mild steel sheet of1.25 mm thickness,NIELIT_Campus_BOQ,65,text
NIELIT_Campus_BOQ_p65_l5,"mild steel angle ofsection 50x25mm, orbase tiesof1.25 mmpressed",NIELIT_Campus_BOQ,65,text
NIELIT_Campus_BOQ_p65_l6,"mild steel welded orrigidly fixed together bymechanical means, adjustable",NIELIT_Campus_BOQ,65,text
NIELIT_Campus_BOQ_p65_l7,lugs with split end tailtoeach jamb including steel butt hinges 2.5mm,NIELIT_Campus_BOQ,65,text
NIELIT_Campus_BOQ_p65_l9,specified andapplying acoat ofapproved steel primer after pre-treatment,NIELIT_Campus_BOQ,65,text
NIELIT_Campus_BOQ_p65_l13,43 10.25 Steel work welded inbuilt upsections/framed work including cutting,NIELIT_Campus_BOQ,65,text
NIELIT_Campus_BOQ_p65_l14,"hoisting, fixing inposition andapplying apriming coat ofapproved steel",NIELIT_Campus_BOQ,65,text
NIELIT_Campus_BOQ_p65_l15,primer using structural steel etc. as required,NIELIT_Campus_BOQ,65,text
NIELIT_Campus_BOQ_p65_l18,44 10.18 Providing and fixing circular/hexagonal cast iron orMSsheet box for,NIELIT_Campus_BOQ,65,text
NIELIT_Campus_BOQ_p65_l20,"thick M.S. sheet with itstopsurface hacked forproper bonding, toplid",NIELIT_Campus_BOQ,65,text
NIELIT_Campus_BOQ_p65_l24,a) 10.26 Providing and fixing hand railofapproved size bywelding etc. tosteel,NIELIT_Campus_BOQ,65,text
NIELIT_Campus_BOQ_p65_l26,priming coat of approved steel primer.,NIELIT_Campus_BOQ,65,text
NIELIT_Campus_BOQ_p66_l2,45 10.28 Providing and fixing stainless steel (grade 304 )railing made ofHollow,NIELIT_Campus_BOQ,66,text
NIELIT_Campus_BOQ_p66_l4,",polishing andmaking curvature (wherever required )andfitting thesame",NIELIT_Campus_BOQ,66,text
NIELIT_Campus_BOQ_p66_l5,"withnecessary stainless steel nuts andbolts complete ,I/cfixing therailing",NIELIT_Campus_BOQ,66,text
NIELIT_Campus_BOQ_p66_l6,"with necessary accessories &stainless steel dash fasteners ,stainless",NIELIT_Campus_BOQ,66,text
NIELIT_Campus_BOQ_p66_l7,"steels bolts etc,ofrequired size ,onthetopofthefloor ortheside ofwaist",NIELIT_Campus_BOQ,66,text
NIELIT_Campus_BOQ_p66_l8,"slab with suitable arrangment asperapproval ofEngineers -in-charge, (",NIELIT_Campus_BOQ,66,text
NIELIT_Campus_BOQ_p66_l9,forpayment purpose only weight ofstainless steel members shall be,NIELIT_Campus_BOQ,66,text
NIELIT_Campus_BOQ_p66_l13,"45A NS Providing andfixing stainless steel (grade 304)Hollow tubes ,forspace",NIELIT_Campus_BOQ,66,text
NIELIT_Campus_BOQ_p66_l15,forpayment purpose only weight ofstainless steel members shall be,NIELIT_Campus_BOQ,66,text
NIELIT_Campus_BOQ_p67_l3,46 11.4 52mm thick cement concrete flooring with concrete hardener topping,NIELIT_Campus_BOQ,67,text
NIELIT_Campus_BOQ_p67_l4,under layer 40mmthick cement concrete 1:2:4 (1cement :2coarse sand:,NIELIT_Campus_BOQ,67,text
NIELIT_Campus_BOQ_p67_l5,4graded stone aggregate 20nominal size) and toplayer 12mmthick,NIELIT_Campus_BOQ,67,text
NIELIT_Campus_BOQ_p67_l6,cement hardener consisting ofmix1:2(1cement hardener mix: 2stone,NIELIT_Campus_BOQ,67,text
NIELIT_Campus_BOQ_p67_l7,aggregate 6mmnominal size) byvolume hardening compound ismixed @,NIELIT_Campus_BOQ,67,text
NIELIT_Campus_BOQ_p67_l8,2Ltrs per50kg.ofcement oraspermanufacturer specifications. This,NIELIT_Campus_BOQ,67,text
NIELIT_Campus_BOQ_p67_l9,"includes cost ofcement slurry, butexcluding thecost ofnosing ofsteps",NIELIT_Campus_BOQ,67,text
NIELIT_Campus_BOQ_p67_l11,47 11.6 Cement plaster skirting (upto 30cmheight) with cement mortar 1:3(1,NIELIT_Campus_BOQ,67,text
NIELIT_Campus_BOQ_p67_l12,cement: 3 coarse sand) finished with a floating coat of neat cement.,NIELIT_Campus_BOQ,67,text
NIELIT_Campus_BOQ_p67_l14,48 11.13 Providing & fixing glass strips in joints of terrazo/cement concrete floors.,NIELIT_Campus_BOQ,67,text
NIELIT_Campus_BOQ_p67_l16,49 11.16 Precast terrazo tiles 22mmthick with graded marble chips ofsize upto 12,NIELIT_Campus_BOQ,67,text
NIELIT_Campus_BOQ_p67_l17,"mmlaidinfloors, andlandings, jointed with neat cement slurry mixed with",NIELIT_Campus_BOQ,67,text
NIELIT_Campus_BOQ_p67_l18,pigment tomatch theshade ofthetiles including rubbing and polishing,NIELIT_Campus_BOQ,67,text
NIELIT_Campus_BOQ_p67_l19,complete with precast tiles on20mmthick bed ofcement mortar 1:4(1,NIELIT_Campus_BOQ,67,text
NIELIT_Campus_BOQ_p67_l20,cewment: 4 coarse sand),NIELIT_Campus_BOQ,67,text
NIELIT_Campus_BOQ_p67_l21,a) 11.16.1 Light shade using white cement Sqm 100.00 769.35 76935.00,NIELIT_Campus_BOQ,67,text
NIELIT_Campus_BOQ_p67_l22,50 11.23 Marble stone flooring with 18mmthick marble stone (sample ofmarble,NIELIT_Campus_BOQ,67,text
NIELIT_Campus_BOQ_p67_l24,base of1:4(1cement: 4coarse sand) laidandjointed with grey cement,NIELIT_Campus_BOQ,67,text
NIELIT_Campus_BOQ_p67_l27,b) 11.23.5 Udaipur green marble Sqm 50.00 1418.95 70947.50FLOORING WORK,NIELIT_Campus_BOQ,67,text
NIELIT_Campus_BOQ_p68_l2,51 11.25 Extra formarble stone flooring intreads ofsteps andrisers using single,NIELIT_Campus_BOQ,68,text
NIELIT_Campus_BOQ_p68_l4,52 11.26 Kota stone slab flooring over 20mm(average) thick base laidover and,NIELIT_Campus_BOQ,68,text
NIELIT_Campus_BOQ_p68_l5,jointed with grey cement slurry mixed with pigment tomatch theshade of,NIELIT_Campus_BOQ,68,text
NIELIT_Campus_BOQ_p68_l6,theslab including rubbing and polishing complete with base ofcement,NIELIT_Campus_BOQ,68,text
NIELIT_Campus_BOQ_p68_l7,mortar 1:4 (1 cement: 4 coarse sand),NIELIT_Campus_BOQ,68,text
NIELIT_Campus_BOQ_p68_l9,"53 11.27 Kota stone slab 25mmthick inrisers ofsteps, skirting dado and pillars",NIELIT_Campus_BOQ,68,text
NIELIT_Campus_BOQ_p68_l10,laidon12mm(average) thick cement mortar 1:3(1cement :3coarse,NIELIT_Campus_BOQ,68,text
NIELIT_Campus_BOQ_p68_l11,sand) &jointed with grey cement slurry mixed with pigment tomatch the,NIELIT_Campus_BOQ,68,text
NIELIT_Campus_BOQ_p68_l12,shade of the slabs including rubbing and polishing complete.Sqm 50.00 954.10 47705.00,NIELIT_Campus_BOQ,68,text
NIELIT_Campus_BOQ_p68_l13,"53A 11.33 25mm wooden planking ,tongued andgrooved inflooring ,including fixing",NIELIT_Campus_BOQ,68,text
NIELIT_Campus_BOQ_p68_l16,54 11.36 Providing &fixing Istquality ceramic glazed wall tiles conforming to,NIELIT_Campus_BOQ,68,text
NIELIT_Campus_BOQ_p68_l20,over 12mmthick bedofcement mortar 1:3(1cement :3coarse sand) and,NIELIT_Campus_BOQ,68,text
NIELIT_Campus_BOQ_p68_l21,jointing with grey cement slurry @3.3 Kgpersqm including pointing in,NIELIT_Campus_BOQ,68,text
NIELIT_Campus_BOQ_p68_l22,white cement mixed with pigment of matching shade complete.Sqm 120.00 724.25 86910.00,NIELIT_Campus_BOQ,68,text
NIELIT_Campus_BOQ_p68_l23,55 11.39 Providing &laying rectified glazed ceramics floor tiles 300x300mm ormore,NIELIT_Campus_BOQ,68,text
NIELIT_Campus_BOQ_p68_l26,"Brown, laidon20mmthick cement mortar 1:4(1cement :4coarse sand)",NIELIT_Campus_BOQ,68,text
NIELIT_Campus_BOQ_p68_l27,including grouting thejoints with white cement andmatching pigments etc.,NIELIT_Campus_BOQ,68,text
NIELIT_Campus_BOQ_p69_l2,56 11.41 Providing &laying vitrified floor tiles indifferent sizes (thickness tobe,NIELIT_Campus_BOQ,69,text
NIELIT_Campus_BOQ_p69_l5,on20mm thick cement mortar 1:4(1cement: 4coarse sand) including,NIELIT_Campus_BOQ,69,text
NIELIT_Campus_BOQ_p69_l6,grouting the joints with white cement and matching pigments etc. complete.,NIELIT_Campus_BOQ,69,text
NIELIT_Campus_BOQ_p69_l7,a) 11.41.2 Size of tile 60x60cm Sqm 1000.00 1337.10 1337100.00,NIELIT_Campus_BOQ,69,text
NIELIT_Campus_BOQ_p69_l10,57 NS Providing andlaying pioneer tiles including allaccessories ofapproved,NIELIT_Campus_BOQ,69,text
NIELIT_Campus_BOQ_p69_l15,58 12.21 Providing gola 75x75mm incement concrete 1:2:4 (1cement: 2coarse,NIELIT_Campus_BOQ,69,text
NIELIT_Campus_BOQ_p69_l16,sand: 4stone aggregate 10mm anddown gauge) including finishing with,NIELIT_Campus_BOQ,69,text
NIELIT_Campus_BOQ_p69_l17,cement mortar 1:3 (1 cement: 3 fine sand) as per standard design:,NIELIT_Campus_BOQ,69,text
NIELIT_Campus_BOQ_p69_l19,59 12.22 Making khuras 45x45cm with average minmum thickness of5cm cement,NIELIT_Campus_BOQ,69,text
NIELIT_Campus_BOQ_p69_l20,concrete 1:2:4 (1cement :2coarse sand: 4graded stone aggregate of20,NIELIT_Campus_BOQ,69,text
NIELIT_Campus_BOQ_p69_l21,"mmnominal size) over PVC sheet 1mx1mx400micron, finished with",NIELIT_Campus_BOQ,69,text
NIELIT_Campus_BOQ_p69_l22,12mm cement plaster 1:3(1cement: 3coarse sand) and acoat ofneat,NIELIT_Campus_BOQ,69,text
NIELIT_Campus_BOQ_p69_l23,cement rounding ofthe edges and making and finishing the outlet,NIELIT_Campus_BOQ,69,text
NIELIT_Campus_BOQ_p69_l24,complete.Each 15.00 148.75 2231.25ROOFING WORK,NIELIT_Campus_BOQ,69,text
NIELIT_Campus_BOQ_p70_l3,S.C.I. rainwater pipes embedded inandincluding cement concrete blocks,NIELIT_Campus_BOQ,70,text
NIELIT_Campus_BOQ_p70_l4,10x10x10cmof1:2:4 mix(1cement:2 coarse sand :4graded stone,NIELIT_Campus_BOQ,70,text
NIELIT_Campus_BOQ_p70_l5,aggregate 20mmnominal size) andcost ofcutting holes andmaking good,NIELIT_Campus_BOQ,70,text
NIELIT_Campus_BOQ_p70_l6,the walls etc.,NIELIT_Campus_BOQ,70,text
NIELIT_Campus_BOQ_p70_l7,a) 12.38.2 For 150 mm dia pipe Each 20.00 121.80 2436.00,NIELIT_Campus_BOQ,70,text
NIELIT_Campus_BOQ_p70_l8,61 12.39 Providing lead caulked joints to sand cast iron rain water pipes and fittings:,NIELIT_Campus_BOQ,70,text
NIELIT_Campus_BOQ_p70_l9,a) 12.39.2 For 150 mm dia pipe Each 20.00 287.10 5742.00,NIELIT_Campus_BOQ,70,text
NIELIT_Campus_BOQ_p70_l10,62 12.40 Providing andfixing onwallface unplasticised-Rigid PVC rainwater pipes,NIELIT_Campus_BOQ,70,text
NIELIT_Campus_BOQ_p70_l15,63 12.42 Providing and fixing on wall face unplasticised- PVC moulded,NIELIT_Campus_BOQ,70,text
NIELIT_Campus_BOQ_p70_l16,fittings/accessories for unplasticised-Rigid PVC rain water pipes,NIELIT_Campus_BOQ,70,text
NIELIT_Campus_BOQ_p71_l2,64 12.43 Providing andfixing unplasticised- PVC pipe clips ofapproved design to,NIELIT_Campus_BOQ,71,text
NIELIT_Campus_BOQ_p71_l3,unplasticised-PVC rainwater pipes bymeans of50x50x50mm hard wood,NIELIT_Campus_BOQ,71,text
NIELIT_Campus_BOQ_p71_l4,"plugs, screwed with MSscrews ofrequired length including cutting brick",NIELIT_Campus_BOQ,71,text
NIELIT_Campus_BOQ_p71_l5,work andfixing incement mortar 1:4(1cement:4 coarse sand) andmaking,NIELIT_Campus_BOQ,71,text
NIELIT_Campus_BOQ_p71_l6,good the walls etc. complete.,NIELIT_Campus_BOQ,71,text
NIELIT_Campus_BOQ_p71_l8,65 12.44 Providing &fixing totheinlet mouth ofrain water pipe cast iron grating,NIELIT_Campus_BOQ,71,text
NIELIT_Campus_BOQ_p71_l12,sheet andgalvanised inaccordance with zinc coating ofgrade 350asper,NIELIT_Campus_BOQ,71,text
NIELIT_Campus_BOQ_p72_l3,perimeter ofceiling fixed towall/partition withthehelp ofrawl plugs at450,NIELIT_Campus_BOQ,72,text
NIELIT_Campus_BOQ_p72_l8,"fittings, grills diffusers, cutouts made with frame ofperimeter channels",NIELIT_Campus_BOQ,72,text
NIELIT_Campus_BOQ_p72_l10,the Engineer-in-Charge but excluding the cost of painting with:,NIELIT_Campus_BOQ,72,text
NIELIT_Campus_BOQ_p72_l13,weight calcium silicate false ceiling tiles ofapproved texture spintone/,NIELIT_Campus_BOQ,72,text
NIELIT_Campus_BOQ_p72_l18,"mmmade from 0.33 mmthick (minimum) sheet, spaced 1200 mmcentre to",NIELIT_Campus_BOQ,72,text
NIELIT_Campus_BOQ_p72_l20,"sheet, 1200 mmlong spaced between main 'T'at600mmcentre tocentre",NIELIT_Campus_BOQ,72,text
NIELIT_Campus_BOQ_p72_l22,and size 24x28 mmmade of0.33 mmthick (minimum) sheet tobeinter,NIELIT_Campus_BOQ,72,text
NIELIT_Campus_BOQ_p72_l24,resting onperiphery walls /partitions onaPeerimeter wall angle pre-,NIELIT_Campus_BOQ,72,text
NIELIT_Campus_BOQ_p72_l25,coated steel ofsize (24x24x3000 mm) made of0.40 mmthick (minimum),NIELIT_Campus_BOQ,72,text
NIELIT_Campus_BOQ_p72_l26,sheet with thehelp ofrawl plugs at450mmcentre tocentre with 25mm,NIELIT_Campus_BOQ,72,text
NIELIT_Campus_BOQ_p72_l27,long dry wall screws @ 230 mm interval and laying 15 mm thick densified Sqm 300.00 1566 469800.00,NIELIT_Campus_BOQ,72,text
NIELIT_Campus_BOQ_p73_l2,edges calcium silicate ceiling tiles ofapproved texture (Spintone/,NIELIT_Campus_BOQ,73,text
NIELIT_Campus_BOQ_p73_l4,"likediffuser, grills, light fittings, fixtures, smoke detector etc. wherever",NIELIT_Campus_BOQ,73,text
NIELIT_Campus_BOQ_p73_l7,"long dash fasteners, 4mmG.Iadjustable rods with galvanised steel level",NIELIT_Campus_BOQ,73,text
NIELIT_Campus_BOQ_p73_l9,main 'T'bottom exposed with 24mmofallT-section shall bepre-painted,NIELIT_Campus_BOQ,73,text
NIELIT_Campus_BOQ_p73_l10,"with polyster baked paint, forallheights, asperspecifications, drawings",NIELIT_Campus_BOQ,73,text
NIELIT_Campus_BOQ_p73_l12,Note:- Only calcium silicate false ceiling area willbemeasured from wallto,NIELIT_Campus_BOQ,73,text
NIELIT_Campus_BOQ_p73_l13,wall. Nodeduction shall bemade forexposed frames/ opening (cutouts),NIELIT_Campus_BOQ,73,text
NIELIT_Campus_BOQ_p73_l14,having area less then 0.30 sqm. The calcium silicate ceiling tileshall have NRC value,NIELIT_Campus_BOQ,73,text
NIELIT_Campus_BOQ_p73_l20,68 13.4 12mm cement plaster of mix :,NIELIT_Campus_BOQ,73,text
NIELIT_Campus_BOQ_p73_l21,a) 13.4.2 1:6 (1 cement : 6 coarse sand ) Sqm 6000.00 112.50 675000.00,NIELIT_Campus_BOQ,73,text
NIELIT_Campus_BOQ_p73_l22,69 13.7 12mm cement plaster finished with a floating coat of neat cement of mix :,NIELIT_Campus_BOQ,73,text
NIELIT_Campus_BOQ_p73_l23,a) 13.7.1 1:4 (1 cement : 4 fine sand ) Sqm 100.00 107.80 10780.00,NIELIT_Campus_BOQ,73,text
NIELIT_Campus_BOQ_p73_l24,70 13.12 18mmcement plaster intwocoats under layer 12mm thick cement plaster,NIELIT_Campus_BOQ,73,text
NIELIT_Campus_BOQ_p73_l25,1:5(1cement :5coarse sand) andatoplayer 6mm thick cement plaster,NIELIT_Campus_BOQ,73,text
NIELIT_Campus_BOQ_p73_l26,1:3 (1 cement: 3 coarse sand) finished rough with sponge.Sqm 400.00 123.50 49400.00,NIELIT_Campus_BOQ,73,text
NIELIT_Campus_BOQ_p73_l27,71 13.5 15mm cement plaster on rough side of single or half brick wall of mix:FINISHING:,NIELIT_Campus_BOQ,73,text
NIELIT_Campus_BOQ_p74_l2,a) 13.5.2 1:6 (1 cement : 6 Coarse sand ) Sqm 2200.00 130.20 286440.00,NIELIT_Campus_BOQ,74,text
NIELIT_Campus_BOQ_p74_l3,72 13.16 6 mm cement plaster to ceiling of mix :,NIELIT_Campus_BOQ,74,text
NIELIT_Campus_BOQ_p74_l4,a) 13.16.1 1:3 (1 cement : 3 fine sand ) Sqm. 2000.00 101.00 202000.00,NIELIT_Campus_BOQ,74,text
NIELIT_Campus_BOQ_p74_l5,73 13.23 Extra for plastering on circular work not exceeding 6m in radius:,NIELIT_Campus_BOQ,74,text
NIELIT_Campus_BOQ_p74_l7,74 13.26 Providing and applying plaster ofparis putty of2mm thickness over,NIELIT_Campus_BOQ,74,text
NIELIT_Campus_BOQ_p74_l8,plastered surface to prepare the surface even and smooth complete.Sqm. 5200.00 83.80 435760.00,NIELIT_Campus_BOQ,74,text
NIELIT_Campus_BOQ_p74_l11,76 13.41 Distempering with oilbound washable distemper ofapproved brand and,NIELIT_Campus_BOQ,74,text
NIELIT_Campus_BOQ_p74_l13,a) 13.41.1 New work (two ormore coats) over andincluding priming coat withcement,NIELIT_Campus_BOQ,74,text
NIELIT_Campus_BOQ_p74_l15,"77 13.47 Finishing walls with Premium Acrylic Smooth exterior paint with ""Silicone",NIELIT_Campus_BOQ,74,text
NIELIT_Campus_BOQ_p74_l18,base coat of water proofing cement paint applied @2.20kg/10sqm)Sqm 2000.00 80.45 160900.00,NIELIT_Campus_BOQ,74,text
NIELIT_Campus_BOQ_p74_l19,78 13.60 Wall painting with plastic emulsion paint ofapproved brand and,NIELIT_Campus_BOQ,74,text
NIELIT_Campus_BOQ_p74_l22,79 13.45 Finishing walls with textured exterior paint of required shade,NIELIT_Campus_BOQ,74,text
NIELIT_Campus_BOQ_p74_l24,including base coat ofwater proofing cement paint applied @2.20 Kg./10,NIELIT_Campus_BOQ,74,text
NIELIT_Campus_BOQ_p75_l4,81 13.58 Providing and applying twocoats ofFire retardent paint unthunned on,NIELIT_Campus_BOQ,75,text
NIELIT_Campus_BOQ_p75_l8,a) 13.61 Painting with synthetic enamel paint ofapproved brand andmanufacture,NIELIT_Campus_BOQ,75,text
NIELIT_Campus_BOQ_p75_l11,82 13.76 Forming groove ofuniform size from 12x12mm and25x15mm inplastered,NIELIT_Campus_BOQ,75,text
NIELIT_Campus_BOQ_p75_l14,and finishing thegroove complete asperspecifications and direction of,NIELIT_Campus_BOQ,75,text
NIELIT_Campus_BOQ_p75_l18,82A NS Providing andfixing wall with texture paint ininteior wall with abase coat,NIELIT_Campus_BOQ,75,text
NIELIT_Campus_BOQ_p75_l22,ability elasticity andwater proofing oftexture forlonger &dust proof lifeof,NIELIT_Campus_BOQ,75,text
NIELIT_Campus_BOQ_p75_l23,texture paint aspermanufacturer specifications ordirection ofengineer in,NIELIT_Campus_BOQ,75,text
NIELIT_Campus_BOQ_p76_l3,"83 21.1 Providing &fixing aluminium work fordoors, windows, ventilators &",NIELIT_Campus_BOQ,76,text
NIELIT_Campus_BOQ_p76_l7,"expansion hold fastners including necessary filling upofgaps atjunctions,",NIELIT_Campus_BOQ,76,text
NIELIT_Campus_BOQ_p76_l11,"glazing/panelling C.P. brass/ Stainless Steel screws, allcomplete asper",NIELIT_Campus_BOQ,76,text
NIELIT_Campus_BOQ_p76_l17,"b) 21.1.2 Forshutters ofdoors, windows &ventilators including providing andfixing",NIELIT_Campus_BOQ,76,text
NIELIT_Campus_BOQ_p76_l18,hinges/ pivots andmaking provision forfixing offittings wherever required,NIELIT_Campus_BOQ,76,text
NIELIT_Campus_BOQ_p76_l19,including thecost ofPVC/ neoprene gasket required. (Fittings shall be,NIELIT_Campus_BOQ,76,text
NIELIT_Campus_BOQ_p76_l23,84 21.4 Providing &fixing double action hydraulic floor spring ofapproved brand,NIELIT_Campus_BOQ,76,text
NIELIT_Campus_BOQ_p76_l24,"andmanufacture IS:6315 marked, fordoors including cost ofcutting floors",NIELIT_Campus_BOQ,76,text
NIELIT_Campus_BOQ_p76_l25,"asrequired, embedding infloors and cover plates with brass pivot and",NIELIT_Campus_BOQ,76,text
NIELIT_Campus_BOQ_p76_l26,single piece MSsheet outer boxwith slide plate etc.complete asperthe,NIELIT_Campus_BOQ,76,text
NIELIT_Campus_BOQ_p76_l28,a) 21.4.1 With stainless steel cover plate Each 1.00 1953.10 1953.10ALUMINIUM WORK:,NIELIT_Campus_BOQ,76,text
NIELIT_Campus_BOQ_p77_l3,aluminium doors including necessary cutting and making good etc.,NIELIT_Campus_BOQ,77,text
NIELIT_Campus_BOQ_p77_l5,86 21.15 Providing &fixing aluminium casement window fastener ofrequired length,NIELIT_Campus_BOQ,77,text
NIELIT_Campus_BOQ_p77_l6,for aluminium windows with necessary screws etc. complete.,NIELIT_Campus_BOQ,77,text
NIELIT_Campus_BOQ_p77_l11,"88 21.3 Providing and fixing glazing inaluminium doors, windows, ventilator",NIELIT_Campus_BOQ,77,text
NIELIT_Campus_BOQ_p78_l11,"Concrete structure with necessary clamps, fastening straps, nuts, bolts, Sqm 875.00 3034.48 2655172.41",NIELIT_Campus_BOQ,78,text
NIELIT_Campus_BOQ_p78_l12,"and flashing, approved structural silicon sealant of recommended grade",NIELIT_Campus_BOQ,78,text
NIELIT_Campus_BOQ_p78_l24,vertical movement Upto 10mm for every floor and capable of withstanding,NIELIT_Campus_BOQ,78,text
NIELIT_Campus_BOQ_p78_l28,"gasket based, designed with chamber for ressure equalization. Main frame",NIELIT_Campus_BOQ,78,text
NIELIT_Campus_BOQ_p79_l11,"92 NS Providing and fixing glazing inaluminium doors, windows, ventilator",NIELIT_Campus_BOQ,79,text
NIELIT_Campus_BOQ_p80_l2,"93 22.5 Providing andlaying water proofing treatment insunken portion ofWCs,",NIELIT_Campus_BOQ,80,text
NIELIT_Campus_BOQ_p80_l3,bathrooms etc. byapplying cement slurry mixed with water proofing,NIELIT_Campus_BOQ,80,text
NIELIT_Campus_BOQ_p80_l4,cement comopund consisting ofapplying: a)First layer ofslurry ofcement,NIELIT_Campus_BOQ,80,text
NIELIT_Campus_BOQ_p80_l5,@0.488 kg./Sqm mixed with water proofing cement comound @0.253,NIELIT_Campus_BOQ,80,text
NIELIT_Campus_BOQ_p80_l7,ofslurry ofcement @0.242 kg./Sqm mixed with water proofing cement,NIELIT_Campus_BOQ,80,text
NIELIT_Campus_BOQ_p80_l11,junctions of pipes and masonary with polymer mixed slurry.Sqm 75.00 215.15 16136.25,NIELIT_Campus_BOQ,80,text
NIELIT_Campus_BOQ_p80_l12,94 22.7 Providing and laying integral cement based water proofing treatment,NIELIT_Campus_BOQ,80,text
NIELIT_Campus_BOQ_p80_l15,grouting aslurry coat ofneat cement using 2.75 kg./Sqm ofcement,NIELIT_Campus_BOQ,80,text
NIELIT_Campus_BOQ_p80_l16,admixed with water proofing compound conforming toIS:2645 and,NIELIT_Campus_BOQ,80,text
NIELIT_Campus_BOQ_p80_l17,approved byEngineer-In-Charge over theRCC slab including adjoining,NIELIT_Campus_BOQ,80,text
NIELIT_Campus_BOQ_p80_l18,walls upto 300mm height including cleaning thesurface before treatment.,NIELIT_Campus_BOQ,80,text
NIELIT_Campus_BOQ_p80_l19,b)Laying brick bats with mortar using broken bricks/brick bats 25mm to,NIELIT_Campus_BOQ,80,text
NIELIT_Campus_BOQ_p80_l20,115mm size with 50% ofcement mortar 1:5(1cement :5coarse sand),NIELIT_Campus_BOQ,80,text
NIELIT_Campus_BOQ_p80_l21,admixed with water proofing cement compound conforming toIS:2645 and,NIELIT_Campus_BOQ,80,text
NIELIT_Campus_BOQ_p80_l22,approved byEngineer-In-Charge over 20mm thick layer ofcement mortar,NIELIT_Campus_BOQ,80,text
NIELIT_Campus_BOQ_p80_l23,ofmix 1:5(1cement: 5coarse sand) admixed with water proofing,NIELIT_Campus_BOQ,80,text
NIELIT_Campus_BOQ_p80_l25,Charge torequired slope &treating similarly theadjoining walls upto 300,NIELIT_Campus_BOQ,80,text
NIELIT_Campus_BOQ_p80_l26,mm height including rounding of junctions of walls and slabs. WATER PROOFING:,NIELIT_Campus_BOQ,80,text
NIELIT_Campus_BOQ_p81_l2,c)After twodays ofproper curing applying asecond coat ofcement slurry,NIELIT_Campus_BOQ,81,text
NIELIT_Campus_BOQ_p81_l3,using 2.75 kg./sqm ofcement admixed with water proofing comopound,NIELIT_Campus_BOQ,81,text
NIELIT_Campus_BOQ_p81_l5,Finishing thesurface with20mm thick jointless cement mortar ofmix1:4(1,NIELIT_Campus_BOQ,81,text
NIELIT_Campus_BOQ_p81_l6,cement :4coarse sand) admixed with water proofing compound,NIELIT_Campus_BOQ,81,text
NIELIT_Campus_BOQ_p81_l8,laying glass fibre cloth ofapproved quality intoplayer ofplaster andfinally,NIELIT_Campus_BOQ,81,text
NIELIT_Campus_BOQ_p81_l9,finishing thesurface with trowel with neat cement slurry and making,NIELIT_Campus_BOQ,81,text
NIELIT_Campus_BOQ_p81_l22,"c SS plate for floor number-size 8""x8"" Each 3.00 728.28 2184.83",NIELIT_Campus_BOQ,81,text
NIELIT_Campus_BOQ_p81_l24,"96 NS providing &fixing signage 3mm thick acrylic sheet with Radium printing,",NIELIT_Campus_BOQ,81,text
NIELIT_Campus_BOQ_p82_l0,1 SANITARY FIXTURES,NIELIT_Campus_BOQ,82,text
NIELIT_Campus_BOQ_p82_l1,"2 SOIL, WASTE VENT PIPE",NIELIT_Campus_BOQ,82,text
NIELIT_Campus_BOQ_p82_l3,4 DRAINAGE(SEWERAGE),NIELIT_Campus_BOQ,82,text
NIELIT_Campus_BOQ_p83_l5,"100mm sand cast ironPorStrap, 10litres lowlevel white PVC flushing cistern",NIELIT_Campus_BOQ,83,text
NIELIT_Campus_BOQ_p83_l7,"fittings &fixtures conpletes,including cutting and making good thewalls and",NIELIT_Campus_BOQ,83,text
NIELIT_Campus_BOQ_p83_l8,floors wherever required :,NIELIT_Campus_BOQ,83,text
NIELIT_Campus_BOQ_p83_l13,white viterous china flushing cistern &C.P. flush bend with fittings and C.I.,NIELIT_Campus_BOQ,83,text
NIELIT_Campus_BOQ_p83_l16,"including painting offittings andbrackets, cutting &making good thewalls and",NIELIT_Campus_BOQ,83,text
NIELIT_Campus_BOQ_p83_l17,floors wherever required.,NIELIT_Campus_BOQ,83,text
NIELIT_Campus_BOQ_p83_l19,3 17.4 Providing and fixing white vitreous chine flatback orwall corner type lipped,NIELIT_Campus_BOQ,83,text
NIELIT_Campus_BOQ_p83_l21,automatic flushing cistern with standard flush pipe and CPbrass spereaders,NIELIT_Campus_BOQ,83,text
NIELIT_Campus_BOQ_p83_l22,with brass unions and GIclamps complete including painting offittings,NIELIT_Campus_BOQ,83,text
NIELIT_Campus_BOQ_p83_l23,"brackets, cutting & making good the walls and floors wherever required.",NIELIT_Campus_BOQ,83,text
NIELIT_Campus_BOQ_p83_l24,17.4.2 Range of two urinal basins with 5 ltrs. White PVC automatic flushing cistern Each 8.00 4652.80 37222.00SANITARY FIXTURE:NAME OF THE PROJECT :CONSTN. ADMINISTRATION WING NELIT,NIELIT_Campus_BOQ,83,text
NIELIT_Campus_BOQ_p83_l25,NAME OF WORK: DETAILED COST ESTIMATE OF INTERNAL PLUMBING WORKS,NIELIT_Campus_BOQ,83,text
NIELIT_Campus_BOQ_p84_l4,"32mm CPbrass waste ofstandard pattern, including painting offittings and",NIELIT_Campus_BOQ,84,text
NIELIT_Campus_BOQ_p84_l5,"brackets cutting & making good the walls, wherever required.",NIELIT_Campus_BOQ,84,text
NIELIT_Campus_BOQ_p84_l8,5 17.10 Providing and fixing stainless steel AISI: 304 (18/8) kitchen sink asper,NIELIT_Campus_BOQ,84,text
NIELIT_Campus_BOQ_p84_l9,IS:13983 with CIbrackets andstainless steel plug 40mm including painting of,NIELIT_Campus_BOQ,84,text
NIELIT_Campus_BOQ_p84_l10,"fittings & brackets, cutting and making good the walls wherever required.",NIELIT_Campus_BOQ,84,text
NIELIT_Campus_BOQ_p84_l11,17.10.1 Kitchen sink with drain board,NIELIT_Campus_BOQ,84,text
NIELIT_Campus_BOQ_p84_l13,6 17.28 Providing &fixing PVC waste pipe forsink orwash basin including PVC waste,NIELIT_Campus_BOQ,84,text
NIELIT_Campus_BOQ_p84_l14,fittings complete,NIELIT_Campus_BOQ,84,text
NIELIT_Campus_BOQ_p84_l15,17.28.1 Semi rigid pipe,NIELIT_Campus_BOQ,84,text
NIELIT_Campus_BOQ_p84_l22,TOTAL FOR SCHEDULE TIEMS(SANITARY FIXTURE) 118286.75,NIELIT_Campus_BOQ,84,text
NIELIT_Campus_BOQ_p85_l4,"9 17.35 Providing and fixing soil, waste vent pipes",NIELIT_Campus_BOQ,85,text
NIELIT_Campus_BOQ_p85_l6,17.35.1.2 Centrifugally cast (spun) iron socketed pipe as per IS:3989.S&S pipe Mtr 60.00 857.30 51438.00,NIELIT_Campus_BOQ,85,text
NIELIT_Campus_BOQ_p85_l8,17.35.2.2 Centrifugally cast (spun) iron socketed pipe as per IS:3989. Mtr 50.00 744.50 37225.00,NIELIT_Campus_BOQ,85,text
NIELIT_Campus_BOQ_p85_l9,10 17.37 Providing and fixing MSholder-bat clamps ofapproved design toSand Cast,NIELIT_Campus_BOQ,85,text
NIELIT_Campus_BOQ_p85_l10,iron/cast iron(spun) pipe embedded inand including cement concrete blocks,NIELIT_Campus_BOQ,85,text
NIELIT_Campus_BOQ_p85_l11,10x10x10 cmof1:2:4 mix(1cement: 2coarse sand :4graded stone aggregate,NIELIT_Campus_BOQ,85,text
NIELIT_Campus_BOQ_p85_l12,20mm nominal size) including cost ofcutting holes andmaking good thewalls,NIELIT_Campus_BOQ,85,text
NIELIT_Campus_BOQ_p85_l14,17.37.1 For 100mm dia pipe Each 25 112.50 2813.00,NIELIT_Campus_BOQ,85,text
NIELIT_Campus_BOQ_p85_l15,17.37.2 For 75mm dia pipe Each 21 110.15 2295.00,NIELIT_Campus_BOQ,85,text
NIELIT_Campus_BOQ_p85_l16,11 17.38 Providing andfixing bend ofrequired degree with access door insertion rubber,NIELIT_Campus_BOQ,85,text
NIELIT_Campus_BOQ_p85_l19,17.38.1.2 Sand Cast iron S&S as per IS-3989 Each 10.00 353.25 3533.00,NIELIT_Campus_BOQ,85,text
NIELIT_Campus_BOQ_p85_l21,17.38.2.2 Sand Cast iron S&S as per IS-3989 Each 8.00 281.15 2249.00,NIELIT_Campus_BOQ,85,text
NIELIT_Campus_BOQ_p85_l24,17.39.1.2 Sand Cast iron S&S as per IS-3989 Each 10.00 296.35 2964.00,NIELIT_Campus_BOQ,85,text
NIELIT_Campus_BOQ_p85_l25,b) 17.39.2 75mmSOIL WASTE VENT PIPES AND FITTINGS:,NIELIT_Campus_BOQ,85,text
NIELIT_Campus_BOQ_p86_l3,17.39.2.2 Sand Cast iron S&S as per IS-3989 Each 15.00 221.95 3329.00,NIELIT_Campus_BOQ,86,text
NIELIT_Campus_BOQ_p86_l4,13 17.40 Providing and fixing heal rest sanitary bend,NIELIT_Campus_BOQ,86,text
NIELIT_Campus_BOQ_p86_l6,17.40.1.2 Sand Cast iron S&S as per IS-3989 Each 7.00 342.80 2400.00,NIELIT_Campus_BOQ,86,text
NIELIT_Campus_BOQ_p86_l8,17.40.2.2 Sand Cast iron S&S as per IS-3989 Each 10.00 297.45 2975.00,NIELIT_Campus_BOQ,86,text
NIELIT_Campus_BOQ_p86_l10,"door, insertion rubber washer 3mm thick, bolts and nuts complete.",NIELIT_Campus_BOQ,86,text
NIELIT_Campus_BOQ_p86_l12,17.43.2.2 Sand Cast iron S&S as per IS-3989 Each 12.00 438.00 5256.00,NIELIT_Campus_BOQ,86,text
NIELIT_Campus_BOQ_p86_l15,17.56.1.2 Sand Cast iron S&S as per IS-3989 Each 7.00 244.10 1709.00,NIELIT_Campus_BOQ,86,text
NIELIT_Campus_BOQ_p86_l17,17.56.2.2 Sand Cast iron S&S as per IS-3989 Each 10.00 221.95 2220.00,NIELIT_Campus_BOQ,86,text
NIELIT_Campus_BOQ_p86_l20,17.57.1.2 Sand Cast iron S&S as per IS-3989 Each 43 238.25 10211.00,NIELIT_Campus_BOQ,86,text
NIELIT_Campus_BOQ_p86_l22,17.57.2.2 Sand Cast iron S&S as per IS-3989 Each 36 169.25 6045.00,NIELIT_Campus_BOQ,86,text
NIELIT_Campus_BOQ_p87_l3,17 17.58 Providing lead caulked joints tosand cast iron/centrifugally cast (spun) iron,NIELIT_Campus_BOQ,87,text
NIELIT_Campus_BOQ_p87_l4,pipes & fittings of dia,NIELIT_Campus_BOQ,87,text
NIELIT_Campus_BOQ_p87_l9,good the walls and floors.,NIELIT_Campus_BOQ,87,text
NIELIT_Campus_BOQ_p87_l11,17.60.2.1 Sand Cast iron S&S as per IS-3989 Each 25.00 838.85 20971.00,NIELIT_Campus_BOQ,87,text
NIELIT_Campus_BOQ_p87_l12,19 17.61 Cutting chases inbrick masonry walls forfollowing diameter sand cast,NIELIT_Campus_BOQ,87,text
NIELIT_Campus_BOQ_p87_l13,iron/centrifugally cast (spun) ironpipes andmaking good thesame withcement,NIELIT_Campus_BOQ,87,text
NIELIT_Campus_BOQ_p87_l14,concrete 1:3:6 (1cement: 3coarse sand: 6graded stone aggregate 12.5mm,NIELIT_Campus_BOQ,87,text
NIELIT_Campus_BOQ_p87_l15,nominal size) including necessary plaster andpainting incement mortar 1:4(1,NIELIT_Campus_BOQ,87,text
NIELIT_Campus_BOQ_p87_l16,cement: 4 coarse sand).,NIELIT_Campus_BOQ,87,text
NIELIT_Campus_BOQ_p87_l19,"20 17.65 Painting sand cast iron/centrifugally cast (spun) ironsoil, waste vent pipes and",NIELIT_Campus_BOQ,87,text
NIELIT_Campus_BOQ_p87_l20,fittings withpaint ofanycolour such aschocolate grey orbuffetc.over acoat of,NIELIT_Campus_BOQ,87,text
NIELIT_Campus_BOQ_p87_l22,a) 17.65.1 a) 100mm dia meter pipe Mtr 60.00 28.75 1725.00,NIELIT_Campus_BOQ,87,text
NIELIT_Campus_BOQ_p87_l23,b) 17.65.2 b) 75mm dia meter pipe Mtr 50.00 22.00 1100.00,NIELIT_Campus_BOQ,87,text
NIELIT_Campus_BOQ_p87_l26,SCHEDULE ITEMSTOTAL FOR SCHEDULE ITEMS(SOIL WASTE VENT PIPES & FITTINGS),NIELIT_Campus_BOQ,87,text
NIELIT_Campus_BOQ_p88_l4,pressure pipes conforming toIS-15450 U.V. stabilized with carbon black,NIELIT_Campus_BOQ,88,text
NIELIT_Campus_BOQ_p88_l6,temperature upto 80deg. Cincluding allspecial fittings ofcomposite material,NIELIT_Campus_BOQ,88,text
NIELIT_Campus_BOQ_p88_l10,Internal work -Exposed on wall,NIELIT_Campus_BOQ,88,text
NIELIT_Campus_BOQ_p88_l11,18.1.3 2025(16mm OD )pipe Mtr 120.20 277.95 33409.59,NIELIT_Campus_BOQ,88,text
NIELIT_Campus_BOQ_p88_l12,18.1.4 2532(16mm OD )pipe Mtr 120.20 362.85 43614.57,NIELIT_Campus_BOQ,88,text
NIELIT_Campus_BOQ_p88_l13,18.1.5 3240(16mm OD )pipe Mtr 40.00 559.65 22386.00,NIELIT_Campus_BOQ,88,text
NIELIT_Campus_BOQ_p88_l15,pressure pipes conforming toIS-15450 U.V. stabilized with carbon black,NIELIT_Campus_BOQ,88,text
NIELIT_Campus_BOQ_p88_l17,temperature upto 80deg. Cincluding allspecial fittings ofcomposite material,NIELIT_Campus_BOQ,88,text
NIELIT_Campus_BOQ_p88_l23,walls etc. complete,NIELIT_Campus_BOQ,88,text
NIELIT_Campus_BOQ_p88_l24,18.2.1 1216 ( 16mm OD) pipe Mtr 93.75 297.95 27932.81,NIELIT_Campus_BOQ,88,text
NIELIT_Campus_BOQ_p88_l25,18.2.2 1620 ( 20mm OD) pipe Mtr 100 340.60 34060.00,NIELIT_Campus_BOQ,88,text
NIELIT_Campus_BOQ_p89_l4,pressure pipes conforming toIS-15450-2004 U.V. stabilized with carbon black,NIELIT_Campus_BOQ,89,text
NIELIT_Campus_BOQ_p89_l6,temperature upto 80deg. Cincluding allspecial fittings ofcomposite material,NIELIT_Campus_BOQ,89,text
NIELIT_Campus_BOQ_p89_l8,"tees, reducers, couplers &connectors etc.with trenching,refilling andtesting of",NIELIT_Campus_BOQ,89,text
NIELIT_Campus_BOQ_p89_l11,18.3.6 4050 ( 50mm OD) Pipe Mtr 24.4 558.75 13633.50,NIELIT_Campus_BOQ,89,text
NIELIT_Campus_BOQ_p89_l13,"providing & fixing tee, including cutting and threading the pipe etc. complete.",NIELIT_Campus_BOQ,89,text
NIELIT_Campus_BOQ_p90_l10,28 18.27 Providing &laying S&S centrifugally cast (spun) iron pipes (Class LA),NIELIT_Campus_BOQ,90,text
NIELIT_Campus_BOQ_p90_l12,18.27.3 100mm dia pipe Mtrs 60.00 1476.70 88602.00,NIELIT_Campus_BOQ,90,text
NIELIT_Campus_BOQ_p90_l20,32 NS Providing and fixing CI cover with frame for RCC UGT / OHT,NIELIT_Campus_BOQ,90,text
NIELIT_Campus_BOQ_p91_l3,33 NS Providing andfixing monoblock centrifugal pumping setwithgunmetal impeller,NIELIT_Campus_BOQ,91,text
NIELIT_Campus_BOQ_p91_l4,with totally enclosed fancolled squirrel cage induction motor capable of,NIELIT_Campus_BOQ,91,text
NIELIT_Campus_BOQ_p91_l6,"guage, base plate priming arrangement, with wiring, panel &equipments for",NIELIT_Campus_BOQ,91,text
NIELIT_Campus_BOQ_p91_l7,water level controller tostart /stop thepump automatically with protection for,NIELIT_Campus_BOQ,91,text
NIELIT_Campus_BOQ_p91_l12,35 NS Providing andplacing onterrace (atallfloor levels) polyethylene water storage,NIELIT_Campus_BOQ,91,text
NIELIT_Campus_BOQ_p91_l13,tank IS:12701 marked with cover &suitable locking arrangement andmaking,NIELIT_Campus_BOQ,91,text
NIELIT_Campus_BOQ_p91_l14,"necessary holes forinlet, outlet &overflow pipes butwithout fittings and the",NIELIT_Campus_BOQ,91,text
NIELIT_Campus_BOQ_p91_l15,base support for tank.Litre 3000.00 9.66 28965.51724,NIELIT_Campus_BOQ,91,text
NIELIT_Campus_BOQ_p91_l17,D) SEWERAGE (INTERNAL):,NIELIT_Campus_BOQ,91,text
NIELIT_Campus_BOQ_p91_l18,"36 19.1 Providing, laying &jointing glazed stoneware pipes grade 'A'withstiffmixture of",NIELIT_Campus_BOQ,91,text
NIELIT_Campus_BOQ_p91_l19,cement mortar inthe proportion of1:1 (1cement :1finesand) including,NIELIT_Campus_BOQ,91,text
NIELIT_Campus_BOQ_p91_l22,37 19.2 Providing and laying cement concrete 1:5:10 (1cement: 5coarse sand :10,NIELIT_Campus_BOQ,91,text
NIELIT_Campus_BOQ_p91_l23,graded stone aggregate 40mm nominal size) alround SWpipes including bed,NIELIT_Campus_BOQ,91,text
NIELIT_Campus_BOQ_p91_l24,concrete as per standard design.,NIELIT_Campus_BOQ,91,text
NIELIT_Campus_BOQ_p91_l25,a) 19.2.1 100 mm dia RCC pipe Mtr 10.00 496.90 4969.00,NIELIT_Campus_BOQ,91,text
NIELIT_Campus_BOQ_p92_l4,grating brick masonry chamber with water tight CICover with frame of,NIELIT_Campus_BOQ,92,text
NIELIT_Campus_BOQ_p92_l8,19.4.1.1 With FPS bricks class designation 75. Each 3.00 1256.35 3769.00,NIELIT_Campus_BOQ,92,text
NIELIT_Campus_BOQ_p92_l9,39 19.6 Providing andlaying non-pressure NP2 class (light duty) RCC pipes withcollars,NIELIT_Campus_BOQ,92,text
NIELIT_Campus_BOQ_p92_l10,jointed with stiffmixture ofcement mortar intheproportion of1:2(1cement :2,NIELIT_Campus_BOQ,92,text
NIELIT_Campus_BOQ_p92_l11,fine sand) including testing of the joints etc. complete.,NIELIT_Campus_BOQ,92,text
NIELIT_Campus_BOQ_p92_l12,a) 19.6.2 150 mm dia RCC pipe Mtr 50.00 254.50 12725.00,NIELIT_Campus_BOQ,92,text
NIELIT_Campus_BOQ_p92_l13,40 19.7 Constructing brick masonary manhole incement mortar 1:4(1cement: 4,NIELIT_Campus_BOQ,92,text
NIELIT_Campus_BOQ_p92_l14,coarse sand) RCC topslab with 1:2:4 mix(1cement: 2coarse sand: 4graded,NIELIT_Campus_BOQ,92,text
NIELIT_Campus_BOQ_p92_l15,"stone aggregate 20mm nominal size), fondation concrete 1:4:8 (1cement: 4",NIELIT_Campus_BOQ,92,text
NIELIT_Campus_BOQ_p92_l16,coarse sand: 8graded stone aggregate 40mmnominal size) inside plastering,NIELIT_Campus_BOQ,92,text
NIELIT_Campus_BOQ_p92_l17,12mmthick with cement mortar 1:3(1cement: 3coarse sand) finished with,NIELIT_Campus_BOQ,92,text
NIELIT_Campus_BOQ_p92_l18,floating coat ofneat cement andmaking channels incement concrete 1:2:4 (1,NIELIT_Campus_BOQ,92,text
NIELIT_Campus_BOQ_p92_l19,cement: 2coarse sand: 4graded stone aggregated 20mm nominal size),NIELIT_Campus_BOQ,92,text
NIELIT_Campus_BOQ_p92_l20,finished with a floating coat of neat cement complete as per standard design.,NIELIT_Campus_BOQ,92,text
NIELIT_Campus_BOQ_p92_l24,19.7.1.1 With FPS bricks with class designation 75 Each 6.00 7132.00 42792.00,NIELIT_Campus_BOQ,92,text
NIELIT_Campus_BOQ_p93_l4,encapsulated asperIS:10910 on12mm diasteel barcomforming toIS:1786,NIELIT_Campus_BOQ,93,text
NIELIT_Campus_BOQ_p93_l11,"identification mark tobevisible even after fixing, including fixing inmanholes",NIELIT_Campus_BOQ,93,text
NIELIT_Campus_BOQ_p93_l12,with 30x20x15cm cement concrete block 1:3:6 (1cement :3coarse sand :6,NIELIT_Campus_BOQ,93,text
NIELIT_Campus_BOQ_p93_l13,graded stone aggregate 20mm nominal size) complete as per design.Each 42.00 256.75 10784.00,NIELIT_Campus_BOQ,93,text
NIELIT_Campus_BOQ_p93_l15,E) EARTH WORK( INTERNAL PLUMBING WORK),NIELIT_Campus_BOQ,93,text
NIELIT_Campus_BOQ_p93_l21,"43 2.10 Excavating trenches ofrequired width forpipes, cables, etc. including",NIELIT_Campus_BOQ,93,text
NIELIT_Campus_BOQ_p93_l22,"excavation forsockets and refessing ofsides, ramming ofbottom depth upto",NIELIT_Campus_BOQ,93,text
NIELIT_Campus_BOQ_p93_l28,"2.10.1.2 Pipes, cables etc. exceeding 80mm dia but not exceeding 300mm dia Mtr 80.00 165.60 13248.00",NIELIT_Campus_BOQ,93,text
NIELIT_Campus_BOQ_p94_l3,"44 2.25 Filling available excavted earth (excluding rock) intrenches, plinth sides of",NIELIT_Campus_BOQ,94,text
NIELIT_Campus_BOQ_p94_l4,foundations etc. inlayet notexceeding 20cmindepth consolidation earth,NIELIT_Campus_BOQ,94,text
NIELIT_Campus_BOQ_p96_l3,A) FIRE FITHTING ITEMS (PLUMBING),NIELIT_Campus_BOQ,96,text
NIELIT_Campus_BOQ_p96_l5,"1 NS Supplying, installing, testing and commissioning ofelectric motor driven type automatic",NIELIT_Campus_BOQ,96,text
NIELIT_Campus_BOQ_p96_l6,"pressurisation, pump setsuitable forautomatic operation ofterrace down comer system",NIELIT_Campus_BOQ,96,text
NIELIT_Campus_BOQ_p96_l9,a) Fire pump with stainless steel impeller shall behorizontal endsuction centrifuggaly type,NIELIT_Campus_BOQ,96,text
NIELIT_Campus_BOQ_p96_l13,arrangement forperiodic testing oftheworking ofthepumping setasrequired. Thepump,NIELIT_Campus_BOQ,96,text
NIELIT_Campus_BOQ_p96_l15,be submitted for approal before purchase of the pumps),NIELIT_Campus_BOQ,96,text
NIELIT_Campus_BOQ_p96_l16,"b) Squirrel cage ACinduction motor suitable foroperation of415V, +/-10%, 3phase 50HZ,",NIELIT_Campus_BOQ,96,text
NIELIT_Campus_BOQ_p96_l17,ACsupply and ofminimum 7.5HPfortheabove pump with flexible coupling asper,NIELIT_Campus_BOQ,96,text
NIELIT_Campus_BOQ_p96_l19,c) Common base plate fabricated from mild steel channel or castiron type,NIELIT_Campus_BOQ,96,text
NIELIT_Campus_BOQ_p96_l20,d) Suitable cement concrete pump foundation with vibration damping arrangement with,NIELIT_Campus_BOQ,96,text
NIELIT_Campus_BOQ_p97_l3,"2 NS Providing, fixing jointing andtesting ofheavy class GIpipe asperrelevant IS:1239/3589",NIELIT_Campus_BOQ,97,text
NIELIT_Campus_BOQ_p97_l5,andbolts orwelded joint with flange joints onbends twolength ofstraight pipe including,NIELIT_Campus_BOQ,97,text
NIELIT_Campus_BOQ_p97_l6,fixing thepipe with suitable flatiron strip clamps brackets structural members dash,NIELIT_Campus_BOQ,97,text
NIELIT_Campus_BOQ_p97_l7,"fastner, civilbreakage making good thesame etcpainting withaprimer coat &twocoats",NIELIT_Campus_BOQ,97,text
NIELIT_Campus_BOQ_p97_l8,ofpostal redenamel paint etccomplete asperstandard design and drawings (above,NIELIT_Campus_BOQ,97,text
NIELIT_Campus_BOQ_p97_l10,150mm dia GI Pipe with flange jointd Mtr 10 1339.19 13391.93,NIELIT_Campus_BOQ,97,text
NIELIT_Campus_BOQ_p97_l11,c) 100mm dia GI Pipe with flange jointd Mtr 115 892.15 102597.61,NIELIT_Campus_BOQ,97,text
NIELIT_Campus_BOQ_p97_l12,i) 25 mm dia GI pipeMtr 50 187.05 9352.67,NIELIT_Campus_BOQ,97,text
NIELIT_Campus_BOQ_p97_l14,"rubber, lined high pressure pipe with shut offgunmetal nozzle of5mmdia. The hose",NIELIT_Campus_BOQ,97,text
NIELIT_Campus_BOQ_p97_l16,"25mmdiaGIpipe connection from riser tohose reelwith allsocket, nipple, elbows and",NIELIT_Campus_BOQ,97,text
NIELIT_Campus_BOQ_p97_l18,4 NS Providing and fixing thetwo way firebrigade connection housed insteel. Cabinet,NIELIT_Campus_BOQ,97,text
NIELIT_Campus_BOQ_p97_l19,"fabricated from 2.0mm thick steel sheet having locable arrangement, openable glazed",NIELIT_Campus_BOQ,97,text
NIELIT_Campus_BOQ_p97_l20,"door, including painting acoat ofprimer andtwocoats ofpostal redenamel, necessary",NIELIT_Campus_BOQ,97,text
NIELIT_Campus_BOQ_p97_l25,"chain, bend, tees etc for inlet to the static tank.Each 1 6844.14 6844.14",NIELIT_Campus_BOQ,97,text
NIELIT_Campus_BOQ_p97_l26,6 NS Providing andfixing firehose cabinet twothird glazed door shutter andframe with hold,NIELIT_Campus_BOQ,97,text
NIELIT_Campus_BOQ_p97_l29,"sheet with flats including allaccessories, painting with onecoat ofsteel primer and two",NIELIT_Campus_BOQ,97,text
NIELIT_Campus_BOQ_p97_l30,"coats of postel red enamel paint. (The words ""Hose Cabinet"" to be printed on the box).Each 16 8834.35 141349.54",NIELIT_Campus_BOQ,97,text
NIELIT_Campus_BOQ_p98_l6,continuous welded construction andpainted with twocoats ofpostal redenamel outside,NIELIT_Campus_BOQ,98,text
NIELIT_Campus_BOQ_p98_l7,over a coat of primer and epoxy paint inside. Each 6 6918.80 41512.82,NIELIT_Campus_BOQ,98,text
NIELIT_Campus_BOQ_p99_l0,"1 INTERNAL ELECTRICAL, UPS",NIELIT_Campus_BOQ,99,text
NIELIT_Campus_BOQ_p100_l2,1 1.10 Wiring forlight point/ fanpoint/ exhaust fanpoint/ callbellpoint with1.5sq.mm FRPVC insulated,NIELIT_Campus_BOQ,100,text
NIELIT_Campus_BOQ_p100_l3,"copper conductor single core cable insurface /recessed medium class PVC conduit, with",NIELIT_Campus_BOQ,100,text
NIELIT_Campus_BOQ_p100_l7,2 1.11 Wiring fortwin control light point with 1.5sq.mm FRPVC insulated copper conductor single core,NIELIT_Campus_BOQ,100,text
NIELIT_Campus_BOQ_p100_l8,"cable insurface /recessed medium class PVC conduit, 2way modular switch, modular plate,",NIELIT_Campus_BOQ,100,text
NIELIT_Campus_BOQ_p100_l11,"3 1.12 Wiring forlight/power plug with 2x4Sq.mm FRPVC insulated, copper conductor, single core",NIELIT_Campus_BOQ,100,text
NIELIT_Campus_BOQ_p100_l12,cable insurface/recessed PVC conduit alongwith 1No.4Sq.mm FRPVC insulated copper,NIELIT_Campus_BOQ,100,text
NIELIT_Campus_BOQ_p100_l15,5 1.14 Wiring forcircuit/sub main wiring alongwith earth wire with thefollowing sizes ofPVC insulated,NIELIT_Campus_BOQ,100,text
NIELIT_Campus_BOQ_p100_l16,"copper conductor, single core cable in surface/recessed PVC conduit as required.",NIELIT_Campus_BOQ,100,text
NIELIT_Campus_BOQ_p100_l17,a) 1.14.1 2x1.5 Sqmm + 1x1.5 Sq.mm (For circuit wiring) Metre 2274 107.00 243318.00,NIELIT_Campus_BOQ,100,text
NIELIT_Campus_BOQ_p100_l24,unarmored telephone cable in the existing surface/ recessed steel/ PVC conduit as required.NATIONAL BUILDINGS CONSTRUCTION CORPORATION LIMITED,NIELIT_Campus_BOQ,100,text
NIELIT_Campus_BOQ_p100_l27,"NAME OF WORK : PROVIDING INTERNAL ELECTRICAL INSTALLATIONS IN ADMINISTRATION BLOCK AT NEILET, AGARTA LA",NIELIT_Campus_BOQ,100,text
NIELIT_Campus_BOQ_p101_l2,7 1.21 Supplying andfixing offollowing sizes ofmedium class PVC conduit along with accessories in,NIELIT_Campus_BOQ,101,text
NIELIT_Campus_BOQ_p101_l3,surface/recess including cutting thewallandmaking good thesame incase ofrecessed conduit,NIELIT_Campus_BOQ,101,text
NIELIT_Campus_BOQ_p101_l8,suitable size phenolic laminated sheet cover in front including painting etc. as required.,NIELIT_Campus_BOQ,101,text
NIELIT_Campus_BOQ_p101_l28,14 1.35 Erection ofwallbracket /ceiling fittings ofallsizes andshapes containing upto twoGLS lamps per,NIELIT_Campus_BOQ,101,text
NIELIT_Campus_BOQ_p101_l29,"fitting, complete with all accessories including connection etc. as required.Each 150 39.00 5850.00",NIELIT_Campus_BOQ,101,text
NIELIT_Campus_BOQ_p102_l1,"15 1.41 Installation, testing andcommissioning ofprewired fluorescent fitting/compact fluorescent fitting",NIELIT_Campus_BOQ,102,text
NIELIT_Campus_BOQ_p102_l2,"ofalltypes, complete with allaccessories and tubes etc. directly onceiling/wall including",NIELIT_Campus_BOQ,102,text
NIELIT_Campus_BOQ_p102_l5,"16 1.42 Installation, testing and commissioning ofpre-wired, fluorescent fitting /compact fluorescent",NIELIT_Campus_BOQ,102,text
NIELIT_Campus_BOQ_p102_l6,"fitting ofalltypes, complete with allaccessories andtube etc., including supplying andfixing ball",NIELIT_Campus_BOQ,102,text
NIELIT_Campus_BOQ_p102_l7,"andsocket arrangement, 2no.down rods of20mmdiaX1.6mmthick steel conduit upto 30cm",NIELIT_Campus_BOQ,102,text
NIELIT_Campus_BOQ_p102_l8,"length, painting and wiring thedown rods and connection with 1.5sq.mm FRPVC insulated,",NIELIT_Campus_BOQ,102,text
NIELIT_Campus_BOQ_p102_l10,"17 1.44 Installation, testing andcommissioning ofceiling fan,including wiring thedown rods ofstandard",NIELIT_Campus_BOQ,102,text
NIELIT_Campus_BOQ_p102_l13,18 1.49 Numbering of ceiling fan/exhaust fan/ fluorescent fittings as required. Each 189 19.50 3686.00,NIELIT_Campus_BOQ,102,text
NIELIT_Campus_BOQ_p102_l21,"22 2.3 Supplying andfixing following way, single pole andneutral, sheet steel, MCB distribution board,",NIELIT_Campus_BOQ,102,text
NIELIT_Campus_BOQ_p102_l23,"bar, interconnections, powder painted including earthing etc. asrequired. (But without",NIELIT_Campus_BOQ,102,text
NIELIT_Campus_BOQ_p102_l24,MCB/RCCB/Isolator),NIELIT_Campus_BOQ,102,text
NIELIT_Campus_BOQ_p102_l25,"a) 2.3.2 2 + 6 way, Single door Each 2 513.00 1026.00",NIELIT_Campus_BOQ,102,text
NIELIT_Campus_BOQ_p102_l26,"b) 2.3.4 2 + 12 way, Single door Each 2 696.00 1392.00",NIELIT_Campus_BOQ,102,text
NIELIT_Campus_BOQ_p102_l27,"23 2.4 Supplying and fixing following way, horizontal type three pole and neutral, sheet steel, MCB",NIELIT_Campus_BOQ,102,text
NIELIT_Campus_BOQ_p102_l29,"bar,earth bar,dinbar,interconnections, powder painted including earthing etc.asrequired. (But",NIELIT_Campus_BOQ,102,text
NIELIT_Campus_BOQ_p102_l30,without MCB/RCCB/Isolator),NIELIT_Campus_BOQ,102,text
NIELIT_Campus_BOQ_p102_l31,"a) 2.4.4 4 way (4 + 12), Double door Each 6 1654.00 9924.00",NIELIT_Campus_BOQ,102,text
NIELIT_Campus_BOQ_p102_l32,"b) 2.4.5 6 way (4 + 18), Double door Each 3 2047.00 6141.00",NIELIT_Campus_BOQ,102,text
NIELIT_Campus_BOQ_p103_l2,"MCB distribution board ofsheet steel, dust protected, duly powder painted, inclusive of200amps",NIELIT_Campus_BOQ,103,text
NIELIT_Campus_BOQ_p103_l5,"a) 2.5.2 8 way (4 + 24), Single door Each 2 3730.00 7460.00",NIELIT_Campus_BOQ,103,text
NIELIT_Campus_BOQ_p103_l14,"current circuit breaker (RCCB), having asensitivity current upto 300mAintheexisting MCB DB",NIELIT_Campus_BOQ,103,text
NIELIT_Campus_BOQ_p103_l19,"current circuit breaker (RCCB), having asensitivity current upto 300milliamperes intheexisting",NIELIT_Campus_BOQ,103,text
NIELIT_Campus_BOQ_p103_l24,"metal enclosed plug topalongwith 20amps ""C""curve, SP,MCB, insheet steel enclosure, on",NIELIT_Campus_BOQ,103,text
NIELIT_Campus_BOQ_p103_l27,"30 5.2 Earthing withGIearth pipe 4.5mlong, 40mm diaincluding accessories, andproviding masonary",NIELIT_Campus_BOQ,103,text
NIELIT_Campus_BOQ_p103_l28,enclosure with cover plate having locking arrangement and watering pipe etc.with charcoal /,NIELIT_Campus_BOQ,103,text
NIELIT_Campus_BOQ_p104_l6,existing surface/ recessed conduit/ submain wiring/ cable as required.Metre 19.00 19.50 371.00,NIELIT_Campus_BOQ,104,text
NIELIT_Campus_BOQ_p104_l9,33 NS Supplying of light fittings complete with all standard accessories as required.,NIELIT_Campus_BOQ,104,text
NIELIT_Campus_BOQ_p104_l10,a)1x13 WCFL. Fitting Surface mounted asperDecon Product. No03XA with Lamp orsimilar,NIELIT_Campus_BOQ,104,text
NIELIT_Campus_BOQ_p104_l12,b)2x11 WCFL. Wall Surface mounted asperBajaj Product. NoBSM 211CFL W2EB with Lamp,NIELIT_Campus_BOQ,104,text
NIELIT_Campus_BOQ_p104_l14,c) 1x18 WCFL. Bulk Head Fitting Surface mounted asperLUSTRE Product. No6217 with Lamp,NIELIT_Campus_BOQ,104,text
NIELIT_Campus_BOQ_p104_l17,d) 1x11 WCFL. Wall Surface (Mirror Light) mounted asperLUSTRE Product. NoLI-3230 with,NIELIT_Campus_BOQ,104,text
NIELIT_Campus_BOQ_p104_l20,e) 70WMH. Fitting Surface mounted asper LUSTRE Product. NoLI-507170 orsimilar,NIELIT_Campus_BOQ,104,text
NIELIT_Campus_BOQ_p104_l22,f) 36WLED. 2'X2'Fitting Recessed mounted asperBajaj Product. NoBGRSQL 3601WH or,NIELIT_Campus_BOQ,104,text
NIELIT_Campus_BOQ_p104_l24,34 NSSupplying of light fittings complete with all standard accessories of the following type as required .,NIELIT_Campus_BOQ,104,text
NIELIT_Campus_BOQ_p104_l25,a)1x28 WFl.Fitting asperBajaj Product. NoBLPR 128 with lamp orsimilar specification ofother,NIELIT_Campus_BOQ,104,text
NIELIT_Campus_BOQ_p104_l27,b)2x36 WFl.Fitting asperBajaj Product. NoBCIR 236W2EB withlamp orsimilar specification of,NIELIT_Campus_BOQ,104,text
NIELIT_Campus_BOQ_p104_l29,c)1x36 WFl.Fitting asperBajaj Product. NoBCIR 136WEB with lamp orsimilar specification of,NIELIT_Campus_BOQ,104,text
NIELIT_Campus_BOQ_p104_l31,d)2x36 WFl.Fitting (Mirror optics) asperBajaj Product. NoBLMRA 236TDwith lamp orsimilar,NIELIT_Campus_BOQ,104,text
NIELIT_Campus_BOQ_p105_l8,36 NSSupplying ofapproved make Wall fanofthefollowing sizes anditsallaccessories suitable for,NIELIT_Campus_BOQ,105,text
NIELIT_Campus_BOQ_p105_l20,"40 NS Supplying installation, testing &commissioning ofRaceway complete G.Ifitting ofthefollowing",NIELIT_Campus_BOQ,105,text
NIELIT_Campus_BOQ_p105_l24,"41 NS Supplying installation, testing &commissioning ofJunction Box complete G.Ifitting ofthe",NIELIT_Campus_BOQ,105,text
NIELIT_Campus_BOQ_p106_l6,"with allstandard accessories i.e.M.S Frame, Copper pipe (upto 4mtrs.) with insulation, Drain",NIELIT_Campus_BOQ,106,text
NIELIT_Campus_BOQ_p106_l7,"pipe, Stabilizer as required.Each",NIELIT_Campus_BOQ,106,text
NIELIT_Campus_BOQ_p106_l10,"system with allstandard accessories i.e.M.S Frame, Copper pipe (upto 4mtrs.) with insulation,",NIELIT_Campus_BOQ,106,text
NIELIT_Campus_BOQ_p106_l11,"Drain pipe, Stabilizer as required.Each",NIELIT_Campus_BOQ,106,text
NIELIT_Campus_BOQ_p107_l10,"front glass door with lock & keys, Cable Manager 10 Nos. Nos. 1.00 74482.76 74482.76",NIELIT_Campus_BOQ,107,text
NIELIT_Campus_BOQ_p108_l3,contract speed of1MPS serving different floors inthe liftshaft asper detailed,NIELIT_Campus_BOQ,108,text
NIELIT_Campus_BOQ_p108_l7,ii) Floor : Ground floor to 2nd floor,NIELIT_Campus_BOQ,108,text
NIELIT_Campus_BOQ_p108_l8,ii) Travel : 10.8 mtrs. (3 Floors x 3.6 mtr. height),NIELIT_Campus_BOQ,108,text
NIELIT_Campus_BOQ_p108_l14,ix) Type of doors:,NIELIT_Campus_BOQ,108,text
NIELIT_Campus_BOQ_p108_l15,"a) Car: Power operated, centre opening, horizontal sliding stainless steel scratch proof (moon",NIELIT_Campus_BOQ,108,text
NIELIT_Campus_BOQ_p108_l17,b) Landing doors: MS doors finished with spray painting of approved shade.,NIELIT_Campus_BOQ,108,text
NIELIT_Campus_BOQ_p108_l18,c) Ahand railnotless than 600mm long at900mm above floor level tobefixed adjacent to,NIELIT_Campus_BOQ,108,text
NIELIT_Campus_BOQ_p108_l20,d) Voice announcement system inthecartoanounce theposition oftheelevator inthe,NIELIT_Campus_BOQ,108,text
NIELIT_Campus_BOQ_p108_l21,hoistway as the car passes or stops at a floor served by the elevator.,NIELIT_Campus_BOQ,108,text
NIELIT_Campus_BOQ_p109_l7,proper levels byfilling with earth orearth mixed with sludge or/and,NIELIT_Campus_BOQ,109,text
NIELIT_Campus_BOQ_p110_l6,"of 30cm,refilling the excavated earth after breaking clods and",NIELIT_Campus_BOQ,110,text
NIELIT_Campus_BOQ_p110_l10,"water, filling with earth if necessary, watering and finally fine",NIELIT_Campus_BOQ,110,text
NIELIT_Campus_BOQ_p110_l18,bolted together with 8mm dia. And 30mm long bolts including painting,NIELIT_Campus_BOQ,110,text
NIELIT_Campus_BOQ_p110_l19,twocoats with paint ofapproved brand andmanufacture over acoat of,NIELIT_Campus_BOQ,110,text
NIELIT_Campus_BOQ_p110_l21,"12 23.19 Edging with bricks laid drylength wise including excavation, refilling,",NIELIT_Campus_BOQ,110,text
NIELIT_Campus_BOQ_p110_l25,(i) 23.19.1.1 F P S Brick metre 450.00 23.55 10597.50,NIELIT_Campus_BOQ,110,text
NIELIT_Campus_BOQ_p110_l29,height upto 600mmi/callexcavation india1meter anddepth 1.5meter,NIELIT_Campus_BOQ,110,text
NIELIT_Campus_BOQ_p111_l4,2.0 INTERNAL & EXTERNAL PLUMBING WORKS 821497.00 213534.48,NIELIT_Campus_BOQ,111,text
NIELIT_Campus_BOQ_p111_l5,"3.0 INTERNAL ELECTRICAL WORK, 1582561.00 332933.28",NIELIT_Campus_BOQ,111,text
NIELIT_Campus_BOQ_p112_l4,3 CONCRETE WORK 512286.20 8979.31,NIELIT_Campus_BOQ,112,text
NIELIT_Campus_BOQ_p112_l5,4 RCC WORK 7703867.60,NIELIT_Campus_BOQ,112,text
NIELIT_Campus_BOQ_p112_l6,5 BRICK WORK 15825.00 1390600.76,NIELIT_Campus_BOQ,112,text
NIELIT_Campus_BOQ_p112_l9,8 STEEL WORK 523995.05,NIELIT_Campus_BOQ,112,text
NIELIT_Campus_BOQ_p112_l10,9 FLOORING WORK 1375039.00 222620.69,NIELIT_Campus_BOQ,112,text
NIELIT_Campus_BOQ_p112_l11,10 ROOFING WORK 187584.65,NIELIT_Campus_BOQ,112,text
NIELIT_Campus_BOQ_p112_l12,11 FINISHING WORK 1721579.75,NIELIT_Campus_BOQ,112,text
NIELIT_Campus_BOQ_p112_l14,13 WATER PROOFING WORK 572205.00,NIELIT_Campus_BOQ,112,text
NIELIT_Campus_BOQ_p113_l8,22.6 Earth work in excavation by mechanical means (Hydraulic,NIELIT_Campus_BOQ,113,text
NIELIT_Campus_BOQ_p113_l14,"32.25 Filling available excavated earth (excluding rock) intrenches, plinth, sides",NIELIT_Campus_BOQ,113,text
NIELIT_Campus_BOQ_p113_l15,"offoundations etc.inlayers notexceeding 20cm indepth, consolidating",NIELIT_Campus_BOQ,113,text
NIELIT_Campus_BOQ_p113_l18,42.27 Supplying and filling inplinth with local sand under floors including,NIELIT_Campus_BOQ,113,text
NIELIT_Campus_BOQ_p114_l2,a) 2.35.3 Treatment ofsoilunder existing floors using chemical emulsion @oneltr.,NIELIT_Campus_BOQ,114,text
NIELIT_Campus_BOQ_p114_l4,with cement mortar 1:2(1cement: 2coarse sand) tomatch theexisting,NIELIT_Campus_BOQ,114,text
NIELIT_Campus_BOQ_p114_l11,84.1 Providing and laying inposition cement concrete ofspecified grade,NIELIT_Campus_BOQ,114,text
NIELIT_Campus_BOQ_p114_l12,excluding the cost of centring and shuttering - All work upto plinth level:,NIELIT_Campus_BOQ,114,text
NIELIT_Campus_BOQ_p114_l13,a) 4.1.3 1:2:4 (1cement :2coarse sand :4graded stone aggregate 20mm,NIELIT_Campus_BOQ,114,text
NIELIT_Campus_BOQ_p114_l15,b) 4.1.6 1:3:6 (1cement :3coarse sand :6graded stone aggregate 40mm,NIELIT_Campus_BOQ,114,text
NIELIT_Campus_BOQ_p114_l17,c) 4.1.8 1:4:8 (1cement :4coarse sand :8graded stone aggregate 40mm,NIELIT_Campus_BOQ,114,text
NIELIT_Campus_BOQ_p114_l19,"94.2 Providing andlaying cement concrete inretaining walls, return walls, walls",NIELIT_Campus_BOQ,114,text
NIELIT_Campus_BOQ_p114_l20,"(any thickness) including attached pilasters, columns, piers, abutments,",NIELIT_Campus_BOQ,114,text
NIELIT_Campus_BOQ_p114_l22,"bed blocks, anchor blocks, plain window sills, fillets etc. upto floor five",NIELIT_Campus_BOQ,114,text
NIELIT_Campus_BOQ_p114_l23,"level, excluding the cost of centering, shuttering and finishing:",NIELIT_Campus_BOQ,114,text
NIELIT_Campus_BOQ_p114_l24,a) 4.2.5 1:3:6 (1cement :3coarse sand :6graded stone aggregate 20mm,NIELIT_Campus_BOQ,114,text
NIELIT_Campus_BOQ_p114_l26,10 4.11 Providing and laying damp-proof coarse 50mm thick cement concrete 1:2:4,NIELIT_Campus_BOQ,114,text
NIELIT_Campus_BOQ_p114_l27,(1cement :2coarse sand :4graded stone aggregate 12.5 mmnominal,NIELIT_Campus_BOQ,114,text
NIELIT_Campus_BOQ_p114_l29,11 4.12 Extra forproviding and mixing water proofing material 'Impermo' or,NIELIT_Campus_BOQ,114,text
NIELIT_Campus_BOQ_p114_l30,equivalent in cement concrete work @ 1 kg. Per 50 Kg. of cement.per 50 kg.,NIELIT_Campus_BOQ,114,text
NIELIT_Campus_BOQ_p114_l31,cement200.00 35.35 7070.00CONCRETE WORK:,NIELIT_Campus_BOQ,114,text
NIELIT_Campus_BOQ_p115_l6,13 4.17 Making Plinth protection 50mm thick ofcement concrete 1:3:6 (1cement :,NIELIT_Campus_BOQ,115,text
NIELIT_Campus_BOQ_p115_l7,3 Coarse sand :6 graded stone aggregate 20mm nominal size) over 75 mm,NIELIT_Campus_BOQ,115,text
NIELIT_Campus_BOQ_p115_l8,bedofdrybricks ballast 40mm nominal size wellrammed andconsolidated,NIELIT_Campus_BOQ,115,text
NIELIT_Campus_BOQ_p115_l9,and grouted with fine sand including finishing the top smooth.Sqm 62.00 338.75 21002.50,NIELIT_Campus_BOQ,115,text
NIELIT_Campus_BOQ_p115_l12,14 NS Providing andlaying inposition drybrick ballast 40mm nominal size and,NIELIT_Campus_BOQ,115,text
NIELIT_Campus_BOQ_p115_l13,grouted with fine sand including finishing thetopsmooth upto floor five,NIELIT_Campus_BOQ,115,text
NIELIT_Campus_BOQ_p115_l17,"15 5.9 Centring and shuttering including strutting, propping etc.and removal of",NIELIT_Campus_BOQ,115,text
NIELIT_Campus_BOQ_p115_l19,"a) 5.9.1 Foundations, footings, bases of columns etc. for mass concrete. sqm 460.00 166.90 76774.00",NIELIT_Campus_BOQ,115,text
NIELIT_Campus_BOQ_p115_l20,"b) 5.9.2 Walls (any thickness) including attached pilasters, butteresses, plinth and",NIELIT_Campus_BOQ,115,text
NIELIT_Campus_BOQ_p115_l22,"c) 5.9.3 Suspended floors, roofs, landings, balconies and access platform. sqm 1182.00 311.20 367838.40",NIELIT_Campus_BOQ,115,text
NIELIT_Campus_BOQ_p115_l24,"e) 5.9.5 Lintels, beams, plinth beams, girders, bressumers and cantilevers. sqm 1272.00 262.25 333582.00",NIELIT_Campus_BOQ,115,text
NIELIT_Campus_BOQ_p115_l25,"f)5.9.6 Columns, Pillars, Piers, Abutments, posts and Struts sqm 500.00 365.60 182800.00",NIELIT_Campus_BOQ,115,text
NIELIT_Campus_BOQ_p115_l28,and eaves boardssqm 150.00 470.10 70515.00RCC WORK:,NIELIT_Campus_BOQ,115,text
NIELIT_Campus_BOQ_p116_l3,"window sills, string courses, bands, copings, bed plates, anchor blocks",NIELIT_Campus_BOQ,116,text
NIELIT_Campus_BOQ_p116_l5,j)5.9.16 Edges of slabs and breaks in floors and walls,NIELIT_Campus_BOQ,116,text
NIELIT_Campus_BOQ_p116_l7,"l)5.9.18 Small surfaces such ascantilever ends, brackets andends ofsteps, caps",NIELIT_Campus_BOQ,116,text
NIELIT_Campus_BOQ_p116_l8,and bases to pilasters and columns and the likesqm 100.00 398.35 39835.00,NIELIT_Campus_BOQ,116,text
NIELIT_Campus_BOQ_p116_l10,16 5.18 Providing precast cement concrete Jali1:2:4 (1cement: 2coarse sand: 4,NIELIT_Campus_BOQ,116,text
NIELIT_Campus_BOQ_p116_l11,stone aggregate 6mm nominal size) reinforced with 1.6mm diamild steel,NIELIT_Campus_BOQ,116,text
NIELIT_Campus_BOQ_p116_l12,"wire including centring &shuttering roughening cleaning, fixing and",NIELIT_Campus_BOQ,116,text
NIELIT_Campus_BOQ_p116_l13,finishing incement mortar 1:3(1cement: 3fine sand) etc. complete,NIELIT_Campus_BOQ,116,text
NIELIT_Campus_BOQ_p116_l14,"excluding plastering of the jambs, sills and soffits.",NIELIT_Campus_BOQ,116,text
NIELIT_Campus_BOQ_p116_l16,"17 5.22 Reinforcement forR.C.C. work including straightening, cutting, bending,",NIELIT_Campus_BOQ,116,text
NIELIT_Campus_BOQ_p116_l19,"18 5.22 A Reinforcement forR.C.C. work including straightening, cutting, bending,",NIELIT_Campus_BOQ,116,text
NIELIT_Campus_BOQ_p116_l23,machine vibrated design mix cement concrete ofspecified grade for,NIELIT_Campus_BOQ,116,text
NIELIT_Campus_BOQ_p116_l24,reinforced cement concrete work including pumping ofconcrete tositeof,NIELIT_Campus_BOQ,116,text
NIELIT_Campus_BOQ_p116_l25,"laying but excluding the cost ofcentring, shuttering, finishing and",NIELIT_Campus_BOQ,116,text
NIELIT_Campus_BOQ_p116_l26,reinforcement-including admixture inrecommended proportions asper,NIELIT_Campus_BOQ,116,text
NIELIT_Campus_BOQ_p116_l30,Note-cement content considered inthisitem is@330kg/cum. Excess/less,NIELIT_Campus_BOQ,116,text
NIELIT_Campus_BOQ_p116_l31,cement used as per design mix is payable /recoverable separately ).,NIELIT_Campus_BOQ,116,text
NIELIT_Campus_BOQ_p117_l3,b) 5.33.2 All works above plinth level upto floor five level Cum 291.00 5781.50 1682416.50,NIELIT_Campus_BOQ,117,text
NIELIT_Campus_BOQ_p118_l3,every third course of half brick masonry (with FPS bricks)Sqm 250.00 63.30 15825.00,NIELIT_Campus_BOQ,118,text
NIELIT_Campus_BOQ_p118_l6,21 NS Brick work with FPS bricks ofclass designation 100infoundation &plinth,NIELIT_Campus_BOQ,118,text
NIELIT_Campus_BOQ_p118_l8,a) Cement mortar 1:6 (1 cement: 6 coarse sand) Cum 40.00 3964.20 158568.00,NIELIT_Campus_BOQ,118,text
NIELIT_Campus_BOQ_p118_l9,22 NS Brick work with F.P.S. bricks ofclass designation 100 insuperstructure,NIELIT_Campus_BOQ,118,text
NIELIT_Campus_BOQ_p118_l10,above plinth level up to floor V level in all shapes and sizes in:,NIELIT_Campus_BOQ,118,text
NIELIT_Campus_BOQ_p118_l11,a) Cement mortar 1:6 (1 cement: 6 coarse sand) Cum 265.00 4160.34 1102491.38,NIELIT_Campus_BOQ,118,text
NIELIT_Campus_BOQ_p118_l12,23 N.S 125mm brick masonry with FPS bricks ofclass designation 100 in,NIELIT_Campus_BOQ,118,text
NIELIT_Campus_BOQ_p118_l13,supersructure above plinth in level upto floor V level,NIELIT_Campus_BOQ,118,text
NIELIT_Campus_BOQ_p118_l14,a) Cement mortar 1:4 (1 cement: 4 coarse sand) Sqm 250.00 518.17 129541.38,NIELIT_Campus_BOQ,118,text
NIELIT_Campus_BOQ_p118_l18,"counters, window sills, facias and similar locations ofrequired size of",NIELIT_Campus_BOQ,118,text
NIELIT_Campus_BOQ_p118_l19,"approved shade, colour and texture laidover 20mm thick base cement",NIELIT_Campus_BOQ,118,text
NIELIT_Campus_BOQ_p118_l20,"mortar 1:4(1cement: 4coarse sand) withjoints treated with white cement,",NIELIT_Campus_BOQ,118,text
NIELIT_Campus_BOQ_p118_l25,i)8.2.1.2 Area of slab over 0.50 Sqm Sqm 15.00 1980.80 29712.00,NIELIT_Campus_BOQ,118,text
NIELIT_Campus_BOQ_p119_l2,i)8.2.2.2 Area of slab over 0.50 Sqm Sqm 10.00 3083.40 30834.00,NIELIT_Campus_BOQ,119,text
NIELIT_Campus_BOQ_p119_l12,27 9.20 Providing andfixing ISImarked flush door shutters conforming toIS:2202,NIELIT_Campus_BOQ,119,text
NIELIT_Campus_BOQ_p119_l16,a) 9.20.1 35mm thick including ISImarked stainless steel butt hinges with,NIELIT_Campus_BOQ,119,text
NIELIT_Campus_BOQ_p119_l22,"fordoors, windows and clerestory windows including ISImarked bright",NIELIT_Campus_BOQ,119,text
NIELIT_Campus_BOQ_p119_l23,finished or/and black enamelled MS butt hinges with necessary screws.,NIELIT_Campus_BOQ,119,text
NIELIT_Campus_BOQ_p119_l25,i) 9.27.1.2 With ISI marked stainless steel butt hinges of required size,NIELIT_Campus_BOQ,119,text
NIELIT_Campus_BOQ_p119_l27,30 9.48 Providing andfixing MSgrills ofrequired pattern inframes ofwindows etc.,NIELIT_Campus_BOQ,119,text
NIELIT_Campus_BOQ_p120_l3,31 9.96 Providing and fixing aluminium sliding door bolts ISImarked anodised,NIELIT_Campus_BOQ,120,text
NIELIT_Campus_BOQ_p120_l19,universal hydraulic door closer with necessary accessories and screws,NIELIT_Campus_BOQ,120,text
NIELIT_Campus_BOQ_p120_l26,36 9.101 Providing and fixing aluminium hanging floor door stopper ISImarked,NIELIT_Campus_BOQ,120,text
NIELIT_Campus_BOQ_p121_l9,38 10.5 Providing andfixing 1mm thick MSsheet door with frame of40x40x6mm,NIELIT_Campus_BOQ,121,text
NIELIT_Campus_BOQ_p121_l11,"necessary fittings complete, including applying a primer coat of approved a) 10.5.1 Using MS angle 40x40x6mm for diagonal braces. Sqm 2.10 2551.45 5358.05",NIELIT_Campus_BOQ,121,text
NIELIT_Campus_BOQ_p121_l12,"39 10.11 Providing &fixing factory made ISImarked steel glazed doors, windows",NIELIT_Campus_BOQ,121,text
NIELIT_Campus_BOQ_p121_l14,"asK11B andK12B etc.complete ofstandard rolled steel sections, joints",NIELIT_Campus_BOQ,121,text
NIELIT_Campus_BOQ_p121_l16,"15x3mm lugs, 10cm long, embedded incement concrete blocks",NIELIT_Campus_BOQ,121,text
NIELIT_Campus_BOQ_p121_l17,15x10x10cm of1:3:6 (1cement: 3coarse sand: 6graded stone aggregate,NIELIT_Campus_BOQ,121,text
NIELIT_Campus_BOQ_p121_l22,"approved steel primer, excluding thecost ofmetal beading and other",NIELIT_Campus_BOQ,121,text
NIELIT_Campus_BOQ_p121_l23,fittings except necessary hinges orpivots complete asperapproved,NIELIT_Campus_BOQ,121,text
NIELIT_Campus_BOQ_p121_l25,"40 10.13 Providing &fixing T-iron frames fordoors, windows &ventilators ofmild",NIELIT_Campus_BOQ,121,text
NIELIT_Campus_BOQ_p121_l26,"steel T-sections, joints mitred andwelded with 15x3 mmlugs, 10cmlong,",NIELIT_Campus_BOQ,121,text
NIELIT_Campus_BOQ_p121_l27,embedded incement concrete blocks 15x10x10 cmof1:3:6 (1cement: 3,NIELIT_Campus_BOQ,121,text
NIELIT_Campus_BOQ_p121_l28,coarse sand: 6graded stone aggr. 20mmnominal size) orwith wooden,NIELIT_Campus_BOQ,121,text
NIELIT_Campus_BOQ_p121_l31,butt hinges & screws and applying a priming coat of approved steel primer.Kg. 50.00 73.30 3665.00STEEL WORK,NIELIT_Campus_BOQ,121,text
NIELIT_Campus_BOQ_p122_l2,41 10.14 Providing and fixing pressed steel door frames conforming toIS:4351,NIELIT_Campus_BOQ,122,text
NIELIT_Campus_BOQ_p122_l3,manufactured from commercial mild steel sheet of1.25 mm thickness,NIELIT_Campus_BOQ,122,text
NIELIT_Campus_BOQ_p122_l5,"mild steel angle ofsection 50x25mm, orbase tiesof1.25 mmpressed",NIELIT_Campus_BOQ,122,text
NIELIT_Campus_BOQ_p122_l6,"mild steel welded orrigidly fixed together bymechanical means, adjustable",NIELIT_Campus_BOQ,122,text
NIELIT_Campus_BOQ_p122_l7,lugs with split end tailtoeach jamb including steel butt hinges 2.5mm,NIELIT_Campus_BOQ,122,text
NIELIT_Campus_BOQ_p122_l9,specified andapplying acoat ofapproved steel primer after pre-treatment,NIELIT_Campus_BOQ,122,text
NIELIT_Campus_BOQ_p122_l15,42 10.25 Steel work welded inbuilt upsections/framed work including cutting,NIELIT_Campus_BOQ,122,text
NIELIT_Campus_BOQ_p122_l16,"hoisting, fixing inposition andapplying apriming coat ofapproved steel",NIELIT_Campus_BOQ,122,text
NIELIT_Campus_BOQ_p122_l17,primer using structural steel etc. as required,NIELIT_Campus_BOQ,122,text
NIELIT_Campus_BOQ_p122_l20,43 10.18 Providing and fixing circular/hexagonal cast iron orMSsheet box for,NIELIT_Campus_BOQ,122,text
NIELIT_Campus_BOQ_p122_l22,"thick M.S. sheet with itstopsurface hacked forproper bonding, toplid",NIELIT_Campus_BOQ,122,text
NIELIT_Campus_BOQ_p122_l26,a) 10.26 Providing and fixing hand railofapproved size bywelding etc. tosteel,NIELIT_Campus_BOQ,122,text
NIELIT_Campus_BOQ_p122_l28,priming coat of approved steel primer.,NIELIT_Campus_BOQ,122,text
NIELIT_Campus_BOQ_p123_l2,44 10.28 Providing and fixing stainless steel (grade 304 )railing made ofHollow,NIELIT_Campus_BOQ,123,text
NIELIT_Campus_BOQ_p123_l4,",polishing andmaking curvature (wherever required )andfitting thesame",NIELIT_Campus_BOQ,123,text
NIELIT_Campus_BOQ_p123_l5,"withnecessary stainless steel nuts andbolts complete ,I/cfixing therailing",NIELIT_Campus_BOQ,123,text
NIELIT_Campus_BOQ_p123_l6,"with necessary accessories &stainless steel dash fasteners ,stainless",NIELIT_Campus_BOQ,123,text
NIELIT_Campus_BOQ_p123_l7,"steels bolts etc,ofrequired size ,onthetopofthefloor ortheside ofwaist",NIELIT_Campus_BOQ,123,text
NIELIT_Campus_BOQ_p123_l8,"slab with suitable arrangment asperapproval ofEngineers -in-charge, (",NIELIT_Campus_BOQ,123,text
NIELIT_Campus_BOQ_p123_l9,forpayment purpose only weight ofstainless steel members shall be,NIELIT_Campus_BOQ,123,text
NIELIT_Campus_BOQ_p123_l14,45 11.4 52mm thick cement concrete flooring with concrete hardener topping,NIELIT_Campus_BOQ,123,text
NIELIT_Campus_BOQ_p123_l15,under layer 40mmthick cement concrete 1:2:4 (1cement :2coarse sand:,NIELIT_Campus_BOQ,123,text
NIELIT_Campus_BOQ_p123_l16,4graded stone aggregate 20nominal size) and toplayer 12mmthick,NIELIT_Campus_BOQ,123,text
NIELIT_Campus_BOQ_p123_l17,cement hardener consisting ofmix1:2(1cement hardener mix: 2stone,NIELIT_Campus_BOQ,123,text
NIELIT_Campus_BOQ_p123_l18,aggregate 6mmnominal size) byvolume hardening compound ismixed @,NIELIT_Campus_BOQ,123,text
NIELIT_Campus_BOQ_p123_l19,2Ltrs per50kg.ofcement oraspermanufacturer specifications. This,NIELIT_Campus_BOQ,123,text
NIELIT_Campus_BOQ_p123_l20,"includes cost ofcement slurry, butexcluding thecost ofnosing ofsteps",NIELIT_Campus_BOQ,123,text
NIELIT_Campus_BOQ_p123_l22,46 11.6 Cement plaster skirting (upto 30cmheight) with cement mortar 1:3(1,NIELIT_Campus_BOQ,123,text
NIELIT_Campus_BOQ_p123_l23,cement: 3 coarse sand) finished with a floating coat of neat cement.,NIELIT_Campus_BOQ,123,text
NIELIT_Campus_BOQ_p123_l25,47 11.13 Providing & fixing glass strips in joints of terrazo/cement concrete floors.,NIELIT_Campus_BOQ,123,text
NIELIT_Campus_BOQ_p123_l27,48 11.16 Precast terrazo tiles 22mmthick with graded marble chips ofsize upto 12,NIELIT_Campus_BOQ,123,text
NIELIT_Campus_BOQ_p123_l28,"mmlaidinfloors, andlandings, jointed with neat cement slurry mixed with",NIELIT_Campus_BOQ,123,text
NIELIT_Campus_BOQ_p123_l29,pigment tomatch theshade ofthetiles including rubbing and polishing,NIELIT_Campus_BOQ,123,text
NIELIT_Campus_BOQ_p123_l30,complete with precast tiles on20mmthick bed ofcement mortar 1:4(1,NIELIT_Campus_BOQ,123,text
NIELIT_Campus_BOQ_p123_l31,cewment: 4 coarse sand),NIELIT_Campus_BOQ,123,text
NIELIT_Campus_BOQ_p123_l32,a) 11.16.1 Light shade using white cement Sqm 100.00 769.35 76935.00FLOORING WORK,NIELIT_Campus_BOQ,123,text
NIELIT_Campus_BOQ_p124_l2,48 11.23 Marble stone flooring with 18mmthick marble stone (sample ofmarble,NIELIT_Campus_BOQ,124,text
NIELIT_Campus_BOQ_p124_l4,base of1:4(1cement: 4coarse sand) laidandjointed with grey cement,NIELIT_Campus_BOQ,124,text
NIELIT_Campus_BOQ_p124_l8,49 11.25 Extra formarble stone flooring intreads ofsteps andrisers using single,NIELIT_Campus_BOQ,124,text
NIELIT_Campus_BOQ_p124_l10,50 11.26 Kota stone slab flooring over 20mm(average) thick base laidover and,NIELIT_Campus_BOQ,124,text
NIELIT_Campus_BOQ_p124_l11,jointed with grey cement slurry mixed with pigment tomatch theshade of,NIELIT_Campus_BOQ,124,text
NIELIT_Campus_BOQ_p124_l12,theslab including rubbing and polishing complete with base ofcement,NIELIT_Campus_BOQ,124,text
NIELIT_Campus_BOQ_p124_l13,mortar 1:4 (1 cement: 4 coarse sand),NIELIT_Campus_BOQ,124,text
NIELIT_Campus_BOQ_p124_l15,"51 11.27 Kota stone slab 25mmthick inrisers ofsteps, skirting dado and pillars",NIELIT_Campus_BOQ,124,text
NIELIT_Campus_BOQ_p124_l16,laidon12mm(average) thick cement mortar 1:3(1cement :3coarse,NIELIT_Campus_BOQ,124,text
NIELIT_Campus_BOQ_p124_l17,sand) &jointed with grey cement slurry mixed with pigment tomatch the,NIELIT_Campus_BOQ,124,text
NIELIT_Campus_BOQ_p124_l18,shade of the slabs including rubbing and polishing complete.Sqm 105.00 954.10 100180.50,NIELIT_Campus_BOQ,124,text
NIELIT_Campus_BOQ_p124_l19,52 11.36 Providing &fixing Istquality ceramic glazed wall tiles conforming to,NIELIT_Campus_BOQ,124,text
NIELIT_Campus_BOQ_p124_l23,over 12mmthick bedofcement mortar 1:3(1cement :3coarse sand) and,NIELIT_Campus_BOQ,124,text
NIELIT_Campus_BOQ_p124_l24,jointing with grey cement slurry @3.3 Kgpersqm including pointing in,NIELIT_Campus_BOQ,124,text
NIELIT_Campus_BOQ_p124_l25,white cement mixed with pigment of matching shade complete.Sqm 170.00 724.25 123122.50,NIELIT_Campus_BOQ,124,text
NIELIT_Campus_BOQ_p124_l26,53 11.39 Providing &laying rectified glazed ceramics floor tiles 300x300mm ormore,NIELIT_Campus_BOQ,124,text
NIELIT_Campus_BOQ_p124_l29,"Brown, laidon20mmthick cement mortar 1:4(1cement :4coarse sand)",NIELIT_Campus_BOQ,124,text
NIELIT_Campus_BOQ_p124_l30,including grouting thejoints with white cement andmatching pigments etc.,NIELIT_Campus_BOQ,124,text
NIELIT_Campus_BOQ_p125_l2,54 11.41 Providing &laying vitrified floor tiles indifferent sizes (thickness tobe,NIELIT_Campus_BOQ,125,text
NIELIT_Campus_BOQ_p125_l5,on20mm thick cement mortar 1:4(1cement: 4coarse sand) including,NIELIT_Campus_BOQ,125,text
NIELIT_Campus_BOQ_p125_l6,grouting the joints with white cement and matching pigments etc. complete.0.00,NIELIT_Campus_BOQ,125,text
NIELIT_Campus_BOQ_p125_l7,a) 11.41.2 Size of tile 60x60cm Sqm 50.00 1337.10 66855.00,NIELIT_Campus_BOQ,125,text
NIELIT_Campus_BOQ_p125_l10,55 NS Providing andlaying pioneer tiles including allaccessories ofapproved,NIELIT_Campus_BOQ,125,text
NIELIT_Campus_BOQ_p125_l15,56 12.21 Providing gola 75x75mm incement concrete 1:2:4 (1cement: 2coarse,NIELIT_Campus_BOQ,125,text
NIELIT_Campus_BOQ_p125_l16,sand: 4stone aggregate 10mm anddown gauge) including finishing with,NIELIT_Campus_BOQ,125,text
NIELIT_Campus_BOQ_p125_l17,cement mortar 1:3 (1 cement: 3 fine sand) as per standard design:,NIELIT_Campus_BOQ,125,text
NIELIT_Campus_BOQ_p125_l19,57 12.22 Making khuras 45x45cm with average minmum thickness of5cm cement,NIELIT_Campus_BOQ,125,text
NIELIT_Campus_BOQ_p125_l20,concrete 1:2:4 (1cement :2coarse sand: 4graded stone aggregate of20,NIELIT_Campus_BOQ,125,text
NIELIT_Campus_BOQ_p125_l21,"mmnominal size) over PVC sheet 1mx1mx400micron, finished with",NIELIT_Campus_BOQ,125,text
NIELIT_Campus_BOQ_p125_l22,12mm cement plaster 1:3(1cement: 3coarse sand) and acoat ofneat,NIELIT_Campus_BOQ,125,text
NIELIT_Campus_BOQ_p125_l23,cement rounding ofthe edges and making and finishing the outlet,NIELIT_Campus_BOQ,125,text
NIELIT_Campus_BOQ_p125_l26,S.C.I. rainwater pipes embedded inandincluding cement concrete blocks,NIELIT_Campus_BOQ,125,text
NIELIT_Campus_BOQ_p125_l27,10x10x10cmof1:2:4 mix(1cement:2 coarse sand :4graded stone,NIELIT_Campus_BOQ,125,text
NIELIT_Campus_BOQ_p125_l28,aggregate 20mmnominal size) andcost ofcutting holes andmaking good,NIELIT_Campus_BOQ,125,text
NIELIT_Campus_BOQ_p125_l29,the walls etc.,NIELIT_Campus_BOQ,125,text
NIELIT_Campus_BOQ_p125_l30,a) 12.38.2 For 150 mm dia pipe Each 36.00 121.80 4384.80ROOFING WORK,NIELIT_Campus_BOQ,125,text
NIELIT_Campus_BOQ_p126_l2,59 12.39 Providing lead caulked joints to sand cast iron rain water pipes and fittings:,NIELIT_Campus_BOQ,126,text
NIELIT_Campus_BOQ_p126_l3,a) 12.39.2 For 150 mm dia pipe Each 36.00 287.10 10335.60,NIELIT_Campus_BOQ,126,text
NIELIT_Campus_BOQ_p126_l4,60 12.40 Providing andfixing onwallface unplasticised-Rigid PVC rainwater pipes,NIELIT_Campus_BOQ,126,text
NIELIT_Campus_BOQ_p126_l9,61 12.42 Providing and fixing on wall face unplasticised- PVC moulded,NIELIT_Campus_BOQ,126,text
NIELIT_Campus_BOQ_p126_l10,fittings/accessories for unplasticised-Rigid PVC rain water pipes,NIELIT_Campus_BOQ,126,text
NIELIT_Campus_BOQ_p126_l19,62 12.43 Providing andfixing unplasticised- PVC pipe clips ofapproved design to,NIELIT_Campus_BOQ,126,text
NIELIT_Campus_BOQ_p126_l20,unplasticised-PVC rainwater pipes bymeans of50x50x50mm hard wood,NIELIT_Campus_BOQ,126,text
NIELIT_Campus_BOQ_p126_l21,"plugs, screwed with MSscrews ofrequired length including cutting brick",NIELIT_Campus_BOQ,126,text
NIELIT_Campus_BOQ_p126_l22,work andfixing incement mortar 1:4(1cement:4 coarse sand) andmaking,NIELIT_Campus_BOQ,126,text
NIELIT_Campus_BOQ_p126_l23,good the walls etc. complete.,NIELIT_Campus_BOQ,126,text
NIELIT_Campus_BOQ_p126_l25,63 12.44 Providing &fixing totheinlet mouth ofrain water pipe cast iron grating,NIELIT_Campus_BOQ,126,text
NIELIT_Campus_BOQ_p127_l4,sheet andgalvanised inaccordance with zinc coating ofgrade 350asper,NIELIT_Campus_BOQ,127,text
NIELIT_Campus_BOQ_p127_l18,perimeter ofceiling fixed towall/partition withthehelp ofrawl plugs at450,NIELIT_Campus_BOQ,127,text
NIELIT_Campus_BOQ_p127_l23,"fittings, grills diffusers, cutouts made with frame ofperimeter channels",NIELIT_Campus_BOQ,127,text
NIELIT_Campus_BOQ_p127_l25,the Engineer-in-Charge but excluding the cost of painting with:,NIELIT_Campus_BOQ,127,text
NIELIT_Campus_BOQ_p128_l3,weight calcium silicate false ceiling tiles of approved texture spintone/ cosmos/,NIELIT_Campus_BOQ,128,text
NIELIT_Campus_BOQ_p128_l8,"(minimum) sheet, spaced 1200 mm centre to centre, and cross ""T"" of size 24x28",NIELIT_Campus_BOQ,128,text
NIELIT_Campus_BOQ_p128_l9,"mm made out of 0.33 mm (minimum) sheet, 1200 mm long spaced between",NIELIT_Campus_BOQ,128,text
NIELIT_Campus_BOQ_p128_l12,(minimum) sheet to be inter locked at middle of the 1200x600 mm panel to from,NIELIT_Campus_BOQ,128,text
NIELIT_Campus_BOQ_p128_l13,"a grid 600x600 mm, resting on periphery walls / partitions on a Peerimeter wall",NIELIT_Campus_BOQ,128,text
NIELIT_Campus_BOQ_p128_l14,angle pre-coated steel of size (24x24x3000 mm) made of 0.40 mm thick,NIELIT_Campus_BOQ,128,text
NIELIT_Campus_BOQ_p128_l15,(minimum) sheet with the help of rawl plugs at 450 mm centre to centre with 25,NIELIT_Campus_BOQ,128,text
NIELIT_Campus_BOQ_p128_l16,mm long dry wall screws @ 230 mm interval and laying 15 mm thick densified Sqm 1566 0.00,NIELIT_Campus_BOQ,128,text
NIELIT_Campus_BOQ_p128_l17,edges calcium silicate ceiling tiles of approved texture (Spintone/ Cosmos/,NIELIT_Campus_BOQ,128,text
NIELIT_Campus_BOQ_p128_l19,"grills, light fittings, fixtures, smoke detector etc. wherever required. Main 'T'",NIELIT_Campus_BOQ,128,text
NIELIT_Campus_BOQ_p128_l22,"adjustable rods with galvanised steel level clips of size 85x30x0.8 mm, spaced at",NIELIT_Campus_BOQ,128,text
NIELIT_Campus_BOQ_p128_l24,"section shall be pre-painted with polyster baked paint, for all heights, as per",NIELIT_Campus_BOQ,128,text
NIELIT_Campus_BOQ_p128_l26,Note:- Only calcium silicate false ceiling area will be measured from wall to wall.,NIELIT_Campus_BOQ,128,text
NIELIT_Campus_BOQ_p128_l28,less then 0.30 sqm. The calcium silicate ceiling tile shall have NRC value of 0.50,NIELIT_Campus_BOQ,128,text
NIELIT_Campus_BOQ_p128_l34,66 13.4 12mm cement plaster of mix :,NIELIT_Campus_BOQ,128,text
NIELIT_Campus_BOQ_p128_l35,a) 13.4.2 1:6 (1 cement : 6 coarse sand ) Sqm 3000.00 112.50 337500.00FINISHING:,NIELIT_Campus_BOQ,128,text
NIELIT_Campus_BOQ_p129_l2,67 13.7 12mm cement plaster finished with a floating coat of neat cement of mix :,NIELIT_Campus_BOQ,129,text
NIELIT_Campus_BOQ_p129_l3,a) 13.7.1 1:4 (1 cement : 4 fine sand ) Sqm 60.00 107.80 6468.00,NIELIT_Campus_BOQ,129,text
NIELIT_Campus_BOQ_p129_l4,68 13.12 18mmcement plaster intwocoats under layer 12mm thick cement plaster,NIELIT_Campus_BOQ,129,text
NIELIT_Campus_BOQ_p129_l5,1:5(1cement :5coarse sand) andatoplayer 6mm thick cement plaster,NIELIT_Campus_BOQ,129,text
NIELIT_Campus_BOQ_p129_l6,1:3 (1 cement: 3 coarse sand) finished rough with sponge.Sqm 400.00 123.50 49400.00,NIELIT_Campus_BOQ,129,text
NIELIT_Campus_BOQ_p129_l7,69 13.5 15mm cement plaster on rough side of single or half brick wall of mix:,NIELIT_Campus_BOQ,129,text
NIELIT_Campus_BOQ_p129_l8,a) 13.5.2 1:6 (1 cement : 6 Coarse sand ) Sqm 3000.00 130.20 390600.00,NIELIT_Campus_BOQ,129,text
NIELIT_Campus_BOQ_p129_l9,70 13.16 6 mm cement plaster to ceiling of mix :,NIELIT_Campus_BOQ,129,text
NIELIT_Campus_BOQ_p129_l10,a) 13.16.1 1:3 (1 cement : 3 fine sand ) Sqm. 1050.00 101.00 106050.00,NIELIT_Campus_BOQ,129,text
NIELIT_Campus_BOQ_p129_l11,71 13.23 Extra for plastering on circular work not exceeding 6m in radius:,NIELIT_Campus_BOQ,129,text
NIELIT_Campus_BOQ_p129_l13,72 13.26 Providing and applying plaster ofparis putty of2mm thickness over,NIELIT_Campus_BOQ,129,text
NIELIT_Campus_BOQ_p129_l14,plastered surface to prepare the surface even and smooth complete.Sqm. 4050.00 83.80 339390.00,NIELIT_Campus_BOQ,129,text
NIELIT_Campus_BOQ_p129_l17,74 13.41 Distempering with oilbound washable distemper ofapproved brand and,NIELIT_Campus_BOQ,129,text
NIELIT_Campus_BOQ_p129_l19,a) 13.41.1 New work (two ormore coats) over andincluding priming coat withcement,NIELIT_Campus_BOQ,129,text
NIELIT_Campus_BOQ_p129_l21,"75 13.47 Finishing walls with Premium Acrylic Smooth exterior paint with ""Silicone",NIELIT_Campus_BOQ,129,text
NIELIT_Campus_BOQ_p129_l24,base coat of water proofing cement paint applied @2.20kg/10sqm)Sqm 2305.00 80.45 185437.25,NIELIT_Campus_BOQ,129,text
NIELIT_Campus_BOQ_p129_l25,76 13.60 Wall painting with plastic emulsion paint ofapproved brand and,NIELIT_Campus_BOQ,129,text
NIELIT_Campus_BOQ_p130_l2,77 13.45 Finishing walls with textured exterior paint of required shade,NIELIT_Campus_BOQ,130,text
NIELIT_Campus_BOQ_p130_l4,including base coat ofwater proofing cement paint applied @2.20 Kg./10,NIELIT_Campus_BOQ,130,text
NIELIT_Campus_BOQ_p130_l9,79 13.58 Providing and applying twocoats ofFire retardent paint unthunned on,NIELIT_Campus_BOQ,130,text
NIELIT_Campus_BOQ_p130_l13,a) 13.61 Painting with synthetic enamel paint ofapproved brand andmanufacture,NIELIT_Campus_BOQ,130,text
NIELIT_Campus_BOQ_p130_l16,80 13.76 Forming groove ofuniform size from 12x12mm and25x15mm inplastered,NIELIT_Campus_BOQ,130,text
NIELIT_Campus_BOQ_p130_l19,and finishing thegroove complete asperspecifications and direction of,NIELIT_Campus_BOQ,130,text
NIELIT_Campus_BOQ_p131_l2,"81 21.1 Providing &fixing aluminium work fordoors, windows, ventilators &",NIELIT_Campus_BOQ,131,text
NIELIT_Campus_BOQ_p131_l6,"expansion hold fastners including necessary filling upofgaps atjunctions,",NIELIT_Campus_BOQ,131,text
NIELIT_Campus_BOQ_p131_l10,"glazing/panelling C.P. brass/ Stainless Steel screws, allcomplete asper",NIELIT_Campus_BOQ,131,text
NIELIT_Campus_BOQ_p131_l16,"b) 21.1.2 Forshutters ofdoors, windows &ventilators including providing andfixing",NIELIT_Campus_BOQ,131,text
NIELIT_Campus_BOQ_p131_l17,hinges/ pivots andmaking provision forfixing offittings wherever required,NIELIT_Campus_BOQ,131,text
NIELIT_Campus_BOQ_p131_l18,including thecost ofPVC/ neoprene gasket required. (Fittings shall be,NIELIT_Campus_BOQ,131,text
NIELIT_Campus_BOQ_p131_l22,82 21.4 Providing &fixing double action hydraulic floor spring ofapproved brand,NIELIT_Campus_BOQ,131,text
NIELIT_Campus_BOQ_p131_l23,"andmanufacture IS:6315 marked, fordoors including cost ofcutting floors",NIELIT_Campus_BOQ,131,text
NIELIT_Campus_BOQ_p131_l24,"asrequired, embedding infloors and cover plates with brass pivot and",NIELIT_Campus_BOQ,131,text
NIELIT_Campus_BOQ_p131_l25,single piece MSsheet outer boxwith slide plate etc.complete asperthe,NIELIT_Campus_BOQ,131,text
NIELIT_Campus_BOQ_p131_l27,a) 21.4.1 With stainless steel cover plate Each 1.00 1953.10 1953.10,NIELIT_Campus_BOQ,131,text
NIELIT_Campus_BOQ_p131_l29,aluminium doors including necessary cutting and making good etc.,NIELIT_Campus_BOQ,131,text
NIELIT_Campus_BOQ_p131_l31,84 21.15 Providing &fixing aluminium casement window fastener ofrequired length,NIELIT_Campus_BOQ,131,text
NIELIT_Campus_BOQ_p131_l32,for aluminium windows with necessary screws etc. complete.,NIELIT_Campus_BOQ,131,text
NIELIT_Campus_BOQ_p132_l5,"86 21.3 Providing and fixing glazing inaluminium doors, windows, ventilator",NIELIT_Campus_BOQ,132,text
NIELIT_Campus_BOQ_p132_l12,"87 NS Providing and fixing glazing inaluminium doors, windows, ventilator",NIELIT_Campus_BOQ,132,text
NIELIT_Campus_BOQ_p132_l18,"88 22.5 Providing andlaying water proofing treatment insunken portion ofWCs,",NIELIT_Campus_BOQ,132,text
NIELIT_Campus_BOQ_p132_l19,bathrooms etc. byapplying cement slurry mixed with water proofing,NIELIT_Campus_BOQ,132,text
NIELIT_Campus_BOQ_p132_l20,cement comopund consisting ofapplying: a)First layer ofslurry ofcement,NIELIT_Campus_BOQ,132,text
NIELIT_Campus_BOQ_p132_l21,@0.488 kg./Sqm mixed with water proofing cement comound @0.253,NIELIT_Campus_BOQ,132,text
NIELIT_Campus_BOQ_p132_l23,ofslurry ofcement @0.242 kg./Sqm mixed with water proofing cement,NIELIT_Campus_BOQ,132,text
NIELIT_Campus_BOQ_p132_l27,junctions of pipes and masonary with polymer mixed slurry.Sqm 100.00 215.15 21515.00WATER PROOFING:,NIELIT_Campus_BOQ,132,text
NIELIT_Campus_BOQ_p133_l2,89 22.7 Providing and laying integral cement based water proofing treatment,NIELIT_Campus_BOQ,133,text
NIELIT_Campus_BOQ_p133_l5,grouting aslurry coat ofneat cement using 2.75 kg./Sqm ofcement,NIELIT_Campus_BOQ,133,text
NIELIT_Campus_BOQ_p133_l6,admixed with water proofing compound conforming toIS:2645 and,NIELIT_Campus_BOQ,133,text
NIELIT_Campus_BOQ_p133_l7,approved byEngineer-In-Charge over theRCC slab including adjoining,NIELIT_Campus_BOQ,133,text
NIELIT_Campus_BOQ_p133_l8,walls upto 300mm height including cleaning thesurface before treatment.,NIELIT_Campus_BOQ,133,text
NIELIT_Campus_BOQ_p133_l9,b)Laying brick bats with mortar using broken bricks/brick bats 25mm to,NIELIT_Campus_BOQ,133,text
NIELIT_Campus_BOQ_p133_l10,115mm size with 50% ofcement mortar 1:5(1cement :5coarse sand),NIELIT_Campus_BOQ,133,text
NIELIT_Campus_BOQ_p133_l11,admixed with water proofing cement compound conforming toIS:2645 and,NIELIT_Campus_BOQ,133,text
NIELIT_Campus_BOQ_p133_l12,approved byEngineer-In-Charge over 20mm thick layer ofcement mortar,NIELIT_Campus_BOQ,133,text
NIELIT_Campus_BOQ_p133_l13,ofmix 1:5(1cement: 5coarse sand) admixed with water proofing,NIELIT_Campus_BOQ,133,text
NIELIT_Campus_BOQ_p133_l15,Charge torequired slope &treating similarly theadjoining walls upto 300,NIELIT_Campus_BOQ,133,text
NIELIT_Campus_BOQ_p133_l16,mm height including rounding of junctions of walls and slabs.,NIELIT_Campus_BOQ,133,text
NIELIT_Campus_BOQ_p133_l17,c)After twodays ofproper curing applying asecond coat ofcement slurry,NIELIT_Campus_BOQ,133,text
NIELIT_Campus_BOQ_p133_l18,using 2.75 kg./sqm ofcement admixed with water proofing comopound,NIELIT_Campus_BOQ,133,text
NIELIT_Campus_BOQ_p133_l20,Finishing thesurface with20mm thick jointless cement mortar ofmix1:4(1,NIELIT_Campus_BOQ,133,text
NIELIT_Campus_BOQ_p133_l21,cement :4coarse sand) admixed with water proofing compound,NIELIT_Campus_BOQ,133,text
NIELIT_Campus_BOQ_p133_l23,laying glass fibre cloth ofapproved quality intoplayer ofplaster andfinally,NIELIT_Campus_BOQ,133,text
NIELIT_Campus_BOQ_p133_l24,finishing thesurface with trowel with neat cement slurry and making,NIELIT_Campus_BOQ,133,text
NIELIT_Campus_BOQ_p134_l7,"c SS plate for floor number-size 8""x8"" Each 4.00 728.28 2913.10",NIELIT_Campus_BOQ,134,text
NIELIT_Campus_BOQ_p134_l9,"91 NS providing &fixing signage 3mm thick acrylic sheet with Radium printing,",NIELIT_Campus_BOQ,134,text
NIELIT_Campus_BOQ_p135_l0,1 SANITARY FIXTURES,NIELIT_Campus_BOQ,135,text
NIELIT_Campus_BOQ_p135_l1,"2 SOIL, WASTE VENT PIPE",NIELIT_Campus_BOQ,135,text
NIELIT_Campus_BOQ_p135_l3,4 DRAINAGE(SEWERAGE),NIELIT_Campus_BOQ,135,text
NIELIT_Campus_BOQ_p136_l5,"100mm sand cast iron PorStrap, 10litres lowlevel white PVC flushing",NIELIT_Campus_BOQ,136,text
NIELIT_Campus_BOQ_p136_l7,"with allfittings &fixtures conpletes,including cutting and making good the",NIELIT_Campus_BOQ,136,text
NIELIT_Campus_BOQ_p136_l8,walls and floors wherever required :,NIELIT_Campus_BOQ,136,text
NIELIT_Campus_BOQ_p136_l13,lowlevel white viterous china flushing cistern &C.P. flush bend with fittings,NIELIT_Campus_BOQ,136,text
NIELIT_Campus_BOQ_p136_l16,"complete including painting offittings andbrackets, cutting &making good",NIELIT_Campus_BOQ,136,text
NIELIT_Campus_BOQ_p136_l17,the walls and floors wherever required.,NIELIT_Campus_BOQ,136,text
NIELIT_Campus_BOQ_p136_l20,"32mm CPbrass waste ofstandard pattern, including painting offittings and",NIELIT_Campus_BOQ,136,text
NIELIT_Campus_BOQ_p136_l21,"brackets cutting & making good the walls, wherever required.",NIELIT_Campus_BOQ,136,text
NIELIT_Campus_BOQ_p136_l24,NAME OF WORK: DETAILED COST ESTIMATE OF INTERNAL PLUMBING WORKS,NIELIT_Campus_BOQ,136,text
NIELIT_Campus_BOQ_p136_l25,SANITARY FIXTURE:,NIELIT_Campus_BOQ,136,text
NIELIT_Campus_BOQ_p137_l3,4 17.10 Providing and fixing stainless steel AISI:304 (18/8) kitchen sink asper,NIELIT_Campus_BOQ,137,text
NIELIT_Campus_BOQ_p137_l4,IS:13983 with CIbrackets andstainless steel plug 40mm including painting,NIELIT_Campus_BOQ,137,text
NIELIT_Campus_BOQ_p137_l5,"of fittings & brackets, cutting and making good the walls wherever required.",NIELIT_Campus_BOQ,137,text
NIELIT_Campus_BOQ_p137_l6,17.10.1 Kitchen sink with drain board,NIELIT_Campus_BOQ,137,text
NIELIT_Campus_BOQ_p137_l8,5 17.28 Providing &fixing PVC waste pipe forsink orwash basin including PVC,NIELIT_Campus_BOQ,137,text
NIELIT_Campus_BOQ_p137_l9,waste fittings complete,NIELIT_Campus_BOQ,137,text
NIELIT_Campus_BOQ_p137_l10,17.28.1 Semi rigid pipe,NIELIT_Campus_BOQ,137,text
NIELIT_Campus_BOQ_p137_l17,TOTAL FOR SCHEDULE TIEMS(SANITARY FIXTURE) 111984.65,NIELIT_Campus_BOQ,137,text
NIELIT_Campus_BOQ_p137_l19,"8 17.35 Providing and fixing soil, waste vent pipes",NIELIT_Campus_BOQ,137,text
NIELIT_Campus_BOQ_p137_l21,17.35.1.2 Centrifugally cast (spun) iron socketed pipe as per IS:3989.S&S pipe Mtr 100.00 857.30 85730.00SOIL WASTE VENT PIPES AND FITTINGS:,NIELIT_Campus_BOQ,137,text
NIELIT_Campus_BOQ_p138_l4,17.35.2.2 Centrifugally cast (spun) iron socketed pipe as per IS:3989. Mtr 90.00 744.50 67005.00,NIELIT_Campus_BOQ,138,text
NIELIT_Campus_BOQ_p138_l5,9 17.37 Providing andfixing MSholder-bat clamps ofapproved design toSand Cast,NIELIT_Campus_BOQ,138,text
NIELIT_Campus_BOQ_p138_l6,iron/cast iron(spun) pipe embedded inandincluding cement concrete blocks,NIELIT_Campus_BOQ,138,text
NIELIT_Campus_BOQ_p138_l7,10x10x10 cmof1:2:4 mix (1cement: 2coarse sand :4graded stone,NIELIT_Campus_BOQ,138,text
NIELIT_Campus_BOQ_p138_l8,aggregate 20mm nominal size) including cost ofcutting holes and making,NIELIT_Campus_BOQ,138,text
NIELIT_Campus_BOQ_p138_l9,good the walls etc.,NIELIT_Campus_BOQ,138,text
NIELIT_Campus_BOQ_p138_l10,17.37.1 For 100mm dia pipe Each 42 112.50 4688.00,NIELIT_Campus_BOQ,138,text
NIELIT_Campus_BOQ_p138_l11,17.37.2 For 75mm dia pipe Each 38 110.15 4131.00,NIELIT_Campus_BOQ,138,text
NIELIT_Campus_BOQ_p138_l12,10 17.38 Providing and fixing bend ofrequired degree with access door insertion,NIELIT_Campus_BOQ,138,text
NIELIT_Campus_BOQ_p138_l15,17.38.1.2 Sand Cast iron S&S as per IS-3989 Each 8.00 353.25 2826.00,NIELIT_Campus_BOQ,138,text
NIELIT_Campus_BOQ_p138_l17,17.38.2.2 Sand Cast iron S&S as per IS-3989 Each 4.00 281.15 1125.00,NIELIT_Campus_BOQ,138,text
NIELIT_Campus_BOQ_p138_l20,17.39.1.2 Sand Cast iron S&S as per IS-3989 Each 25.00 296.35 7409.00,NIELIT_Campus_BOQ,138,text
NIELIT_Campus_BOQ_p138_l22,17.39.2.2 Sand Cast iron S&S as per IS-3989 Each 35.00 221.95 7768.00,NIELIT_Campus_BOQ,138,text
NIELIT_Campus_BOQ_p138_l23,12 17.40 Providing and fixing heal rest sanitary bend,NIELIT_Campus_BOQ,138,text
NIELIT_Campus_BOQ_p139_l4,17.40.1.2 Sand Cast iron S&S as per IS-3989 Each 4.00 342.80 1371.00,NIELIT_Campus_BOQ,139,text
NIELIT_Campus_BOQ_p139_l6,17.40.2.2 Sand Cast iron S&S as per IS-3989 Each 4.00 297.45 1190.00,NIELIT_Campus_BOQ,139,text
NIELIT_Campus_BOQ_p139_l8,"access door, insertion rubber washer 3mm thick, bolts and nuts complete.",NIELIT_Campus_BOQ,139,text
NIELIT_Campus_BOQ_p139_l10,17.43.1.2 Sand Cast iron S&S as per IS-3989 Each 1.00 579.45 579.00,NIELIT_Campus_BOQ,139,text
NIELIT_Campus_BOQ_p139_l12,17.43.2.2 Sand Cast iron S&S as per IS-3989 Each 1.00 438.00 438.00,NIELIT_Campus_BOQ,139,text
NIELIT_Campus_BOQ_p139_l15,17.56.1.2 Sand Cast iron S&S as per IS-3989 Each 8.00 244.10 1953.00,NIELIT_Campus_BOQ,139,text
NIELIT_Campus_BOQ_p139_l17,17.56.2.2 Sand Cast iron S&S as per IS-3989 Each 8.00 221.95 1776.00,NIELIT_Campus_BOQ,139,text
NIELIT_Campus_BOQ_p139_l20,17.57.1.2 Sand Cast iron S&S as per IS-3989 Each 71 238.25 17018.00,NIELIT_Campus_BOQ,139,text
NIELIT_Campus_BOQ_p140_l3,17.57.2.2 Sand Cast iron S&S as per IS-3989 Each 64 169.25 10880.00,NIELIT_Campus_BOQ,140,text
NIELIT_Campus_BOQ_p140_l4,16 17.58 Providing lead caulked joints tosand cast iron/centrifugally cast (spun) iron,NIELIT_Campus_BOQ,140,text
NIELIT_Campus_BOQ_p140_l5,pipes & fittings of dia,NIELIT_Campus_BOQ,140,text
NIELIT_Campus_BOQ_p140_l10,making good the walls and floors.,NIELIT_Campus_BOQ,140,text
NIELIT_Campus_BOQ_p140_l12,17.60.2.1 Sand Cast iron S&S as per IS-3989 Each 35.00 838.85 29360.00,NIELIT_Campus_BOQ,140,text
NIELIT_Campus_BOQ_p140_l13,18 17.61 Cutting chases inbrick masonry walls forfollowing diameter sand cast,NIELIT_Campus_BOQ,140,text
NIELIT_Campus_BOQ_p140_l14,iron/centrifugally cast (spun) iron pipes and making good thesame with,NIELIT_Campus_BOQ,140,text
NIELIT_Campus_BOQ_p140_l15,cement concrete 1:3:6 (1cement: 3coarse sand: 6graded stone aggregate,NIELIT_Campus_BOQ,140,text
NIELIT_Campus_BOQ_p140_l16,12.5mm nominal size) including necessary plaster and painting incement,NIELIT_Campus_BOQ,140,text
NIELIT_Campus_BOQ_p140_l17,mortar 1:4 (1 cement: 4 coarse sand).,NIELIT_Campus_BOQ,140,text
NIELIT_Campus_BOQ_p140_l20,"19 17.65 Painting sand cast iron/centrifugally cast (spun) iron soil, waste vent pipes",NIELIT_Campus_BOQ,140,text
NIELIT_Campus_BOQ_p140_l21,andfittings withpaint ofanycolour such aschocolate grey orbuffetc.over a,NIELIT_Campus_BOQ,140,text
NIELIT_Campus_BOQ_p140_l23,a) 17.65.1 a) 100mm dia meter pipe Mtr 100.00 28.75 2875.00,NIELIT_Campus_BOQ,140,text
NIELIT_Campus_BOQ_p140_l24,b) 17.65.2 b) 75mm dia meter pipe Mtr 90.00 22.00 1980.00,NIELIT_Campus_BOQ,140,text
NIELIT_Campus_BOQ_p141_l6,pressure pipes conforming toIS-15450 U.V. stabilized with carbon black,NIELIT_Campus_BOQ,141,text
NIELIT_Campus_BOQ_p141_l8,temperature upto 80deg. Cincluding allspecial fittings ofcomposite material,NIELIT_Campus_BOQ,141,text
NIELIT_Campus_BOQ_p141_l13,Internal work -Exposed on wall,NIELIT_Campus_BOQ,141,text
NIELIT_Campus_BOQ_p141_l14,18.1.3 2025(16mm OD )pipe Mtr 15 277.95 4169.25,NIELIT_Campus_BOQ,141,text
NIELIT_Campus_BOQ_p141_l15,18.1.4 2532(16mm OD )pipe Mtr 15 362.85 5442.75,NIELIT_Campus_BOQ,141,text
NIELIT_Campus_BOQ_p141_l16,18.1.5 3240(16mm OD )pipe Mtr 15 559.65 8394.75,NIELIT_Campus_BOQ,141,text
NIELIT_Campus_BOQ_p141_l17,18.1.6 4050 (16mm OD )pipe Mtr 15 597.40 8961.00,NIELIT_Campus_BOQ,141,text
NIELIT_Campus_BOQ_p141_l19,pressure pipes conforming toIS-15450 U.V. stabilized with carbon black,NIELIT_Campus_BOQ,141,text
NIELIT_Campus_BOQ_p141_l21,temperature upto 80deg. Cincluding allspecial fittings ofcomposite material,NIELIT_Campus_BOQ,141,text
NIELIT_Campus_BOQ_p141_l25,joints complete as per direction of Engineer-in-charge.SCHEDULE ITEMSTOTAL FOR SCHEDULE ITEMS(SOIL WASTE VENT PIPES & FITTINGS),NIELIT_Campus_BOQ,141,text
NIELIT_Campus_BOQ_p142_l4,walls etc. complete,NIELIT_Campus_BOQ,142,text
NIELIT_Campus_BOQ_p142_l5,18.2.1 1216 ( 16mm OD) pipe Mtr 80 297.95 23836.00,NIELIT_Campus_BOQ,142,text
NIELIT_Campus_BOQ_p142_l6,18.2.2 1620 ( 20mm OD) pipe Mtr 80 340.60 27248.00,NIELIT_Campus_BOQ,142,text
NIELIT_Campus_BOQ_p142_l8,pressure pipes conforming toIS-15450-2004 U.V. stabilized with carbon,NIELIT_Campus_BOQ,142,text
NIELIT_Campus_BOQ_p142_l10,withstand temperature upto 80deg. Cincluding allspecial fittings of,NIELIT_Campus_BOQ,142,text
NIELIT_Campus_BOQ_p142_l13,"trenching,refilling andtesting ofjoints complete asperdirection ofEngineer-",NIELIT_Campus_BOQ,142,text
NIELIT_Campus_BOQ_p142_l16,18.3.6 4050 (50 MM OD) Pipe Mtr 20 558.75 11175.00,NIELIT_Campus_BOQ,142,text
NIELIT_Campus_BOQ_p142_l18,"providing & fixing tee, including cutting and threading the pipe etc. complete.",NIELIT_Campus_BOQ,142,text
NIELIT_Campus_BOQ_p143_l16,28 18.27 Providing &laying S&S centrifugally cast (spun) iron pipes (Class LA),NIELIT_Campus_BOQ,143,text
NIELIT_Campus_BOQ_p143_l18,18.27.3 100mm dia pipe Mtrs 60.00 1476.70 88602.00,NIELIT_Campus_BOQ,143,text
NIELIT_Campus_BOQ_p144_l9,32 NS Providing and fixing CI cover with frame for RCC UGT / OHT,NIELIT_Campus_BOQ,144,text
NIELIT_Campus_BOQ_p144_l12,33 NS Providing and fixing monoblock centrifugal pumping setwith gun metal,NIELIT_Campus_BOQ,144,text
NIELIT_Campus_BOQ_p144_l13,impeller withtotally enclosed fancolled squirrel cage induction motor capable,NIELIT_Campus_BOQ,144,text
NIELIT_Campus_BOQ_p144_l15,"dialguage, base plate priming arrangement, with wiring, panel &equipments",NIELIT_Campus_BOQ,144,text
NIELIT_Campus_BOQ_p144_l16,forwater level controller tostart /stop thepump automatically withprotection,NIELIT_Campus_BOQ,144,text
NIELIT_Campus_BOQ_p144_l21,35 NS Providing and placing onterrace (atallfloor levels) polyethylene water,NIELIT_Campus_BOQ,144,text
NIELIT_Campus_BOQ_p144_l22,storage tank IS:12701 marked withcover &suitable locking arrangement and,NIELIT_Campus_BOQ,144,text
NIELIT_Campus_BOQ_p144_l23,"making necessary holes forinlet, outlet &overflow pipes butwithout fittings",NIELIT_Campus_BOQ,144,text
NIELIT_Campus_BOQ_p144_l24,and the base support for tank.Litre 5000 9.66 48275.86,NIELIT_Campus_BOQ,144,text
NIELIT_Campus_BOQ_p145_l6,D) SEWERAGE (INTERNAL):,NIELIT_Campus_BOQ,145,text
NIELIT_Campus_BOQ_p145_l7,"37 19.1 Providing, laying &jointing glazed stoneware pipes grade 'A'withstiffmixture",NIELIT_Campus_BOQ,145,text
NIELIT_Campus_BOQ_p145_l8,ofcement mortar inthe proportion of1:1 (1cement :1fine sand),NIELIT_Campus_BOQ,145,text
NIELIT_Campus_BOQ_p145_l11,38 19.2 Providing andlaying cement concrete 1:5:10 (1cement: 5coarse sand :10,NIELIT_Campus_BOQ,145,text
NIELIT_Campus_BOQ_p145_l12,graded stone aggregate 40mm nominal size) alround SWpipes including bed,NIELIT_Campus_BOQ,145,text
NIELIT_Campus_BOQ_p145_l13,concrete as per standard design.,NIELIT_Campus_BOQ,145,text
NIELIT_Campus_BOQ_p145_l14,a) 19.2.1 100 mm dia RCC pipe Mtr 20.00 496.90 9938.00,NIELIT_Campus_BOQ,145,text
NIELIT_Campus_BOQ_p145_l15,39 19.3 Providing andlaying cement concrete 1:5:10 (1cement: 5coarse sand :10,NIELIT_Campus_BOQ,145,text
NIELIT_Campus_BOQ_p145_l16,graded stone aggregate 40mm nominal size) upto haunches ofSW pipes,NIELIT_Campus_BOQ,145,text
NIELIT_Campus_BOQ_p145_l17,including bed concrete as per standard design.,NIELIT_Campus_BOQ,145,text
NIELIT_Campus_BOQ_p145_l18,19.3.2 150mm diameter SW pipe Mtr 20.00 382.75 7655.00,NIELIT_Campus_BOQ,145,text
NIELIT_Campus_BOQ_p145_l20,grating brick masonry chamber with water tight CICover with frame of,NIELIT_Campus_BOQ,145,text
NIELIT_Campus_BOQ_p145_l24,19.4.1.1 With FPS bricks class designation 75. Each 7.00 1256.35 8794.00,NIELIT_Campus_BOQ,145,text
NIELIT_Campus_BOQ_p146_l3,41 19.6 Providing and laying non-pressure NP2 class (light duty) RCC pipes with,NIELIT_Campus_BOQ,146,text
NIELIT_Campus_BOQ_p146_l4,collars jointed with stiffmixture ofcement mortar intheproportion of1:2(1,NIELIT_Campus_BOQ,146,text
NIELIT_Campus_BOQ_p146_l5,cement : 2 fine sand) including testing of the joints etc. complete.,NIELIT_Campus_BOQ,146,text
NIELIT_Campus_BOQ_p146_l6,a) 19.6.2 150 mm dia RCC pipe Mtr 100.00 254.50 25450.00,NIELIT_Campus_BOQ,146,text
NIELIT_Campus_BOQ_p146_l7,42 19.7 Constructing brick masonary manhole incement mortar 1:4(1cement: 4,NIELIT_Campus_BOQ,146,text
NIELIT_Campus_BOQ_p146_l8,coarse sand) RCC topslab with 1:2:4 mix(1cement: 2coarse sand: 4,NIELIT_Campus_BOQ,146,text
NIELIT_Campus_BOQ_p146_l9,"graded stone aggregate 20mm nominal size), fondation concrete 1:4:8 (1",NIELIT_Campus_BOQ,146,text
NIELIT_Campus_BOQ_p146_l10,cement: 4coarse sand: 8graded stone aggregate 40mm nominal size),NIELIT_Campus_BOQ,146,text
NIELIT_Campus_BOQ_p146_l11,inside plastering 12mmthick with cement mortar 1:3(1cement: 3coarse,NIELIT_Campus_BOQ,146,text
NIELIT_Campus_BOQ_p146_l12,sand) finished with floating coat ofneat cement and making channels in,NIELIT_Campus_BOQ,146,text
NIELIT_Campus_BOQ_p146_l13,cement concrete 1:2:4 (1cement: 2coarse sand: 4graded stone,NIELIT_Campus_BOQ,146,text
NIELIT_Campus_BOQ_p146_l14,aggregated 20mmnominal size) finished with afloating coat ofneat cement,NIELIT_Campus_BOQ,146,text
NIELIT_Campus_BOQ_p146_l19,19.7.1.1 With FPS bricks with class designation 75 Each 10.00 7132.00 71320.00,NIELIT_Campus_BOQ,146,text
NIELIT_Campus_BOQ_p147_l4,encapsulated asperIS:10910 on12mm diasteel bar comforming to,NIELIT_Campus_BOQ,147,text
NIELIT_Campus_BOQ_p147_l12,including fixing inmanholes with 30x20x15cm cement concrete block 1:3:6 (,NIELIT_Campus_BOQ,147,text
NIELIT_Campus_BOQ_p147_l13,1cement :3coarse sand :6graded stone aggregate 20mm nominal size),NIELIT_Campus_BOQ,147,text
NIELIT_Campus_BOQ_p147_l16,E) EARTH WORK( INTERNAL PLUMBING WORK),NIELIT_Campus_BOQ,147,text
NIELIT_Campus_BOQ_p147_l22,"45 2.10 Excavating trenches ofrequired width forpipes, cables, etc. including",NIELIT_Campus_BOQ,147,text
NIELIT_Campus_BOQ_p147_l23,"excavation forsockets andrefessing ofsides, ramming ofbottom depth upto",NIELIT_Campus_BOQ,147,text
NIELIT_Campus_BOQ_p148_l4,"2.10.1.2 Pipes, cables etc. exceeding 80mm dia but not exceeding 300mm dia Mtr 120.00 165.60 19872.00",NIELIT_Campus_BOQ,148,text
NIELIT_Campus_BOQ_p148_l5,"46 2.25 Filling available excavted earth (excluding rock) intrenches, plinth sides of",NIELIT_Campus_BOQ,148,text
NIELIT_Campus_BOQ_p148_l6,foundations etc.inlayet notexceeding 20cmindepth consolidation earth,NIELIT_Campus_BOQ,148,text
NIELIT_Campus_BOQ_p149_l2,1 1.10 Wiring forlight point/ fanpoint/ exhaust fanpoint/ callbellpoint with 1.5sq.mm FRPVC insulated copper,NIELIT_Campus_BOQ,149,text
NIELIT_Campus_BOQ_p149_l3,"conductor single core cable insurface /recessed medium class PVC conduit, with modular switch, modular",NIELIT_Campus_BOQ,149,text
NIELIT_Campus_BOQ_p149_l7,2 1.11 Wiring fortwin control light point with 1.5sq.mm FRPVC insulated copper conductor single core cable in,NIELIT_Campus_BOQ,149,text
NIELIT_Campus_BOQ_p149_l8,"surface /recessed medium class PVC conduit, 2way modular switch, modular plate, suitable GIboxand",NIELIT_Campus_BOQ,149,text
NIELIT_Campus_BOQ_p149_l10,"3 1.12 Wiring forlight/power plug with 2x4 Sq.mm FRPVC insulated, copper conductor, single core cable in",NIELIT_Campus_BOQ,149,text
NIELIT_Campus_BOQ_p149_l11,surface/recessed PVC conduit alongwith 1No.4Sq.mm FRPVC insulated copper conductor single core,NIELIT_Campus_BOQ,149,text
NIELIT_Campus_BOQ_p149_l13,"4 1.13 Wiring forlight/power plug with 4x4 Sq.mm FRPVC insulated, copper conductor, single core cable in",NIELIT_Campus_BOQ,149,text
NIELIT_Campus_BOQ_p149_l14,surface/recessed PVC conduit alongwith 2Nos. 4Sq.mm FRPVC insulated copper conductor single core,NIELIT_Campus_BOQ,149,text
NIELIT_Campus_BOQ_p149_l16,5 1.14 Wiring forcircuit/sub main wiring alongwith earth wire with thefollowing sizes ofPVC insulated copper,NIELIT_Campus_BOQ,149,text
NIELIT_Campus_BOQ_p149_l17,"conductor, single core cable in surface/recessed PVC conduit as required.",NIELIT_Campus_BOQ,149,text
NIELIT_Campus_BOQ_p149_l18,a) 1.14.1 2x1.5 Sqmm + 1x1.5 Sq.mm (For circuit wiring) Metre 2000 107.00 214000.00,NIELIT_Campus_BOQ,149,text
NIELIT_Campus_BOQ_p149_l24,telephone cable in the existing surface/ recessed steel/ PVC conduit as required.,NIELIT_Campus_BOQ,149,text
NIELIT_Campus_BOQ_p149_l26,7 1.21 Supplying andfixing offollowing sizes ofmedium class PVC conduit along withaccessories insurface/recess,NIELIT_Campus_BOQ,149,text
NIELIT_Campus_BOQ_p149_l27,including cutting the wall and making good the same in case of recessed conduit as required.,NIELIT_Campus_BOQ,149,text
NIELIT_Campus_BOQ_p149_l32,"NAME OF WORK : PROVIDING INTERNAL ELECTRICAL INSTALLATIONS IN GIRLS HOSTEL AT NEILET, AGARTALA",NIELIT_Campus_BOQ,149,text
NIELIT_Campus_BOQ_p150_l2,phenolic laminated sheet cover in front including painting etc. as required.,NIELIT_Campus_BOQ,150,text
NIELIT_Campus_BOQ_p150_l23,"14 1.35 Erection ofwall bracket /ceiling fittings ofallsizes and shapes containing upto twoGLS lamps perfitting,",NIELIT_Campus_BOQ,150,text
NIELIT_Campus_BOQ_p150_l25,"15 1.41 Installation, testing andcommissioning ofprewired fluorescent fitting/compact fluorescent fitting ofalltypes,",NIELIT_Campus_BOQ,150,text
NIELIT_Campus_BOQ_p150_l26,complete with allaccessories andtubes etc.directly onceiling/wall including connection 1.5Sqmm FRPVC,NIELIT_Campus_BOQ,150,text
NIELIT_Campus_BOQ_p150_l28,"16 1.42 Installation, testing and commissioning ofpre-wired, fluorescent fitting /compact fluorescent fitting ofall",NIELIT_Campus_BOQ,150,text
NIELIT_Campus_BOQ_p150_l30,"arrangement, 2no.down rods of20mmdiaX1.6mmthick steel conduit upto 30cmlength, painting and",NIELIT_Campus_BOQ,150,text
NIELIT_Campus_BOQ_p150_l31,"wiring thedown rods andconnection with1.5sq.mmFRPVC insulated, copper conductor, single core cable",NIELIT_Campus_BOQ,150,text
NIELIT_Campus_BOQ_p150_l33,"17 1.44 Installation, testing andcommissioning ofceiling fan,including wiring thedown rods ofstandard length (upto",NIELIT_Campus_BOQ,150,text
NIELIT_Campus_BOQ_p150_l35,18 1.49 Numbering of ceiling fan/exhaust fan/ fluorescent fittings as required. Each 146 19.50 2847.00,NIELIT_Campus_BOQ,150,text
NIELIT_Campus_BOQ_p151_l8,"22 2.3 Supplying andfixing following way, single pole andneutral, sheet steel, MCB distribution board, 240volts, on",NIELIT_Campus_BOQ,151,text
NIELIT_Campus_BOQ_p151_l10,powder painted including earthing etc. as required. (But without MCB/RCCB/Isolator)0.00,NIELIT_Campus_BOQ,151,text
NIELIT_Campus_BOQ_p151_l11,"a) 2.3.2 2 + 6 way, Single door Each 2 513.00 1026.00",NIELIT_Campus_BOQ,151,text
NIELIT_Campus_BOQ_p151_l12,"b) 2.3.4 2 + 12 way, Single door Each 4 696.00 2784.00",NIELIT_Campus_BOQ,151,text
NIELIT_Campus_BOQ_p151_l13,"23 2.4 Supplying and fixing following way, horizontal type three pole and neutral, sheet steel, MCB distribution",NIELIT_Campus_BOQ,151,text
NIELIT_Campus_BOQ_p151_l15,"interconnections, powder painted including earthing etc. as required. (But without MCB/RCCB/Isolator )0.00",NIELIT_Campus_BOQ,151,text
NIELIT_Campus_BOQ_p151_l16,"a) 2.4.4 4 way (4 + 12), Double door Each 4 1654.00 6616.00",NIELIT_Campus_BOQ,151,text
NIELIT_Campus_BOQ_p151_l17,"b) 2.4.5 6 way (4 + 18), Double door Each 4 2047.00 8188.00",NIELIT_Campus_BOQ,151,text
NIELIT_Campus_BOQ_p151_l19,"distribution board ofsheet steel, dust protected, duly powder painted, inclusive of200amps tinned copper",NIELIT_Campus_BOQ,151,text
NIELIT_Campus_BOQ_p151_l22,"a) 2.5.1 4 way (4 + 12), Single door Each 1 2691.00 2691.00",NIELIT_Campus_BOQ,151,text
NIELIT_Campus_BOQ_p151_l23,"b) 2.5.3 12 way (4 + 36), Single door Each 1 4761.00 4761.00",NIELIT_Campus_BOQ,151,text
NIELIT_Campus_BOQ_p151_l35,"circuit breaker (RCCB), having asensitivity current upto 300 mAintheexisting MCB DBcomplete with",NIELIT_Campus_BOQ,151,text
NIELIT_Campus_BOQ_p152_l4,"breaker (RCCB), having asensitivity current upto 300 milliamperes intheexisting MCB DBcomplete with",NIELIT_Campus_BOQ,152,text
NIELIT_Campus_BOQ_p152_l8,"30 5.2 Earthing with GIearth pipe 4.5mlong, 40mm diaincluding accessories, andproviding masonary enclosure",NIELIT_Campus_BOQ,152,text
NIELIT_Campus_BOQ_p152_l9,with cover plate having locking arrangement and watering pipe etc. with charcoal / coke and salt as required.Set 2 3385.00 6770.00,NIELIT_Campus_BOQ,152,text
NIELIT_Campus_BOQ_p152_l14,recessed conduit/ submain wiring/ cable as required.Metre 19 19.50 371.00,NIELIT_Campus_BOQ,152,text
NIELIT_Campus_BOQ_p152_l17,33 NS Supplying of light fittings complete with all standard accessories as required.,NIELIT_Campus_BOQ,152,text
NIELIT_Campus_BOQ_p152_l18,a)1x13 WCFL. Fitting Surface mounted asperDecon Product. No03XA with Lamp orsimilar specification of,NIELIT_Campus_BOQ,152,text
NIELIT_Campus_BOQ_p152_l20,b)2x11 WCFL. Wall Surface mounted asperBajaj Product. NoBSM 211 CFL W2EB with Lamp orsimilar,NIELIT_Campus_BOQ,152,text
NIELIT_Campus_BOQ_p152_l22,c) 1x18 WCFL. Bulk Head Fitting Surface mounted asperLUSTRE Product. No6217 with Lamp orsimilar,NIELIT_Campus_BOQ,152,text
NIELIT_Campus_BOQ_p152_l25,d) 1x11 WCFL. Wall Surface (Mirror Light) mounted asperLUSTRE Product. NoLI-3230 withLamp orsimilar,NIELIT_Campus_BOQ,152,text
NIELIT_Campus_BOQ_p152_l28,e) 1x25 WCFL. Single Wall Bracket mounted asper Decon Product. No05ZP with Lamp orsimilar,NIELIT_Campus_BOQ,152,text
NIELIT_Campus_BOQ_p152_l30,f) 2x25 WCFL. Double Wall Bracket mounted asperDecon Product. No29ZP with Lamp orsimilar,NIELIT_Campus_BOQ,152,text
NIELIT_Campus_BOQ_p152_l32,34 NS Supplying of Ding bell fittings complete with all standard accessories Each 4 82.76 331.00,NIELIT_Campus_BOQ,152,text
NIELIT_Campus_BOQ_p152_l33,35 NS Supplying of light fittings complete with all standard accessories of the following type as required .,NIELIT_Campus_BOQ,152,text
NIELIT_Campus_BOQ_p152_l34,a)1x28 WFl.Fitting asperBajaj Product. NoBLPR 128 with lamp orsimilar specification ofother approved,NIELIT_Campus_BOQ,152,text
NIELIT_Campus_BOQ_p153_l1,b)2x36 WFl.Fitting asperBajaj Product. NoBCIR 236 W2EB with lamp orsimilar specification ofother,NIELIT_Campus_BOQ,153,text
NIELIT_Campus_BOQ_p153_l3,c)1x36 WFl.Fitting asperBajaj Product. NoBCIR 136 WEB with lamp orsimilar specification ofother,NIELIT_Campus_BOQ,153,text
NIELIT_Campus_BOQ_p153_l9,37 NSSupplying ofapproved make Wall fanofthefollowing sizes anditsallaccessories suitable foroperation on,NIELIT_Campus_BOQ,153,text
NIELIT_Campus_BOQ_p154_l7,proper levels byfilling with earth orearth mixed with sludge or/and,NIELIT_Campus_BOQ,154,text
NIELIT_Campus_BOQ_p155_l6,"of 30cm,refilling the excavated earth after breaking clods and",NIELIT_Campus_BOQ,155,text
NIELIT_Campus_BOQ_p155_l10,"water, filling with earth if necessary, watering and finally fine",NIELIT_Campus_BOQ,155,text
NIELIT_Campus_BOQ_p155_l18,bolted together with 8mm dia. And 30mm long bolts including painting,NIELIT_Campus_BOQ,155,text
NIELIT_Campus_BOQ_p155_l19,twocoats with paint ofapproved brand andmanufacture over acoat of,NIELIT_Campus_BOQ,155,text
NIELIT_Campus_BOQ_p155_l21,"12 23.19 Edging with bricks laid drylength wise including excavation, refilling,",NIELIT_Campus_BOQ,155,text
NIELIT_Campus_BOQ_p155_l25,(i) 23.19.1.1 F P S Brick metre 300.00 23.55 7065.00,NIELIT_Campus_BOQ,155,text
NIELIT_Campus_BOQ_p155_l29,height upto 600mmi/callexcavation india1meter anddepth 1.5meter,NIELIT_Campus_BOQ,155,text
NIELIT_Campus_BOQ_p156_l4,2.0 INTERNAL & EXTERNAL PLUMBING WORKS 837425.70 213534.48,NIELIT_Campus_BOQ,156,text
NIELIT_Campus_BOQ_p156_l5,"3.0 INTERNAL ELECTRICAL WORK, 1582561.00 332933.28",NIELIT_Campus_BOQ,156,text
NIELIT_Campus_BOQ_p157_l4,3 CONCRETE WORK 517068.55 8979.31,NIELIT_Campus_BOQ,157,text
NIELIT_Campus_BOQ_p157_l5,4 RCC WORK 7685882.35,NIELIT_Campus_BOQ,157,text
NIELIT_Campus_BOQ_p157_l6,5 BRICK WORK 15825.00 1369799.03,NIELIT_Campus_BOQ,157,text
NIELIT_Campus_BOQ_p157_l9,8 STEEL WORK 523995.05,NIELIT_Campus_BOQ,157,text
NIELIT_Campus_BOQ_p157_l10,9 FLOORING WORK 1375039.00 222620.69,NIELIT_Campus_BOQ,157,text
NIELIT_Campus_BOQ_p157_l11,10 ROOFING WORK 187584.65,NIELIT_Campus_BOQ,157,text
NIELIT_Campus_BOQ_p157_l12,11 FINISHING WORK 1721579.75,NIELIT_Campus_BOQ,157,text
NIELIT_Campus_BOQ_p157_l14,13 WATER PROOFING WORK 572205.00,NIELIT_Campus_BOQ,157,text
NIELIT_Campus_BOQ_p158_l11,22.6 Earth work in excavation by mechanical means (Hydraulic,NIELIT_Campus_BOQ,158,text
NIELIT_Campus_BOQ_p158_l17,"32.25 Filling available excavated earth (excluding rock) intrenches, plinth, sides",NIELIT_Campus_BOQ,158,text
NIELIT_Campus_BOQ_p158_l18,"offoundations etc.inlayers notexceeding 20cm indepth, consolidating",NIELIT_Campus_BOQ,158,text
NIELIT_Campus_BOQ_p158_l21,42.27 Supplying and filling inplinth with local sand under floors including,NIELIT_Campus_BOQ,158,text
NIELIT_Campus_BOQ_p158_l29,a) 2.35.3 Treatment ofsoilunder existing floors using chemical emulsion @oneltr.,NIELIT_Campus_BOQ,158,text
NIELIT_Campus_BOQ_p158_l31,with cement mortar 1:2(1cement: 2coarse sand) tomatch theexisting,NIELIT_Campus_BOQ,158,text
NIELIT_Campus_BOQ_p159_l7,84.1 Providing and laying inposition cement concrete ofspecified grade,NIELIT_Campus_BOQ,159,text
NIELIT_Campus_BOQ_p159_l8,excluding the cost of centring and shuttering - All work upto plinth level:CONCRETE WORK:,NIELIT_Campus_BOQ,159,text
NIELIT_Campus_BOQ_p159_l9,a) 4.1.3 1:2:4 (1cement :2coarse sand :4graded stone aggregate 20mm,NIELIT_Campus_BOQ,159,text
NIELIT_Campus_BOQ_p159_l11,b) 4.1.6 1:3:6 (1cement :3coarse sand :6graded stone aggregate 40mm,NIELIT_Campus_BOQ,159,text
NIELIT_Campus_BOQ_p159_l13,c) 4.1.8 1:4:8 (1cement :4coarse sand :8graded stone aggregate 40mm,NIELIT_Campus_BOQ,159,text
NIELIT_Campus_BOQ_p159_l15,"94.2 Providing andlaying cement concrete inretaining walls, return walls, walls",NIELIT_Campus_BOQ,159,text
NIELIT_Campus_BOQ_p159_l16,"(any thickness) including attached pilasters, columns, piers, abutments,",NIELIT_Campus_BOQ,159,text
NIELIT_Campus_BOQ_p159_l18,"bed blocks, anchor blocks, plain window sills, fillets etc. upto floor five",NIELIT_Campus_BOQ,159,text
NIELIT_Campus_BOQ_p159_l19,"level, excluding the cost of centering, shuttering and finishing:",NIELIT_Campus_BOQ,159,text
NIELIT_Campus_BOQ_p159_l20,a) 4.2.5 1:3:6 (1cement :3coarse sand :6graded stone aggregate 20mm,NIELIT_Campus_BOQ,159,text
NIELIT_Campus_BOQ_p159_l23,10 4.11 Providing and laying damp-proof coarse 50mm thick cement concrete 1:2:4,NIELIT_Campus_BOQ,159,text
NIELIT_Campus_BOQ_p159_l24,(1cement :2coarse sand :4graded stone aggregate 12.5 mmnominal,NIELIT_Campus_BOQ,159,text
NIELIT_Campus_BOQ_p159_l26,11 4.12 Extra forproviding and mixing water proofing material 'Impermo' or,NIELIT_Campus_BOQ,159,text
NIELIT_Campus_BOQ_p159_l27,equivalent in cement concrete work @ 1 kg. Per 50 Kg. of cement.per 50 kg.,NIELIT_Campus_BOQ,159,text
NIELIT_Campus_BOQ_p159_l28,cement200.00 35.35 7070.00,NIELIT_Campus_BOQ,159,text
NIELIT_Campus_BOQ_p160_l2,13 4.17 Making Plinth protection 50mm thick ofcement concrete 1:3:6 (1cement :,NIELIT_Campus_BOQ,160,text
NIELIT_Campus_BOQ_p160_l3,3Coarse sand :6graded stone aggregate 20mm nominal size) over 75,NIELIT_Campus_BOQ,160,text
NIELIT_Campus_BOQ_p160_l4,mm bed ofdrybricks ballast 40mm nominal size well rammed and,NIELIT_Campus_BOQ,160,text
NIELIT_Campus_BOQ_p160_l5,consolidated and grouted with fine sand including finishing the top smooth.Sqm 62.00 338.75 21002.50,NIELIT_Campus_BOQ,160,text
NIELIT_Campus_BOQ_p160_l8,14 NS Providing andlaying inposition drybrick ballast 40mm nominal size and Cum 14.00 641.38 8979.31 14 NS Providing andlaying inposition drybrick ballast 40mm nominal size and,NIELIT_Campus_BOQ,160,text
NIELIT_Campus_BOQ_p160_l9,grouted with fine sand including finishing thetopsmooth upto floor five,NIELIT_Campus_BOQ,160,text
NIELIT_Campus_BOQ_p160_l13,"15 5.9 Centring and shuttering including strutting, propping etc.and removal of",NIELIT_Campus_BOQ,160,text
NIELIT_Campus_BOQ_p160_l15,"a) 5.9.1 Foundations, footings, bases of columns etc. for mass concrete. sqm 460.00 166.90 76774.00",NIELIT_Campus_BOQ,160,text
NIELIT_Campus_BOQ_p160_l16,"b) 5.9.2 Walls (any thickness) including attached pilasters, butteresses, plinth and",NIELIT_Campus_BOQ,160,text
NIELIT_Campus_BOQ_p160_l18,"c) 5.9.3 Suspended floors, roofs, landings, balconies and access platform. sqm 1182.00 311.20 367838.40",NIELIT_Campus_BOQ,160,text
NIELIT_Campus_BOQ_p160_l20,"e) 5.9.5 Lintels, beams, plinth beams, girders, bressumers and cantilevers. sqm 1272.00 262.25 333582.00RCC WORK:",NIELIT_Campus_BOQ,160,text
NIELIT_Campus_BOQ_p160_l21,"f)5.9.6 Columns, Pillars, Piers, Abutments, posts and Struts sqm 500.00 365.60 182800.00",NIELIT_Campus_BOQ,160,text
NIELIT_Campus_BOQ_p160_l26,"window sills, string courses, bands, copings, bedplates, anchor blocks and",NIELIT_Campus_BOQ,160,text
NIELIT_Campus_BOQ_p160_l28,j)5.9.16 Edges of slabs and breaks in floors and walls,NIELIT_Campus_BOQ,160,text
NIELIT_Campus_BOQ_p161_l2,"l)5.9.18 Small surfaces such ascantilever ends, brackets andends ofsteps, caps",NIELIT_Campus_BOQ,161,text
NIELIT_Campus_BOQ_p161_l3,and bases to pilasters and columns and the likesqm 100.00 398.35 39835.00,NIELIT_Campus_BOQ,161,text
NIELIT_Campus_BOQ_p161_l5,"16 5.11 Extra foradditional height incentering, shuttering where ever required with",NIELIT_Campus_BOQ,161,text
NIELIT_Campus_BOQ_p161_l6,"adequate bracing, propping etc. including cost ofdeshuttering and de-",NIELIT_Campus_BOQ,161,text
NIELIT_Campus_BOQ_p161_l7,"centering atalllevels, over aheight of3.5m,forevery addfitional height of",NIELIT_Campus_BOQ,161,text
NIELIT_Campus_BOQ_p161_l9,"a) 5.11.1 Suspended floors, roofs ,landings,beams &balconies (Plan area tobe",NIELIT_Campus_BOQ,161,text
NIELIT_Campus_BOQ_p161_l11,17 5.18 Providing precast cement concrete Jali1:2:4 (1cement: 2coarse sand: 4 17 5.18 Providing precast cement concrete Jali1:2:4 (1cement: 2coarse sand: 4,NIELIT_Campus_BOQ,161,text
NIELIT_Campus_BOQ_p161_l12,stone aggregate 6mm nominal size) reinforced with 1.6mm diamild steel,NIELIT_Campus_BOQ,161,text
NIELIT_Campus_BOQ_p161_l13,"wire including centring &shuttering roughening cleaning, fixing and",NIELIT_Campus_BOQ,161,text
NIELIT_Campus_BOQ_p161_l14,finishing incement mortar 1:3(1cement: 3fine sand) etc. complete,NIELIT_Campus_BOQ,161,text
NIELIT_Campus_BOQ_p161_l15,"excluding plastering of the jambs, sills and soffits.",NIELIT_Campus_BOQ,161,text
NIELIT_Campus_BOQ_p161_l17,"18 5.22 Reinforcement forR.C.C. work including straightening, cutting, bending,",NIELIT_Campus_BOQ,161,text
NIELIT_Campus_BOQ_p161_l20,"19 5.22 A Reinforcement forR.C.C. work including straightening, cutting, bending,",NIELIT_Campus_BOQ,161,text
NIELIT_Campus_BOQ_p161_l24,machine vibrated design mix cement concrete ofspecified grade for machine vibrated design mix cement concrete ofspecified grade for,NIELIT_Campus_BOQ,161,text
NIELIT_Campus_BOQ_p161_l25,reinforced cement concrete work including pumping ofconcrete tositeof,NIELIT_Campus_BOQ,161,text
NIELIT_Campus_BOQ_p161_l26,"laying but excluding the cost ofcentring, shuttering, finishing and",NIELIT_Campus_BOQ,161,text
NIELIT_Campus_BOQ_p161_l27,reinforcement-including admixture inrecommended proportions asper,NIELIT_Campus_BOQ,161,text
NIELIT_Campus_BOQ_p161_l31,Note-cement content considered inthisitem is@330kg/cum. Excess/less,NIELIT_Campus_BOQ,161,text
NIELIT_Campus_BOQ_p161_l32,cement used as per design mix is payable /recoverable separately ).,NIELIT_Campus_BOQ,161,text
NIELIT_Campus_BOQ_p161_l34,b) 5.33.2 All works above plinth level upto floor five level Cum 290.00 5781.50 1676635.00,NIELIT_Campus_BOQ,161,text
NIELIT_Campus_BOQ_p162_l3,every third course of half brick masonry (with FPS bricks)Sqm 250.00 63.30 15825.00,NIELIT_Campus_BOQ,162,text
NIELIT_Campus_BOQ_p162_l6,22 NS Brick work with FPS bricks ofclass designation 100infoundation &plinth,NIELIT_Campus_BOQ,162,text
NIELIT_Campus_BOQ_p162_l8,a) Cement mortar 1:6 (1 cement: 6 coarse sand) Cum 40.00 3964.2 158568.00,NIELIT_Campus_BOQ,162,text
NIELIT_Campus_BOQ_p162_l9,23 NS Brick work with F.P.S. bricks ofclass designation 100 insuperstructure,NIELIT_Campus_BOQ,162,text
NIELIT_Campus_BOQ_p162_l10,above plinth level up to floor V level in all shapes and sizes in:,NIELIT_Campus_BOQ,162,text
NIELIT_Campus_BOQ_p162_l11,a) Cement mortar 1:6 (1 cement: 6 coarse sand) Cum 260.00 4160.34483 1081689.66,NIELIT_Campus_BOQ,162,text
NIELIT_Campus_BOQ_p162_l12,24 N.S 125mm brick masonry with FPS bricks ofclass designation 100 in,NIELIT_Campus_BOQ,162,text
NIELIT_Campus_BOQ_p162_l13,supersructure above plinth in level upto floor V level,NIELIT_Campus_BOQ,162,text
NIELIT_Campus_BOQ_p162_l14,a) Cement mortar 1:4 (1 cement: 4 coarse sand) Sqm 250.00 518.17 129541.38,NIELIT_Campus_BOQ,162,text
NIELIT_Campus_BOQ_p162_l19,"counters, window sills, facias and similar locations ofrequired size ofMARBLE WORK:TOTAL CARRIED OVER TO SUMMARY",NIELIT_Campus_BOQ,162,text
NIELIT_Campus_BOQ_p162_l20,"counters, window sills, facias and similar locations ofrequired size of",NIELIT_Campus_BOQ,162,text
NIELIT_Campus_BOQ_p162_l21,"approved shade, colour and texture laidover 20mm thick base cement",NIELIT_Campus_BOQ,162,text
NIELIT_Campus_BOQ_p162_l22,"mortar 1:4(1cement: 4coarse sand) withjoints treated withwhite cement,",NIELIT_Campus_BOQ,162,text
NIELIT_Campus_BOQ_p162_l27,i)8.2.1.2 Area of slab over 0.50 Sqm Sqm 15.00 1980.80 29712.00,NIELIT_Campus_BOQ,162,text
NIELIT_Campus_BOQ_p163_l2,i)8.2.2.2 Area of slab over 0.50 Sqm Sqm 10.00 3083.40 30834.00,NIELIT_Campus_BOQ,163,text
NIELIT_Campus_BOQ_p163_l18,30 9.20 Providing andfixing ISImarked flush door shutters conforming toIS:2202,NIELIT_Campus_BOQ,163,text
NIELIT_Campus_BOQ_p163_l22,a) 9.20.1 35mm thick including ISImarked stainless steel butt hinges with,NIELIT_Campus_BOQ,163,text
NIELIT_Campus_BOQ_p163_l28,"fordoors, windows and clerestory windows including ISImarked bright",NIELIT_Campus_BOQ,163,text
NIELIT_Campus_BOQ_p163_l29,finished or/and black enamelled MS butt hinges with necessary screws.,NIELIT_Campus_BOQ,163,text
NIELIT_Campus_BOQ_p164_l2,i) 9.27.1.2 With ISI marked stainless steel butt hinges of required size,NIELIT_Campus_BOQ,164,text
NIELIT_Campus_BOQ_p164_l4,32 9.48 Providing andfixing MSgrills ofrequired pattern inframes ofwindows etc.,NIELIT_Campus_BOQ,164,text
NIELIT_Campus_BOQ_p164_l7,33 9.96 Providing and fixing aluminium sliding door bolts ISImarked anodised,NIELIT_Campus_BOQ,164,text
NIELIT_Campus_BOQ_p164_l19,universal hydraulic door closer withnecessary accessories andscrews etc.Each 20.00 610.60 12212.00,NIELIT_Campus_BOQ,164,text
NIELIT_Campus_BOQ_p164_l26,37 9.101 Providing and fixing aluminium hanging floor door stopper ISImarked,NIELIT_Campus_BOQ,164,text
NIELIT_Campus_BOQ_p165_l9,39 10.5 Providing andfixing 1mm thick MSsheet door with frame of40x40x6mm,NIELIT_Campus_BOQ,165,text
NIELIT_Campus_BOQ_p165_l10,"angle iron and 3mm MSgusset plates atthejunctions and corners, allSTEEL WORK",NIELIT_Campus_BOQ,165,text
NIELIT_Campus_BOQ_p165_l12,"necessary fittings complete, including applying a primer coat of approved a) 10.5.1 Using MS angle 40x40x6mm for diagonal braces. Sqm 2.10 2551.45 5358.05",NIELIT_Campus_BOQ,165,text
NIELIT_Campus_BOQ_p165_l13,"40 10.11 Providing &fixing factory made ISImarked steel glazed doors, windows",NIELIT_Campus_BOQ,165,text
NIELIT_Campus_BOQ_p165_l15,"asK11B andK12B etc.complete ofstandard rolled steel sections, joints",NIELIT_Campus_BOQ,165,text
NIELIT_Campus_BOQ_p165_l17,"15x3mm lugs, 10cm long, embedded incement concrete blocks",NIELIT_Campus_BOQ,165,text
NIELIT_Campus_BOQ_p165_l18,15x10x10cm of1:3:6 (1cement: 3coarse sand: 6graded stone aggregate,NIELIT_Campus_BOQ,165,text
NIELIT_Campus_BOQ_p165_l23,"approved steel primer, excluding thecost ofmetal beading and other",NIELIT_Campus_BOQ,165,text
NIELIT_Campus_BOQ_p165_l24,fittings except necessary hinges orpivots complete asperapproved,NIELIT_Campus_BOQ,165,text
NIELIT_Campus_BOQ_p165_l26,"41 10.13 Providing &fixing T-iron frames fordoors, windows &ventilators ofmild",NIELIT_Campus_BOQ,165,text
NIELIT_Campus_BOQ_p165_l27,"steel T-sections, joints mitred andwelded with 15x3 mmlugs, 10cmlong,Kg. 50.00 73.30 3665.00",NIELIT_Campus_BOQ,165,text
NIELIT_Campus_BOQ_p165_l28,"steel T-sections, joints mitred andwelded with 15x3 mmlugs, 10cmlong,",NIELIT_Campus_BOQ,165,text
NIELIT_Campus_BOQ_p165_l29,embedded incement concrete blocks 15x10x10 cmof1:3:6 (1cement: 3,NIELIT_Campus_BOQ,165,text
NIELIT_Campus_BOQ_p165_l30,coarse sand: 6graded stone aggr. 20mm nominal size) orwith wooden,NIELIT_Campus_BOQ,165,text
NIELIT_Campus_BOQ_p165_l33,butt hinges & screws and applying a priming coat of approved steel primer.,NIELIT_Campus_BOQ,165,text
NIELIT_Campus_BOQ_p166_l2,42 10.14 Providing and fixing pressed steel door frames conforming toIS:4351,NIELIT_Campus_BOQ,166,text
NIELIT_Campus_BOQ_p166_l3,manufactured from commercial mild steel sheet of1.25 mm thickness,NIELIT_Campus_BOQ,166,text
NIELIT_Campus_BOQ_p166_l5,"mild steel angle ofsection 50x25mm, orbase tiesof1.25 mmpressed",NIELIT_Campus_BOQ,166,text
NIELIT_Campus_BOQ_p166_l6,"mild steel welded orrigidly fixed together bymechanical means, adjustable",NIELIT_Campus_BOQ,166,text
NIELIT_Campus_BOQ_p166_l7,lugs withsplitendtailtoeach jamb including steel butthinges 2.5mmthick,NIELIT_Campus_BOQ,166,text
NIELIT_Campus_BOQ_p166_l9,applying acoat ofapproved steel primer after pre-treatment ofthesurface,NIELIT_Campus_BOQ,166,text
NIELIT_Campus_BOQ_p166_l15,43 10.25 Steel work welded inbuilt upsections/framed work including cutting,NIELIT_Campus_BOQ,166,text
NIELIT_Campus_BOQ_p166_l16,"hoisting, fixing inposition and applying apriming coat ofapproved steel",NIELIT_Campus_BOQ,166,text
NIELIT_Campus_BOQ_p166_l17,primer using structural steel etc. as required,NIELIT_Campus_BOQ,166,text
NIELIT_Campus_BOQ_p166_l20,44 10.18 Providing andfixing circular/hexagonal cast ironorMSsheet boxforceiling,NIELIT_Campus_BOQ,166,text
NIELIT_Campus_BOQ_p166_l22,"sheet with itstopsurface hacked forproper bonding, toplidshall be",NIELIT_Campus_BOQ,166,text
NIELIT_Campus_BOQ_p166_l26,a) 10.26 Providing and fixing hand railofapproved size bywelding etc. tosteel a) 10.26 Providing and fixing hand railofapproved size bywelding etc. tosteel,NIELIT_Campus_BOQ,166,text
NIELIT_Campus_BOQ_p166_l28,priming coat of approved steel primer.,NIELIT_Campus_BOQ,166,text
NIELIT_Campus_BOQ_p167_l2,45 10.28 Providing and fixing stainless steel (grade 304 )railing made ofHollow,NIELIT_Campus_BOQ,167,text
NIELIT_Campus_BOQ_p167_l4,and making curvature (wherever required )and fitting thesame with,NIELIT_Campus_BOQ,167,text
NIELIT_Campus_BOQ_p167_l5,"necessary stainless steel nuts andbolts complete ,I/cfixing therailing with",NIELIT_Campus_BOQ,167,text
NIELIT_Campus_BOQ_p167_l6,"necessary accessories &stainless steel dash fasteners ,stainless steels",NIELIT_Campus_BOQ,167,text
NIELIT_Campus_BOQ_p167_l7,"bolts etc,ofrequired size ,onthetopofthefloor ortheside ofwaist slab",NIELIT_Campus_BOQ,167,text
NIELIT_Campus_BOQ_p167_l9,payment purpose only weight ofstainless steel members shall be,NIELIT_Campus_BOQ,167,text
NIELIT_Campus_BOQ_p167_l14,46 11.4 52mm thick cement concrete flooring with concrete hardener topping,NIELIT_Campus_BOQ,167,text
NIELIT_Campus_BOQ_p167_l15,under layer 40mm thick cement concrete 1:2:4 (1cement :2coarse,NIELIT_Campus_BOQ,167,text
NIELIT_Campus_BOQ_p167_l16,sand: 4graded stone aggregate 20nominal size) and toplayer 12mm,NIELIT_Campus_BOQ,167,text
NIELIT_Campus_BOQ_p167_l17,thick cement hardener consisting ofmix1:2(1cement hardener mix: 2,NIELIT_Campus_BOQ,167,text
NIELIT_Campus_BOQ_p167_l18,stone aggregate 6mm nominal size) byvolume hardening compound is,NIELIT_Campus_BOQ,167,text
NIELIT_Campus_BOQ_p167_l19,mixed @2Ltrsper50kg.ofcement oraspermanufacturer specifications.,NIELIT_Campus_BOQ,167,text
NIELIT_Campus_BOQ_p167_l20,"This includes cost ofcement slurry, butexcluding thecost ofnosing of",NIELIT_Campus_BOQ,167,text
NIELIT_Campus_BOQ_p167_l22,47 11.6 Cement plaster skirting (upto 30cmheight) with cement mortar 1:3(1,NIELIT_Campus_BOQ,167,text
NIELIT_Campus_BOQ_p167_l23,cement: 3 coarse sand) finished with a floating coat of neat cement.,NIELIT_Campus_BOQ,167,text
NIELIT_Campus_BOQ_p167_l24,a) 11.6.1 18 mm thick Sqm. 50.00 258.20 12910.00FLOORING WORK,NIELIT_Campus_BOQ,167,text
NIELIT_Campus_BOQ_p167_l26,48 11.13 Providing & fixing glass strips in joints of terrazo/cement concrete floors.,NIELIT_Campus_BOQ,167,text
NIELIT_Campus_BOQ_p167_l28,49 11.16 Precast terrazo tiles 22mmthick with graded marble chips ofsize upto 12,NIELIT_Campus_BOQ,167,text
NIELIT_Campus_BOQ_p167_l29,"mmlaidinfloors, andlandings, jointed with neat cement slurry mixed with",NIELIT_Campus_BOQ,167,text
NIELIT_Campus_BOQ_p167_l30,pigment tomatch theshade ofthetiles including rubbing and polishing,NIELIT_Campus_BOQ,167,text
NIELIT_Campus_BOQ_p167_l31,complete with precast tiles on20mm thick bed ofcement mortar 1:4(1,NIELIT_Campus_BOQ,167,text
NIELIT_Campus_BOQ_p167_l32,cewment: 4 coarse sand),NIELIT_Campus_BOQ,167,text
NIELIT_Campus_BOQ_p167_l33,a) 11.16.1 Light shade using white cement Sqm 100.00 769.35 76935.00,NIELIT_Campus_BOQ,167,text
NIELIT_Campus_BOQ_p168_l2,50 11.23 Marble stone flooring with 18mm thick marble stone (sample ofmarble,NIELIT_Campus_BOQ,168,text
NIELIT_Campus_BOQ_p168_l4,of1:4(1cement: 4coarse sand) laidandjointed with grey cement slurry,NIELIT_Campus_BOQ,168,text
NIELIT_Campus_BOQ_p168_l8,51 11.25 Extra formarble stone flooring intreads ofsteps and risers using single,NIELIT_Campus_BOQ,168,text
NIELIT_Campus_BOQ_p168_l10,52 11.26 Kota stone slab flooring over 20mm (average) thick base laidover and 52 11.26 Kota stone slab flooring over 20mm (average) thick base laidover and,NIELIT_Campus_BOQ,168,text
NIELIT_Campus_BOQ_p168_l11,jointed with grey cement slurry mixed with pigment tomatch theshade of,NIELIT_Campus_BOQ,168,text
NIELIT_Campus_BOQ_p168_l12,theslab including rubbing and polishing complete with base ofcement,NIELIT_Campus_BOQ,168,text
NIELIT_Campus_BOQ_p168_l13,mortar 1:4 (1 cement: 4 coarse sand),NIELIT_Campus_BOQ,168,text
NIELIT_Campus_BOQ_p168_l15,"53 11.27 Kota stone slab 25mm thick inrisers ofsteps, skirting dado and pillars",NIELIT_Campus_BOQ,168,text
NIELIT_Campus_BOQ_p168_l16,laidon12mm(average) thick cement mortar 1:3(1cement :3coarse,NIELIT_Campus_BOQ,168,text
NIELIT_Campus_BOQ_p168_l17,sand) &jointed with grey cement slurry mixed with pigment tomatch the,NIELIT_Campus_BOQ,168,text
NIELIT_Campus_BOQ_p168_l18,shade of the slabs including rubbing and polishing complete.Sqm 105.00 954.10 100180.50,NIELIT_Campus_BOQ,168,text
NIELIT_Campus_BOQ_p168_l19,54 11.36 Providing &fixing Istquality ceramic glazed wall tiles conforming to,NIELIT_Campus_BOQ,168,text
NIELIT_Campus_BOQ_p168_l23,over 12mmthick bedofcement mortar 1:3(1cement :3coarse sand) andSqm 170.00 724.25 123122.50,NIELIT_Campus_BOQ,168,text
NIELIT_Campus_BOQ_p168_l24,over 12mmthick bedofcement mortar 1:3(1cement :3coarse sand) and,NIELIT_Campus_BOQ,168,text
NIELIT_Campus_BOQ_p168_l25,jointing with grey cement slurry @3.3 Kgpersqm including pointing in,NIELIT_Campus_BOQ,168,text
NIELIT_Campus_BOQ_p168_l26,white cement mixed with pigment of matching shade complete.,NIELIT_Campus_BOQ,168,text
NIELIT_Campus_BOQ_p168_l27,55 11.39 Providing &laying rectified glazed ceramics floor tiles300x300mm ormore,NIELIT_Campus_BOQ,168,text
NIELIT_Campus_BOQ_p168_l30,"Brown, laidon20mmthick cement mortar 1:4(1cement :4coarse sand)",NIELIT_Campus_BOQ,168,text
NIELIT_Campus_BOQ_p168_l31,including grouting thejoints with white cement andmatching pigments etc.,NIELIT_Campus_BOQ,168,text
NIELIT_Campus_BOQ_p169_l2,56 11.41 Providing &laying vitrified floor tiles indifferent sizes (thickness tobe,NIELIT_Campus_BOQ,169,text
NIELIT_Campus_BOQ_p169_l5,on20mm thick cement mortar 1:4(1cement: 4coarse sand) including,NIELIT_Campus_BOQ,169,text
NIELIT_Campus_BOQ_p169_l6,grouting the joints with white cement and matching pigments etc. complete.,NIELIT_Campus_BOQ,169,text
NIELIT_Campus_BOQ_p169_l7,a) 11.41.2 Size of tile 60x60cm Sqm 50.00 1337.10 66855.00,NIELIT_Campus_BOQ,169,text
NIELIT_Campus_BOQ_p169_l10,57 NS Providing and laying pioneer tiles including allaccessories ofapproved,NIELIT_Campus_BOQ,169,text
NIELIT_Campus_BOQ_p169_l15,58 12.21 Providing gola 75x75mm incement concrete 1:2:4 (1cement: 2coarse,NIELIT_Campus_BOQ,169,text
NIELIT_Campus_BOQ_p169_l16,sand: 4stone aggregate 10mm anddown gauge) including finishing with,NIELIT_Campus_BOQ,169,text
NIELIT_Campus_BOQ_p169_l17,cement mortar 1:3 (1 cement: 3 fine sand) as per standard design:,NIELIT_Campus_BOQ,169,text
NIELIT_Campus_BOQ_p169_l19,59 12.22 Making khuras 45x45cm with average minmum thickness of5cm cement,NIELIT_Campus_BOQ,169,text
NIELIT_Campus_BOQ_p169_l20,concrete 1:2:4 (1cement :2coarse sand: 4graded stone aggregate of20,NIELIT_Campus_BOQ,169,text
NIELIT_Campus_BOQ_p169_l21,"mm nominal size) over PVC sheet 1mx1mx400micron, finished with",NIELIT_Campus_BOQ,169,text
NIELIT_Campus_BOQ_p169_l22,12mm cement plaster 1:3(1cement: 3coarse sand) and acoat ofneatEach 15.00 148.75 2231.25ROOFING WORK,NIELIT_Campus_BOQ,169,text
NIELIT_Campus_BOQ_p169_l23,12mm cement plaster 1:3(1cement: 3coarse sand) and acoat ofneat,NIELIT_Campus_BOQ,169,text
NIELIT_Campus_BOQ_p169_l24,cement rounding ofthe edges and making and finishing the outlet,NIELIT_Campus_BOQ,169,text
NIELIT_Campus_BOQ_p169_l27,S.C.I. rainwater pipes embedded inandincluding cement concrete blocks,NIELIT_Campus_BOQ,169,text
NIELIT_Campus_BOQ_p169_l28,10x10x10cmof1:2:4 mix(1cement:2 coarse sand :4graded stone,NIELIT_Campus_BOQ,169,text
NIELIT_Campus_BOQ_p169_l29,aggregate 20mmnominal size) andcost ofcutting holes andmaking good,NIELIT_Campus_BOQ,169,text
NIELIT_Campus_BOQ_p169_l30,the walls etc.,NIELIT_Campus_BOQ,169,text
NIELIT_Campus_BOQ_p169_l31,a) 12.38.2 For 150 mm dia pipe Each 36.00 121.80 4384.80,NIELIT_Campus_BOQ,169,text
NIELIT_Campus_BOQ_p169_l32,61 12.39 Providing lead caulked joints to sand cast iron rain water pipes and fittings:,NIELIT_Campus_BOQ,169,text
NIELIT_Campus_BOQ_p170_l2,a) 12.39.2 For 150 mm dia pipe Each 36.00 287.10 10335.60,NIELIT_Campus_BOQ,170,text
NIELIT_Campus_BOQ_p170_l3,62 12.40 Providing andfixing onwallface unplasticised-Rigid PVC rainwater pipes,NIELIT_Campus_BOQ,170,text
NIELIT_Campus_BOQ_p170_l8,63 12.42 Providing and fixing on wall face unplasticised- PVC moulded,NIELIT_Campus_BOQ,170,text
NIELIT_Campus_BOQ_p170_l9,fittings/accessories for unplasticised-Rigid PVC rain water pipes fittings/accessories for unplasticised-Rigid PVC rain water pipes,NIELIT_Campus_BOQ,170,text
NIELIT_Campus_BOQ_p170_l18,64 12.43 Providing and fixing unplasticised- PVC pipe clips ofapproved design to,NIELIT_Campus_BOQ,170,text
NIELIT_Campus_BOQ_p170_l19,unplasticised-PVC rainwater pipes bymeans of50x50x50mm hard wood,NIELIT_Campus_BOQ,170,text
NIELIT_Campus_BOQ_p170_l20,"plugs, screwed with MSscrews ofrequired length including cutting brick",NIELIT_Campus_BOQ,170,text
NIELIT_Campus_BOQ_p170_l21,work andfixing incement mortar 1:4(1cement:4 coarse sand) andmaking,NIELIT_Campus_BOQ,170,text
NIELIT_Campus_BOQ_p170_l22,good the walls etc. complete.good the walls etc. complete.,NIELIT_Campus_BOQ,170,text
NIELIT_Campus_BOQ_p170_l24,65 12.44 Providing &fixing totheinlet mouth ofrain water pipe cast iron grating,NIELIT_Campus_BOQ,170,text
NIELIT_Campus_BOQ_p171_l3,offrame work made ofspecial sections power pressed from MSsheet and,NIELIT_Campus_BOQ,171,text
NIELIT_Campus_BOQ_p171_l18,perimeter ofceiling fixed towall/partition withthehelp ofrawl plugs at450,NIELIT_Campus_BOQ,171,text
NIELIT_Campus_BOQ_p171_l23,"fittings, grills diffusers, cutouts made with frame ofperimeter channels",NIELIT_Campus_BOQ,171,text
NIELIT_Campus_BOQ_p171_l25,the Engineer-in-Charge but excluding the cost of painting with:,NIELIT_Campus_BOQ,171,text
NIELIT_Campus_BOQ_p171_l29,67 13.4 12mm cement plaster of mix :,NIELIT_Campus_BOQ,171,text
NIELIT_Campus_BOQ_p171_l30,a) 13.4.2 1:6 (1 cement : 6 coarse sand ) Sqm 3000.00 112.50 337500.00,NIELIT_Campus_BOQ,171,text
NIELIT_Campus_BOQ_p171_l31,68 13.7 12mm cement plaster finished with a floating coat of neat cement of mix :,NIELIT_Campus_BOQ,171,text
NIELIT_Campus_BOQ_p171_l32,a) 13.7.1 1:4 (1 cement : 4 fine sand ) Sqm 60.00 107.80 6468.00FINISHING:,NIELIT_Campus_BOQ,171,text
NIELIT_Campus_BOQ_p172_l2,69 13.12 18mm cement plaster intwo coats under layer 12mm thick cement,NIELIT_Campus_BOQ,172,text
NIELIT_Campus_BOQ_p172_l3,plaster 1:5(1cement :5coarse sand) andatoplayer 6mm thick cement,NIELIT_Campus_BOQ,172,text
NIELIT_Campus_BOQ_p172_l4,plaster 1:3 (1 cement: 3 coarse sand) finished rough with sponge.Sqm 400.00 123.50 49400.00,NIELIT_Campus_BOQ,172,text
NIELIT_Campus_BOQ_p172_l5,70 13.5 15mm cement plaster on rough side of single or half brick wall of mix:,NIELIT_Campus_BOQ,172,text
NIELIT_Campus_BOQ_p172_l6,a) 13.5.2 1:6 (1 cement : 6 Coarse sand ) Sqm 3000.00 130.20 390600.00,NIELIT_Campus_BOQ,172,text
NIELIT_Campus_BOQ_p172_l7,71 13.16 6 mm cement plaster to ceiling of mix :,NIELIT_Campus_BOQ,172,text
NIELIT_Campus_BOQ_p172_l8,a) 13.16.1 1:3 (1 cement : 3 fine sand ) Sqm. 1050.00 101.00 106050.00,NIELIT_Campus_BOQ,172,text
NIELIT_Campus_BOQ_p172_l9,72 13.23 Extra for plastering on circular work not exceeding 6m in radius:,NIELIT_Campus_BOQ,172,text
NIELIT_Campus_BOQ_p172_l11,73 13.26 Providing and applying plaster ofparis putty of2mm thickness over,NIELIT_Campus_BOQ,172,text
NIELIT_Campus_BOQ_p172_l12,plastered surface to prepare the surface even and smooth complete.Sqm. 4050.00 83.80 339390.00,NIELIT_Campus_BOQ,172,text
NIELIT_Campus_BOQ_p172_l15,75 13.41 Distempering with oilbound washable distemper ofapproved brand and,NIELIT_Campus_BOQ,172,text
NIELIT_Campus_BOQ_p172_l17,a) 13.41.1 New work (two ormore coats) over andincluding priming coat withcement,NIELIT_Campus_BOQ,172,text
NIELIT_Campus_BOQ_p172_l19,"76 13.47 Finishing walls with Premium Acrylic Smooth exterior paint with ""Silicone",NIELIT_Campus_BOQ,172,text
NIELIT_Campus_BOQ_p172_l22,base coat of water proofing cement paint applied @2.20kg/10sqm)Sqm 2305.00 80.45 185437.25,NIELIT_Campus_BOQ,172,text
NIELIT_Campus_BOQ_p172_l23,77 13.60 Wall painting with plastic emulsion paint ofapproved brand and,NIELIT_Campus_BOQ,172,text
NIELIT_Campus_BOQ_p172_l26,78 13.45 Finishing walls with textured exterior paint of required shade,NIELIT_Campus_BOQ,172,text
NIELIT_Campus_BOQ_p172_l28,including base coat ofwater proofing cement paint applied @2.20 Kg./ 10,NIELIT_Campus_BOQ,172,text
NIELIT_Campus_BOQ_p173_l5,80 13.58 Providing and applying twocoats ofFire retardent paint unthunned on,NIELIT_Campus_BOQ,173,text
NIELIT_Campus_BOQ_p173_l9,a) 13.61 Painting withsynthetic enamel paint ofapproved brand andmanufacture to,NIELIT_Campus_BOQ,173,text
NIELIT_Campus_BOQ_p173_l12,81 13.76 Forming groove ofuniform size from 12x12mm and25x15mm inplastered,NIELIT_Campus_BOQ,173,text
NIELIT_Campus_BOQ_p173_l15,andfinishing thegroove complete asperspecifications anddirection ofthe,NIELIT_Campus_BOQ,173,text
NIELIT_Campus_BOQ_p173_l19,"82 21.1 Providing &fixing aluminium work fordoors, windows, ventilators &",NIELIT_Campus_BOQ,173,text
NIELIT_Campus_BOQ_p173_l23,"expansion hold fastners including necessary filling upofgaps atjunctions,ALUMINIUM WORK:",NIELIT_Campus_BOQ,173,text
NIELIT_Campus_BOQ_p173_l24,"expansion hold fastners including necessary filling upofgaps atjunctions,",NIELIT_Campus_BOQ,173,text
NIELIT_Campus_BOQ_p173_l28,"glazing/panelling C.P. brass/ Stainless Steel screws, allcomplete asper",NIELIT_Campus_BOQ,173,text
NIELIT_Campus_BOQ_p174_l2,"b) 21.1.2 Forshutters ofdoors, windows &ventilators including providing andfixing",NIELIT_Campus_BOQ,174,text
NIELIT_Campus_BOQ_p174_l3,hinges/ pivots andmaking provision forfixing offittings wherever required,NIELIT_Campus_BOQ,174,text
NIELIT_Campus_BOQ_p174_l4,including thecost ofPVC/ neoprene gasket required. (Fittings shall bepaid,NIELIT_Campus_BOQ,174,text
NIELIT_Campus_BOQ_p174_l8,83 21.4 Providing &fixing double action hydraulic floor spring ofapproved brand,NIELIT_Campus_BOQ,174,text
NIELIT_Campus_BOQ_p174_l9,"andmanufacture IS:6315 marked, fordoors including cost ofcutting floors",NIELIT_Campus_BOQ,174,text
NIELIT_Campus_BOQ_p174_l10,"asrequired, embedding infloors and cover plates with brass pivot and",NIELIT_Campus_BOQ,174,text
NIELIT_Campus_BOQ_p174_l11,single piece MSsheet outer boxwith slide plate etc.complete asperthe,NIELIT_Campus_BOQ,174,text
NIELIT_Campus_BOQ_p174_l12,single piece MSsheet outer boxwith slide plate etc.complete asperthe,NIELIT_Campus_BOQ,174,text
NIELIT_Campus_BOQ_p174_l14,a) 21.4.1 With stainless steel cover plate Each 1.00 1953.10 1953.10,NIELIT_Campus_BOQ,174,text
NIELIT_Campus_BOQ_p174_l16,aluminium doors including necessary cutting and making good etc.,NIELIT_Campus_BOQ,174,text
NIELIT_Campus_BOQ_p174_l18,85 21.15 Providing &fixing aluminium casement window fastener ofrequired length,NIELIT_Campus_BOQ,174,text
NIELIT_Campus_BOQ_p174_l19,for aluminium windows with necessary screws etc. complete.,NIELIT_Campus_BOQ,174,text
NIELIT_Campus_BOQ_p174_l24,"87 21.3 Providing and fixing glazing inaluminium doors, windows, ventilator",NIELIT_Campus_BOQ,174,text
NIELIT_Campus_BOQ_p174_l31,"88 NS Providing and fixing glazing inaluminium doors, windows, ventilator",NIELIT_Campus_BOQ,174,text
NIELIT_Campus_BOQ_p175_l2,"89 22.5 Providing and laying water proofing treatment insunken portion ofWCs,",NIELIT_Campus_BOQ,175,text
NIELIT_Campus_BOQ_p175_l3,bathrooms etc. byapplying cement slurry mixed with water proofing,NIELIT_Campus_BOQ,175,text
NIELIT_Campus_BOQ_p175_l4,cement comopund consisting ofapplying: a)First layer ofslurry ofcement,NIELIT_Campus_BOQ,175,text
NIELIT_Campus_BOQ_p175_l5,@0.488 kg./Sqm mixed with water proofing cement comound @0.253,NIELIT_Campus_BOQ,175,text
NIELIT_Campus_BOQ_p175_l7,ofslurry ofcement @0.242 kg./Sqm mixed with water proofing cement,NIELIT_Campus_BOQ,175,text
NIELIT_Campus_BOQ_p175_l10,"preparation ofsurface, treatment and sealing ofalljoints, corners,Sqm 100.00 215.15 21515.00WATER PROOFING:",NIELIT_Campus_BOQ,175,text
NIELIT_Campus_BOQ_p175_l12,junctions of pipes and masonary with polymer mixed slurry.,NIELIT_Campus_BOQ,175,text
NIELIT_Campus_BOQ_p175_l13,90 22.7 Providing and laying integral cement based water proofing treatment,NIELIT_Campus_BOQ,175,text
NIELIT_Campus_BOQ_p175_l16,grouting aslurry coat ofneat cement using 2.75 kg./Sqm ofcement,NIELIT_Campus_BOQ,175,text
NIELIT_Campus_BOQ_p175_l17,admixed with water proofing compound conforming toIS:2645 and,NIELIT_Campus_BOQ,175,text
NIELIT_Campus_BOQ_p175_l18,approved byEngineer-In-Charge over theRCC slab including adjoining,NIELIT_Campus_BOQ,175,text
NIELIT_Campus_BOQ_p175_l19,walls upto 300mm height including cleaning thesurface before treatment.,NIELIT_Campus_BOQ,175,text
NIELIT_Campus_BOQ_p175_l20,b)Laying brick bats with mortar using broken bricks/brick bats 25mm to,NIELIT_Campus_BOQ,175,text
NIELIT_Campus_BOQ_p175_l21,115mm size with 50% ofcement mortar 1:5(1cement :5coarse sand),NIELIT_Campus_BOQ,175,text
NIELIT_Campus_BOQ_p175_l22,admixed withwater proofing cement compound conforming toIS:2645 and,NIELIT_Campus_BOQ,175,text
NIELIT_Campus_BOQ_p175_l23,approved byEngineer-In-Charge over 20mm thick layer ofcement mortar,NIELIT_Campus_BOQ,175,text
NIELIT_Campus_BOQ_p175_l24,ofmix 1:5(1cement: 5coarse sand) admixed with water proofing,NIELIT_Campus_BOQ,175,text
NIELIT_Campus_BOQ_p175_l26,Charge torequired slope &treating similarly theadjoining walls upto 300 Charge torequired slope &treating similarly theadjoining walls upto 300,NIELIT_Campus_BOQ,175,text
NIELIT_Campus_BOQ_p175_l27,mm height including rounding of junctions of walls and slabs.,NIELIT_Campus_BOQ,175,text
NIELIT_Campus_BOQ_p176_l2,c)After twodays ofproper curing applying asecond coat ofcement slurry,NIELIT_Campus_BOQ,176,text
NIELIT_Campus_BOQ_p176_l3,using 2.75 kg./sqm ofcement admixed with water proofing comopound,NIELIT_Campus_BOQ,176,text
NIELIT_Campus_BOQ_p176_l5,Finishing thesurface with20mm thick jointless cement mortar ofmix1:4(1,NIELIT_Campus_BOQ,176,text
NIELIT_Campus_BOQ_p176_l6,cement :4coarse sand) admixed with water proofing compound,NIELIT_Campus_BOQ,176,text
NIELIT_Campus_BOQ_p176_l8,laying glass fibre cloth ofapproved quality intoplayer ofplaster andfinally,NIELIT_Campus_BOQ,176,text
NIELIT_Campus_BOQ_p176_l9,finishing thesurface with trowel with neat cement slurry and making,NIELIT_Campus_BOQ,176,text
NIELIT_Campus_BOQ_p176_l22,"c SS plate for floor number-size 8""x8"" Each 4.00 728.28 2913.10",NIELIT_Campus_BOQ,176,text
NIELIT_Campus_BOQ_p176_l24,"92 NS providing &fixing signage 3mm thick acrylic sheet with Radium printing,MISCELLANEOS ITEMS",NIELIT_Campus_BOQ,176,text
NIELIT_Campus_BOQ_p176_l25,"92 NS providing &fixing signage 3mm thick acrylic sheet with Radium printing,",NIELIT_Campus_BOQ,176,text
NIELIT_Campus_BOQ_p177_l0,1 SANITARY FIXTURES,NIELIT_Campus_BOQ,177,text
NIELIT_Campus_BOQ_p177_l1,"2 SOIL, WASTE VENT PIPE",NIELIT_Campus_BOQ,177,text
NIELIT_Campus_BOQ_p177_l3,4 DRAINAGE(SEWERAGE),NIELIT_Campus_BOQ,177,text
NIELIT_Campus_BOQ_p178_l5,"pan)with100mm sand cast ironPorStrap, 10litres lowlevel white",NIELIT_Campus_BOQ,178,text
NIELIT_Campus_BOQ_p178_l7,"conforming toIS:7231 with allfittings &fixtures conpletes,including",NIELIT_Campus_BOQ,178,text
NIELIT_Campus_BOQ_p178_l8,cutting and making good the walls and floors wherever required :,NIELIT_Campus_BOQ,178,text
NIELIT_Campus_BOQ_p178_l14,"flush bend withfittings andC.I.brackets, 40mm flush bend, overflow",NIELIT_Campus_BOQ,178,text
NIELIT_Campus_BOQ_p178_l16,coupling ofapproved municipal design complete including painting,NIELIT_Campus_BOQ,178,text
NIELIT_Campus_BOQ_p178_l17,"offittings andbrackets, cutting &making good thewalls andfloors",NIELIT_Campus_BOQ,178,text
NIELIT_Campus_BOQ_p178_l20,3 17.4 Providing andfixing white vitreous chine flatback orwallcorner type,NIELIT_Campus_BOQ,178,text
NIELIT_Campus_BOQ_p178_l23,pipe and CPbrass spereaders with brass unions and GIclamps,NIELIT_Campus_BOQ,178,text
NIELIT_Campus_BOQ_p178_l24,"complete including painting offittings brackets, cutting &making",NIELIT_Campus_BOQ,178,text
NIELIT_Campus_BOQ_p178_l25,good the walls and floors wherever required.,NIELIT_Campus_BOQ,178,text
NIELIT_Campus_BOQ_p178_l28,NAME OF WORK: DETAILED COST ESTIMATE OF INTERNAL PLUMBING WORKS,NIELIT_Campus_BOQ,178,text
NIELIT_Campus_BOQ_p178_l29,SANITARY FIXTURE:,NIELIT_Campus_BOQ,178,text
NIELIT_Campus_BOQ_p179_l2,"painting offittings and brackets cutting &making good thewalls,",NIELIT_Campus_BOQ,179,text
NIELIT_Campus_BOQ_p179_l6,5 17.10 Providing andfixing stainless steel AISI:304(18/8) kitchen sink as,NIELIT_Campus_BOQ,179,text
NIELIT_Campus_BOQ_p179_l7,per IS:13983 with CIbrackets and stainless steel plug 40mm,NIELIT_Campus_BOQ,179,text
NIELIT_Campus_BOQ_p179_l8,"including painting offittings &brackets, cutting andmaking good the",NIELIT_Campus_BOQ,179,text
NIELIT_Campus_BOQ_p179_l9,walls wherever required.,NIELIT_Campus_BOQ,179,text
NIELIT_Campus_BOQ_p179_l10,17.10.1 Kitchen sink with drain board,NIELIT_Campus_BOQ,179,text
NIELIT_Campus_BOQ_p179_l12,6 17.28 Providing &fixing PVC waste pipe forsink orwash basin including,NIELIT_Campus_BOQ,179,text
NIELIT_Campus_BOQ_p179_l13,PVC waste fittings complete,NIELIT_Campus_BOQ,179,text
NIELIT_Campus_BOQ_p179_l14,17.28.1 Semi rigid pipe,NIELIT_Campus_BOQ,179,text
NIELIT_Campus_BOQ_p179_l22,TOTAL FOR SCHEDULE TIEMS(SANITARY FIXTURE) 111388.10,NIELIT_Campus_BOQ,179,text
NIELIT_Campus_BOQ_p179_l24,"9 17.35 Providing and fixing soil, waste vent pipes",NIELIT_Campus_BOQ,179,text
NIELIT_Campus_BOQ_p179_l25,a) 17.35.1 100mm diaSOIL WASTE VENT PIPES AND FITTINGS:,NIELIT_Campus_BOQ,179,text
NIELIT_Campus_BOQ_p180_l0,17.35.1.2 Centrifugally cast (spun) iron socketed pipe asperIS:3989.S&S,NIELIT_Campus_BOQ,180,text
NIELIT_Campus_BOQ_p180_l1,pipeMtr 100.00 857.30 85730.00,NIELIT_Campus_BOQ,180,text
NIELIT_Campus_BOQ_p180_l3,17.35.2.2 Centrifugally cast (spun) iron socketed pipe as per IS:3989. Mtr 90.00 744.50 67005.00,NIELIT_Campus_BOQ,180,text
NIELIT_Campus_BOQ_p180_l5,Sand Cast iron/cast iron (spun) pipe embedded inand including,NIELIT_Campus_BOQ,180,text
NIELIT_Campus_BOQ_p180_l6,cement concrete blocks 10x10x10 cmof1:2:4 mix(1cement: 2,NIELIT_Campus_BOQ,180,text
NIELIT_Campus_BOQ_p180_l7,coarse sand :4graded stone aggregate 20mm nominal size),NIELIT_Campus_BOQ,180,text
NIELIT_Campus_BOQ_p180_l8,including cost of cutting holes and making good the walls etc.,NIELIT_Campus_BOQ,180,text
NIELIT_Campus_BOQ_p180_l9,17.37.1 For 100mm dia pipe Each 42 112.50 4688.00,NIELIT_Campus_BOQ,180,text
NIELIT_Campus_BOQ_p180_l10,17.37.2 For 75mm dia pipe Each 38 110.15 4131.00,NIELIT_Campus_BOQ,180,text
NIELIT_Campus_BOQ_p180_l11,11 17.38 Providing and fixing bend ofrequired degree with access door,NIELIT_Campus_BOQ,180,text
NIELIT_Campus_BOQ_p180_l14,17.38.1.2 Sand Cast iron S&S as per IS-3989 Each 8.00 353.25 2826.00,NIELIT_Campus_BOQ,180,text
NIELIT_Campus_BOQ_p180_l16,17.38.2.2 Sand Cast iron S&S as per IS-3989 Each 4.00 281.15 1125.00,NIELIT_Campus_BOQ,180,text
NIELIT_Campus_BOQ_p180_l19,17.39.1.2 Sand Cast iron S&S as per IS-3989 Each 25.00 296.35 7409.00,NIELIT_Campus_BOQ,180,text
NIELIT_Campus_BOQ_p180_l21,17.39.2.2 Sand Cast iron S&S as per IS-3989 Each 35.00 221.95 7768.00,NIELIT_Campus_BOQ,180,text
NIELIT_Campus_BOQ_p180_l22,13 17.40 Providing and fixing heal rest sanitary bend,NIELIT_Campus_BOQ,180,text
NIELIT_Campus_BOQ_p180_l24,17.40.1.2 Sand Cast iron S&S as per IS-3989 Each 8.00 342.80 2742.00,NIELIT_Campus_BOQ,180,text
NIELIT_Campus_BOQ_p180_l26,17.40.2.2 Sand Cast iron S&S as per IS-3989 Each 8.00 297.45 2380.00,NIELIT_Campus_BOQ,180,text
NIELIT_Campus_BOQ_p181_l1,"withaccess door, insertion rubber washer 3mm thick, bolts andnuts",NIELIT_Campus_BOQ,181,text
NIELIT_Campus_BOQ_p181_l4,17.43.1.2 Sand Cast iron S&S as per IS-3989 Each 4.00 579.45 2318.00,NIELIT_Campus_BOQ,181,text
NIELIT_Campus_BOQ_p181_l6,17.43.2.2 Sand Cast iron S&S as per IS-3989 Each 4.00 438.00 1752.00,NIELIT_Campus_BOQ,181,text
NIELIT_Campus_BOQ_p181_l9,17.44.1.2 Sand Cast iron S&S as per IS-3989 Each 1 522.85 522.85,NIELIT_Campus_BOQ,181,text
NIELIT_Campus_BOQ_p181_l11,17.44.2.2 Sand Cast iron S&S as per IS-3989 Each 1 378.75 378.75,NIELIT_Campus_BOQ,181,text
NIELIT_Campus_BOQ_p181_l13,"access door, insertion rubber washer 3mm thick, bolts and nuts",NIELIT_Campus_BOQ,181,text
NIELIT_Campus_BOQ_p181_l16,17.47.1.2 Sand Cast iron S&S as per IS-3989 Each 4.00 771.40 3086.00,NIELIT_Campus_BOQ,181,text
NIELIT_Campus_BOQ_p181_l19,17.56.1.2 Sand Cast iron S&S as per IS-3989 Each 8.00 244.10 1953.00,NIELIT_Campus_BOQ,181,text
NIELIT_Campus_BOQ_p181_l21,17.56.2.2 Sand Cast iron S&S as per IS-3989 Each 8.00 221.95 1776.00,NIELIT_Campus_BOQ,181,text
NIELIT_Campus_BOQ_p182_l0,17.57.1.2 Sand Cast iron S&S as per IS-3989 Each 71 238.25 17018.00,NIELIT_Campus_BOQ,182,text
NIELIT_Campus_BOQ_p182_l2,17.57.2.2 Sand Cast iron S&S as per IS-3989 Each 64 169.25 10880.00,NIELIT_Campus_BOQ,182,text
NIELIT_Campus_BOQ_p182_l3,19 17.58 Providing lead caulked joints tosand cast iron/centrifugally cast,NIELIT_Campus_BOQ,182,text
NIELIT_Campus_BOQ_p182_l4,(spun) iron pipes & fittings of dia,NIELIT_Campus_BOQ,182,text
NIELIT_Campus_BOQ_p182_l9,of cutting and making good the walls and floors.,NIELIT_Campus_BOQ,182,text
NIELIT_Campus_BOQ_p182_l11,17.60.2.1 Sand Cast iron S&S as per IS-3989 Each 35.00 838.85 29360.00,NIELIT_Campus_BOQ,182,text
NIELIT_Campus_BOQ_p182_l12,21 17.61 Cutting chases inbrick masonry walls forfollowing diameter sand,NIELIT_Campus_BOQ,182,text
NIELIT_Campus_BOQ_p182_l13,cast iron/centrifugally cast (spun) iron pipes and making good the,NIELIT_Campus_BOQ,182,text
NIELIT_Campus_BOQ_p182_l14,same with cement concrete 1:3:6 (1cement: 3coarse sand: 6,NIELIT_Campus_BOQ,182,text
NIELIT_Campus_BOQ_p182_l15,graded stone aggregate 12.5mm nominal size) including necessary,NIELIT_Campus_BOQ,182,text
NIELIT_Campus_BOQ_p182_l16,plaster and painting incement mortar 1:4(1cement: 4coarse,NIELIT_Campus_BOQ,182,text
NIELIT_Campus_BOQ_p182_l20,"22 17.65 Painting sand cast iron/centrifugally cast (spun) ironsoil, waste vent",NIELIT_Campus_BOQ,182,text
NIELIT_Campus_BOQ_p182_l21,pipes andfittings with paint ofanycolour such aschocolate grey or,NIELIT_Campus_BOQ,182,text
NIELIT_Campus_BOQ_p182_l23,a) 17.65.1 a) 100mm dia meter pipe Mtr 100.00 28.75 2875.00,NIELIT_Campus_BOQ,182,text
NIELIT_Campus_BOQ_p182_l24,b) 17.65.2 b) 75mm dia meter pipe Mtr 90.00 22.00 1980.00,NIELIT_Campus_BOQ,182,text
NIELIT_Campus_BOQ_p182_l25,323621.60 TOTAL FOR SCHEDULE ITEMS(SOIL WASTE VENT PIPES & FITTINGS),NIELIT_Campus_BOQ,182,text
NIELIT_Campus_BOQ_p183_l2,composite pressure pipes conforming toIS-15450 U.V. stabilized,NIELIT_Campus_BOQ,183,text
NIELIT_Campus_BOQ_p183_l5,allspecial fittings ofcomposite material (engineering plastic blend,NIELIT_Campus_BOQ,183,text
NIELIT_Campus_BOQ_p183_l10,Internal work -Exposed on wall,NIELIT_Campus_BOQ,183,text
NIELIT_Campus_BOQ_p183_l11,18.1.3 2025(16mm OD )pipe Mtr 15 277.95 4169.25,NIELIT_Campus_BOQ,183,text
NIELIT_Campus_BOQ_p183_l12,18.1.4 2532(16mm OD )pipe Mtr 15 362.85 5442.75,NIELIT_Campus_BOQ,183,text
NIELIT_Campus_BOQ_p183_l13,18.1.5 3240(16mm OD )pipe Mtr 15 559.65 8394.75,NIELIT_Campus_BOQ,183,text
NIELIT_Campus_BOQ_p183_l14,18.1.6 4050 (16mm OD )pipe Mtr 15 597.40 8961.00,NIELIT_Campus_BOQ,183,text
NIELIT_Campus_BOQ_p183_l16,composite pressure pipes conforming toIS-15450 U.V. stabilized,NIELIT_Campus_BOQ,183,text
NIELIT_Campus_BOQ_p183_l19,allspecial fittings ofcomposite material (engineering plastic blend,NIELIT_Campus_BOQ,183,text
NIELIT_Campus_BOQ_p184_l1,good the walls etc. complete,NIELIT_Campus_BOQ,184,text
NIELIT_Campus_BOQ_p184_l2,18.2.1 1216 ( 16mm OD) pipe Mtr 80 297.95 23836.00,NIELIT_Campus_BOQ,184,text
NIELIT_Campus_BOQ_p184_l3,18.2.2 1620 ( 20mm OD) pipe Mtr 80 340.60 27248.00,NIELIT_Campus_BOQ,184,text
NIELIT_Campus_BOQ_p184_l5,composite pressure pipes conforming toIS-15450-2004 U.V.,NIELIT_Campus_BOQ,184,text
NIELIT_Campus_BOQ_p184_l8,including allspecial fittings ofcomposite material (engineering,NIELIT_Campus_BOQ,184,text
NIELIT_Campus_BOQ_p184_l10,"reducers, couplers &connectors etc. with trenching,refilling and",NIELIT_Campus_BOQ,184,text
NIELIT_Campus_BOQ_p184_l13,18.3.5 3240 ( 32mm OD) Pipe Mtr 15 521.00 7815.00,NIELIT_Campus_BOQ,184,text
NIELIT_Campus_BOQ_p184_l14,18.3.6 4050 (50 MM OD) Pipe Mtr 20 558.75 11175.00,NIELIT_Campus_BOQ,184,text
NIELIT_Campus_BOQ_p184_l17,threading the pipe etc. complete.,NIELIT_Campus_BOQ,184,text
NIELIT_Campus_BOQ_p185_l12,31 18.27 Providing &laying S&S centrifugally cast (spun) iron pipes (Class,NIELIT_Campus_BOQ,185,text
NIELIT_Campus_BOQ_p185_l14,18.27.3 100mm dia pipe Mtrs 60.00 1476.70 88602.00,NIELIT_Campus_BOQ,185,text
NIELIT_Campus_BOQ_p186_l2,35 NS Providing and fixing CI cover with frame for RCC UGT / OHT,NIELIT_Campus_BOQ,186,text
NIELIT_Campus_BOQ_p186_l5,36 NS Providing and fixing monoblock centrifugal pumping setwith gun,NIELIT_Campus_BOQ,186,text
NIELIT_Campus_BOQ_p186_l7,motor capable ofdischarging 50LPM against 35m head complete,NIELIT_Campus_BOQ,186,text
NIELIT_Campus_BOQ_p186_l9,"with wiring, panel &equipments forwater level controller tostart /",NIELIT_Campus_BOQ,186,text
NIELIT_Campus_BOQ_p186_l10,stop thepump automatically withprotection fordryrunetc.complete,NIELIT_Campus_BOQ,186,text
NIELIT_Campus_BOQ_p186_l15,38 NS Providing and placing onterrace (atallfloor levels) polyethylene,NIELIT_Campus_BOQ,186,text
NIELIT_Campus_BOQ_p186_l16,water storage tank IS:12701 marked with cover &suitable locking,NIELIT_Campus_BOQ,186,text
NIELIT_Campus_BOQ_p186_l18,overflow pipes but without fittings and the base support for tank.Litre 5000 9.655172414 48275.86207,NIELIT_Campus_BOQ,186,text
NIELIT_Campus_BOQ_p187_l0,D) SEWERAGE (INTERNAL):,NIELIT_Campus_BOQ,187,text
NIELIT_Campus_BOQ_p187_l1,"40 19.1 Providing, laying &jointing glazed stoneware pipes grade 'A'with",NIELIT_Campus_BOQ,187,text
NIELIT_Campus_BOQ_p187_l2,stiffmixture ofcement mortar intheproportion of1:1(1cement :1,NIELIT_Campus_BOQ,187,text
NIELIT_Campus_BOQ_p187_l3,fine sand) including testing of joints etc. complete,NIELIT_Campus_BOQ,187,text
NIELIT_Campus_BOQ_p187_l5,41 19.2 Providing and laying cement concrete 1:5:10 (1cement: 5coarse,NIELIT_Campus_BOQ,187,text
NIELIT_Campus_BOQ_p187_l6,sand :10graded stone aggregate 40mm nominal size) alround SW,NIELIT_Campus_BOQ,187,text
NIELIT_Campus_BOQ_p187_l7,pipes including bed concrete as per standard design.,NIELIT_Campus_BOQ,187,text
NIELIT_Campus_BOQ_p187_l8,a) 19.2.1 100 mm dia RCC pipe Mtr 20.00 496.90 9938.00,NIELIT_Campus_BOQ,187,text
NIELIT_Campus_BOQ_p187_l9,42 19.3 Providing andlaying cement concrete 1:5:10 (1cement: 5coarse,NIELIT_Campus_BOQ,187,text
NIELIT_Campus_BOQ_p187_l10,sand :10graded stone aggregate 40mm nominal size) upto,NIELIT_Campus_BOQ,187,text
NIELIT_Campus_BOQ_p187_l11,haunches ofSW pipes including bed concrete asperstandard,NIELIT_Campus_BOQ,187,text
NIELIT_Campus_BOQ_p187_l13,19.3.2 150mm diameter SW pipe Mtr 20.00 382.75 7655.00,NIELIT_Campus_BOQ,187,text
NIELIT_Campus_BOQ_p187_l15,complete with CIgrating brick masonry chamber with water tight CI,NIELIT_Campus_BOQ,187,text
NIELIT_Campus_BOQ_p187_l20,19.4.1.1 With FPS bricks class designation 75. Each 10.00 1256.35 12564.00,NIELIT_Campus_BOQ,187,text
NIELIT_Campus_BOQ_p187_l21,44 19.6 Providing andlaying non-pressure NP2 class (light duty) RCC pipes,NIELIT_Campus_BOQ,187,text
NIELIT_Campus_BOQ_p187_l22,with collars jointed with stiff mixture ofcement mortar inthe,NIELIT_Campus_BOQ,187,text
NIELIT_Campus_BOQ_p187_l23,proportion of1:2(1cement :2finesand) including testing ofthe,NIELIT_Campus_BOQ,187,text
NIELIT_Campus_BOQ_p187_l25,a) 19.6.2 150 mm dia RCC pipe Mtr 100.00 254.50 25450.00,NIELIT_Campus_BOQ,187,text
NIELIT_Campus_BOQ_p188_l0,45 19.7 Constructing brick masonary manhole incement mortar 1:4(1,NIELIT_Campus_BOQ,188,text
NIELIT_Campus_BOQ_p188_l1,cement: 4coarse sand) RCC topslab with 1:2:4 mix(1cement: 2,NIELIT_Campus_BOQ,188,text
NIELIT_Campus_BOQ_p188_l2,"coarse sand: 4graded stone aggregate 20mm nominal size),",NIELIT_Campus_BOQ,188,text
NIELIT_Campus_BOQ_p188_l3,fondation concrete 1:4:8 (1cement: 4coarse sand: 8graded stone,NIELIT_Campus_BOQ,188,text
NIELIT_Campus_BOQ_p188_l4,aggregate 40mmnominal size) inside plastering 12mmthick with,NIELIT_Campus_BOQ,188,text
NIELIT_Campus_BOQ_p188_l5,cement mortar 1:3(1cement: 3coarse sand) finished with floating,NIELIT_Campus_BOQ,188,text
NIELIT_Campus_BOQ_p188_l6,coat ofneat cement andmaking channels incement concrete 1:2:4,NIELIT_Campus_BOQ,188,text
NIELIT_Campus_BOQ_p188_l7,(1cement: 2coarse sand: 4graded stone aggregated 20mm,NIELIT_Campus_BOQ,188,text
NIELIT_Campus_BOQ_p188_l8,nominal size) finished with afloating coat ofneat cement complete,NIELIT_Campus_BOQ,188,text
NIELIT_Campus_BOQ_p188_l14,19.7.1.1 With FPS bricks with class designation 75 Each 10.00 7132.00 71320.00,NIELIT_Campus_BOQ,188,text
NIELIT_Campus_BOQ_p188_l16,plastic encapsulated asperIS:10910 on12mm diasteel bar,NIELIT_Campus_BOQ,188,text
NIELIT_Campus_BOQ_p188_l25,"after fixing, including fixing inmanholes with 30x20x15cm cement",NIELIT_Campus_BOQ,188,text
NIELIT_Campus_BOQ_p188_l26,concrete block 1:3:6 (1cement :3coarse sand :6graded stone,NIELIT_Campus_BOQ,188,text
NIELIT_Campus_BOQ_p188_l27,aggregate 20mm nominal size) complete as per design.Each 50.00 256.75 12838.00,NIELIT_Campus_BOQ,188,text
NIELIT_Campus_BOQ_p189_l0,E) EARTH WORK( INTERNAL PLUMBING WORK),NIELIT_Campus_BOQ,189,text
NIELIT_Campus_BOQ_p189_l7,"48 2.10 Excavating trenches ofrequired width forpipes, cables, etc.",NIELIT_Campus_BOQ,189,text
NIELIT_Campus_BOQ_p189_l8,"including excavation forsockets andrefessing ofsides, ramming of",NIELIT_Campus_BOQ,189,text
NIELIT_Campus_BOQ_p189_l15,"2.10.1.2 Pipes, cables etc.exceeding 80mm diabutnotexceeding 300mm",NIELIT_Campus_BOQ,189,text
NIELIT_Campus_BOQ_p189_l17,"49 2.25 Filling available excavted earth (excluding rock) intrenches, plinth",NIELIT_Campus_BOQ,189,text
NIELIT_Campus_BOQ_p189_l18,sides offoundations etc. inlayet notexceeding 20cmindepth,NIELIT_Campus_BOQ,189,text
NIELIT_Campus_BOQ_p190_l2,1 1.10 Wiring forlight point/ fanpoint/ exhaust fanpoint/ callbellpoint with 1.5sq.mm FRPVC insulated copper,NIELIT_Campus_BOQ,190,text
NIELIT_Campus_BOQ_p190_l3,"conductor single core cable insurface /recessed medium class PVC conduit, with modular switch, modular",NIELIT_Campus_BOQ,190,text
NIELIT_Campus_BOQ_p190_l7,2 1.11 Wiring fortwin control light point with 1.5sq.mm FRPVC insulated copper conductor single core cable in,NIELIT_Campus_BOQ,190,text
NIELIT_Campus_BOQ_p190_l8,"surface /recessed medium class PVC conduit, 2way modular switch, modular plate, suitable GIboxand",NIELIT_Campus_BOQ,190,text
NIELIT_Campus_BOQ_p190_l10,"3 1.12 Wiring forlight/power plug with 2x4 Sq.mm FRPVC insulated, copper conductor, single core cable in",NIELIT_Campus_BOQ,190,text
NIELIT_Campus_BOQ_p190_l11,surface/recessed PVC conduit alongwith 1No.4Sq.mm FRPVC insulated copper conductor single core,NIELIT_Campus_BOQ,190,text
NIELIT_Campus_BOQ_p190_l13,"4 1.13 Wiring forlight/power plug with 4x4 Sq.mm FRPVC insulated, copper conductor, single core cable in",NIELIT_Campus_BOQ,190,text
NIELIT_Campus_BOQ_p190_l14,surface/recessed PVC conduit alongwith 2Nos. 4Sq.mm FRPVC insulated copper conductor single core,NIELIT_Campus_BOQ,190,text
NIELIT_Campus_BOQ_p190_l16,5 1.14 Wiring forcircuit/sub main wiring alongwith earth wire with thefollowing sizes ofPVC insulated copper,NIELIT_Campus_BOQ,190,text
NIELIT_Campus_BOQ_p190_l17,"conductor, single core cable in surface/recessed PVC conduit as required.",NIELIT_Campus_BOQ,190,text
NIELIT_Campus_BOQ_p190_l18,a) 1.14.1 2x1.5 Sqmm + 1x1.5 Sq.mm (For circuit wiring) Metre 2000 107.00 214000.00,NIELIT_Campus_BOQ,190,text
NIELIT_Campus_BOQ_p190_l24,telephone cable in the existing surface/ recessed steel/ PVC conduit as required.,NIELIT_Campus_BOQ,190,text
NIELIT_Campus_BOQ_p190_l26,7 1.21 Supplying andfixing offollowing sizes ofmedium class PVC conduit along withaccessories insurface/recess,NIELIT_Campus_BOQ,190,text
NIELIT_Campus_BOQ_p190_l27,including cutting the wall and making good the same in case of recessed conduit as required.,NIELIT_Campus_BOQ,190,text
NIELIT_Campus_BOQ_p190_l32,"NAME OF WORK : PROVIDING INTERNAL ELECTRICAL INSTALLATIONS IN BOYS HOSTEL AT NEILET, AGARTALA",NIELIT_Campus_BOQ,190,text
NIELIT_Campus_BOQ_p191_l2,phenolic laminated sheet cover in front including painting etc. as required.,NIELIT_Campus_BOQ,191,text
NIELIT_Campus_BOQ_p191_l23,"14 1.35 Erection ofwall bracket /ceiling fittings ofallsizes and shapes containing upto twoGLS lamps perfitting,",NIELIT_Campus_BOQ,191,text
NIELIT_Campus_BOQ_p191_l25,"15 1.41 Installation, testing andcommissioning ofprewired fluorescent fitting/compact fluorescent fitting ofalltypes,",NIELIT_Campus_BOQ,191,text
NIELIT_Campus_BOQ_p191_l26,complete with allaccessories andtubes etc.directly onceiling/wall including connection 1.5Sqmm FRPVC,NIELIT_Campus_BOQ,191,text
NIELIT_Campus_BOQ_p191_l28,"16 1.42 Installation, testing and commissioning ofpre-wired, fluorescent fitting /compact fluorescent fitting ofall",NIELIT_Campus_BOQ,191,text
NIELIT_Campus_BOQ_p191_l30,"arrangement, 2no.down rods of20mmdiaX1.6mmthick steel conduit upto 30cmlength, painting and",NIELIT_Campus_BOQ,191,text
NIELIT_Campus_BOQ_p191_l31,"wiring thedown rods andconnection with1.5sq.mmFRPVC insulated, copper conductor, single core cable",NIELIT_Campus_BOQ,191,text
NIELIT_Campus_BOQ_p191_l33,"17 1.44 Installation, testing andcommissioning ofceiling fan,including wiring thedown rods ofstandard length (upto",NIELIT_Campus_BOQ,191,text
NIELIT_Campus_BOQ_p191_l35,18 1.49 Numbering of ceiling fan/exhaust fan/ fluorescent fittings as required. Each 146 19.50 2847.00,NIELIT_Campus_BOQ,191,text
NIELIT_Campus_BOQ_p192_l5,"22 2.3 Supplying andfixing following way, single pole andneutral, sheet steel, MCB distribution board, 240volts, on",NIELIT_Campus_BOQ,192,text
NIELIT_Campus_BOQ_p192_l7,powder painted including earthing etc. as required. (But without MCB/RCCB/Isolator),NIELIT_Campus_BOQ,192,text
NIELIT_Campus_BOQ_p192_l8,"a) 2.3.2 2 + 6 way, Single door Each 2 513.00 1026.00",NIELIT_Campus_BOQ,192,text
NIELIT_Campus_BOQ_p192_l9,"b) 2.3.4 2 + 12 way, Single door Each 4 696.00 2784.00",NIELIT_Campus_BOQ,192,text
NIELIT_Campus_BOQ_p192_l10,"23 2.4 Supplying and fixing following way, horizontal type three pole and neutral, sheet steel, MCB distribution",NIELIT_Campus_BOQ,192,text
NIELIT_Campus_BOQ_p192_l12,"interconnections, powder painted including earthing etc. as required. (But without MCB/RCCB/Isolator )",NIELIT_Campus_BOQ,192,text
NIELIT_Campus_BOQ_p192_l13,"a) 2.4.4 4 way (4 + 12), Double door Each 4 1654.00 6616.00",NIELIT_Campus_BOQ,192,text
NIELIT_Campus_BOQ_p192_l14,"b) 2.4.5 6 way (4 + 18), Double door Each 4 2047.00 8188.00",NIELIT_Campus_BOQ,192,text
NIELIT_Campus_BOQ_p192_l16,"distribution board ofsheet steel, dust protected, duly powder painted, inclusive of200amps tinned copper",NIELIT_Campus_BOQ,192,text
NIELIT_Campus_BOQ_p192_l19,"a) 2.5.1 4 way (4 + 12), Single door Each 1 2691.00 2691.00",NIELIT_Campus_BOQ,192,text
NIELIT_Campus_BOQ_p192_l20,"b) 2.5.3 12 way (4 + 36), Single door Each 1 4761.00 4761.00",NIELIT_Campus_BOQ,192,text
NIELIT_Campus_BOQ_p192_l32,"circuit breaker (RCCB), having asensitivity current upto 300 mAintheexisting MCB DBcomplete with",NIELIT_Campus_BOQ,192,text
NIELIT_Campus_BOQ_p193_l2,"breaker (RCCB), having asensitivity current upto 300 milliamperes intheexisting MCB DBcomplete with",NIELIT_Campus_BOQ,193,text
NIELIT_Campus_BOQ_p193_l6,"30 5.2 Earthing with GIearth pipe 4.5mlong, 40mm diaincluding accessories, andproviding masonary enclosure",NIELIT_Campus_BOQ,193,text
NIELIT_Campus_BOQ_p193_l7,with cover plate having locking arrangement and watering pipe etc. with charcoal / coke and salt as required.Set 2 3385.00 6770.00,NIELIT_Campus_BOQ,193,text
NIELIT_Campus_BOQ_p193_l12,recessed conduit/ submain wiring/ cable as required.Metre 19 19.50 371.00,NIELIT_Campus_BOQ,193,text
NIELIT_Campus_BOQ_p193_l15,33 NS Supplying of light fittings complete with all standard accessories as required.,NIELIT_Campus_BOQ,193,text
NIELIT_Campus_BOQ_p193_l16,a)1x13 WCFL. Fitting Surface mounted asperDecon Product. No03XA with Lamp orsimilar specification of,NIELIT_Campus_BOQ,193,text
NIELIT_Campus_BOQ_p193_l18,b)2x11 WCFL. Wall Surface mounted asperBajaj Product. NoBSM 211 CFL W2EB with Lamp orsimilar,NIELIT_Campus_BOQ,193,text
NIELIT_Campus_BOQ_p193_l20,c) 1x18 WCFL. Bulk Head Fitting Surface mounted asperLUSTRE Product. No6217 with Lamp orsimilar,NIELIT_Campus_BOQ,193,text
NIELIT_Campus_BOQ_p193_l22,d) 1x11 WCFL. Wall Surface (Mirror Light) mounted asperLUSTRE Product. NoLI-3230 withLamp orsimilar,NIELIT_Campus_BOQ,193,text
NIELIT_Campus_BOQ_p193_l24,e) 1x25 WCFL. Single Wall Bracket mounted asper Decon Product. No05ZP with Lamp orsimilar,NIELIT_Campus_BOQ,193,text
NIELIT_Campus_BOQ_p193_l26,f) 2x25 WCFL. Double Wall Bracket mounted asperDecon Product. No29ZP with Lamp orsimilar,NIELIT_Campus_BOQ,193,text
NIELIT_Campus_BOQ_p193_l28,34 NS Supplying of Ding bell fittings complete with all standard accessories Each 4 82.76 331.00,NIELIT_Campus_BOQ,193,text
NIELIT_Campus_BOQ_p193_l29,35 NS Supplying of light fittings complete with all standard accessories of the following type as required .,NIELIT_Campus_BOQ,193,text
NIELIT_Campus_BOQ_p193_l30,a)1x28 WFl.Fitting asperBajaj Product. NoBLPR 128 with lamp orsimilar specification ofother approved,NIELIT_Campus_BOQ,193,text
NIELIT_Campus_BOQ_p193_l32,b)2x36 WFl.Fitting asperBajaj Product. NoBCIR 236 W2EB with lamp orsimilar specification ofother,NIELIT_Campus_BOQ,193,text
NIELIT_Campus_BOQ_p194_l1,c)1x36 WFl.Fitting asperBajaj Product. NoBCIR 136 WEB with lamp orsimilar specification ofother,NIELIT_Campus_BOQ,194,text
NIELIT_Campus_BOQ_p194_l7,37 NSSupplying ofapproved make Wall fanofthefollowing sizes anditsallaccessories suitable foroperation on,NIELIT_Campus_BOQ,194,text
NIELIT_Campus_BOQ_p195_l7,proper levels byfilling with earth orearth mixed with sludge or/and,NIELIT_Campus_BOQ,195,text
NIELIT_Campus_BOQ_p196_l5,"of 30cm,refilling the excavated earth after breaking clods and",NIELIT_Campus_BOQ,196,text
NIELIT_Campus_BOQ_p196_l9,"water, filling with earth if necessary, watering and finally fine",NIELIT_Campus_BOQ,196,text
NIELIT_Campus_BOQ_p196_l17,bolted together with 8mm dia. And 30mm long bolts including painting,NIELIT_Campus_BOQ,196,text
NIELIT_Campus_BOQ_p196_l18,twocoats with paint ofapproved brand andmanufacture over acoat of,NIELIT_Campus_BOQ,196,text
NIELIT_Campus_BOQ_p196_l20,"12 23.19 Edging with bricks laid drylength wise including excavation, refilling,",NIELIT_Campus_BOQ,196,text
NIELIT_Campus_BOQ_p196_l24,(i) 23.19.1.1 F P S Brick metre 300.00 23.55 7065.00,NIELIT_Campus_BOQ,196,text
NIELIT_Campus_BOQ_p196_l28,height upto 600mmi/callexcavation india1meter anddepth 1.5meter,NIELIT_Campus_BOQ,196,text
NIELIT_Campus_BOQ_p197_l4,2.0 INTERNAL & EXTERNAL PLUMBING WORKS 337249.30 115862.07,NIELIT_Campus_BOQ,197,text
NIELIT_Campus_BOQ_p197_l5,"3.0 INTERNAL ELECTRICAL WORK, 370269.50 70950.66",NIELIT_Campus_BOQ,197,text
NIELIT_Campus_BOQ_p198_l4,3 CONCRETE WORK 197997.25,NIELIT_Campus_BOQ,198,text
NIELIT_Campus_BOQ_p198_l5,4 RCC WORK 1680153.50,NIELIT_Campus_BOQ,198,text
NIELIT_Campus_BOQ_p198_l6,5 BRICK WORK 3798.00 379815.62,NIELIT_Campus_BOQ,198,text
NIELIT_Campus_BOQ_p198_l9,8 STEEL WORK 196447.50,NIELIT_Campus_BOQ,198,text
NIELIT_Campus_BOQ_p198_l10,9 FLOORING WORK 299533.50 44524.14,NIELIT_Campus_BOQ,198,text
NIELIT_Campus_BOQ_p198_l11,10 ROOFING WORK 27925.05,NIELIT_Campus_BOQ,198,text
NIELIT_Campus_BOQ_p198_l12,11 FINISHING WORK 432096.50,NIELIT_Campus_BOQ,198,text
NIELIT_Campus_BOQ_p198_l13,12 WATER PROOFING WORK 199902.25,NIELIT_Campus_BOQ,198,text
NIELIT_Campus_BOQ_p199_l8,22.6 Earth work in excavation by mechanical means (Hydraulic,NIELIT_Campus_BOQ,199,text
NIELIT_Campus_BOQ_p199_l14,"32.25 Filling available excavated earth (excluding rock) intrenches, plinth, sides",NIELIT_Campus_BOQ,199,text
NIELIT_Campus_BOQ_p199_l15,"offoundations etc.inlayers notexceeding 20cm indepth, consolidating",NIELIT_Campus_BOQ,199,text
NIELIT_Campus_BOQ_p199_l18,42.27 Supplying and filling inplinth with local sand under floors including,NIELIT_Campus_BOQ,199,text
NIELIT_Campus_BOQ_p200_l5,a) 2.35.3 Treatment ofsoilunder existing floors using chemical emulsion @oneltr.,NIELIT_Campus_BOQ,200,text
NIELIT_Campus_BOQ_p200_l7,with cement mortar 1:2(1cement: 2coarse sand) tomatch theexisting,NIELIT_Campus_BOQ,200,text
NIELIT_Campus_BOQ_p200_l14,84.1 Providing and laying inposition cement concrete ofspecified grade,NIELIT_Campus_BOQ,200,text
NIELIT_Campus_BOQ_p200_l15,excluding the cost of centring and shuttering - All work upto plinth level:,NIELIT_Campus_BOQ,200,text
NIELIT_Campus_BOQ_p200_l16,a) 4.1.3 1:2:4 (1cement :2coarse sand :4graded stone aggregate 20mm,NIELIT_Campus_BOQ,200,text
NIELIT_Campus_BOQ_p200_l18,b) 4.1.6 1:3:6 (1cement :3coarse sand :6graded stone aggregate 40mm,NIELIT_Campus_BOQ,200,text
NIELIT_Campus_BOQ_p200_l20,c) 4.1.8 1:4:8 (1cement :4coarse sand :8graded stone aggregate 40mm,NIELIT_Campus_BOQ,200,text
NIELIT_Campus_BOQ_p200_l22,"94.2 Providing andlaying cement concrete inretaining walls, return walls, walls",NIELIT_Campus_BOQ,200,text
NIELIT_Campus_BOQ_p200_l23,"(any thickness) including attached pilasters, columns, piers, abutments,",NIELIT_Campus_BOQ,200,text
NIELIT_Campus_BOQ_p200_l25,"bed blocks, anchor blocks, plain window sills, fillets etc. upto floor five",NIELIT_Campus_BOQ,200,text
NIELIT_Campus_BOQ_p200_l26,"level, excluding the cost of centering, shuttering and finishing:",NIELIT_Campus_BOQ,200,text
NIELIT_Campus_BOQ_p200_l27,a) 4.2.5 1:3:6 (1cement :3coarse sand :6graded stone aggregate 20mm,NIELIT_Campus_BOQ,200,text
NIELIT_Campus_BOQ_p200_l28,nominal size) cum 2.00 4782.35 9564.70CONCRETE WORK:,NIELIT_Campus_BOQ,200,text
NIELIT_Campus_BOQ_p201_l2,10 4.11 Providing and laying damp-proof coarse 50mm thick cement concrete 1:2:4,NIELIT_Campus_BOQ,201,text
NIELIT_Campus_BOQ_p201_l3,(1cement :2coarse sand :4graded stone aggregate 12.5 mmnominal,NIELIT_Campus_BOQ,201,text
NIELIT_Campus_BOQ_p201_l5,11 4.12 Extra forproviding and mixing water proofing material 'Impermo' or,NIELIT_Campus_BOQ,201,text
NIELIT_Campus_BOQ_p201_l6,equivalent in cement concrete work @ 1 kg. Per 50 Kg. of cement.per 50 kg.,NIELIT_Campus_BOQ,201,text
NIELIT_Campus_BOQ_p201_l7,cement264.00 35.35 9332.40,NIELIT_Campus_BOQ,201,text
NIELIT_Campus_BOQ_p201_l12,13 4.17 Making Plinth protection 50mm thick ofcement concrete 1:3:6 (1cement :,NIELIT_Campus_BOQ,201,text
NIELIT_Campus_BOQ_p201_l13,3 Coarse sand :6 graded stone aggregate 20mm nominal size) over 75 mm,NIELIT_Campus_BOQ,201,text
NIELIT_Campus_BOQ_p201_l14,bedofdrybricks ballast 40mm nominal size wellrammed andconsolidated,NIELIT_Campus_BOQ,201,text
NIELIT_Campus_BOQ_p201_l15,and grouted with fine sand including finishing the top smooth.Sqm 62.00 338.75 21002.50,NIELIT_Campus_BOQ,201,text
NIELIT_Campus_BOQ_p201_l18,"14 5.9 Centring and shuttering including strutting, propping etc.and removal of",NIELIT_Campus_BOQ,201,text
NIELIT_Campus_BOQ_p201_l20,"a) 5.9.1 Foundations, footings, bases of columns etc. for mass concrete. sqm 175.00 166.90 29207.50",NIELIT_Campus_BOQ,201,text
NIELIT_Campus_BOQ_p201_l21,"b) 5.9.2 Walls (any thickness) including attached pilasters, butteresses, plinth and",NIELIT_Campus_BOQ,201,text
NIELIT_Campus_BOQ_p201_l23,"c) 5.9.3 Suspended floors, roofs, landings, balconies and access platform. sqm 230.00 311.20 71576.00",NIELIT_Campus_BOQ,201,text
NIELIT_Campus_BOQ_p201_l25,"e) 5.9.5 Lintels, beams, plinth beams, girders, bressumers and cantilevers. sqm 240.00 262.25 62940.00",NIELIT_Campus_BOQ,201,text
NIELIT_Campus_BOQ_p201_l26,"f)5.9.6 Columns, Pillars, Piers, Abutments, posts and Struts sqm 100.00 365.60 36560.00",NIELIT_Campus_BOQ,201,text
NIELIT_Campus_BOQ_p201_l29,and eaves boardssqm 50.00 470.10 23505.00RCC WORK:,NIELIT_Campus_BOQ,201,text
NIELIT_Campus_BOQ_p202_l3,"window sills, string courses, bands, copings, bed plates, anchor blocks",NIELIT_Campus_BOQ,202,text
NIELIT_Campus_BOQ_p202_l5,j)5.9.16 Edges of slabs and breaks in floors and walls,NIELIT_Campus_BOQ,202,text
NIELIT_Campus_BOQ_p202_l7,"l)5.9.18 Small surfaces such ascantilever ends, brackets andends ofsteps, caps",NIELIT_Campus_BOQ,202,text
NIELIT_Campus_BOQ_p202_l8,and bases to pilasters and columns and the likesqm 40.00 398.35 15934.00,NIELIT_Campus_BOQ,202,text
NIELIT_Campus_BOQ_p202_l10,15 5.18 Providing precast cement concrete Jali1:2:4 (1cement: 2coarse sand: 4,NIELIT_Campus_BOQ,202,text
NIELIT_Campus_BOQ_p202_l11,stone aggregate 6mm nominal size) reinforced with 1.6mm diamild steel,NIELIT_Campus_BOQ,202,text
NIELIT_Campus_BOQ_p202_l12,"wire including centring &shuttering roughening cleaning, fixing and",NIELIT_Campus_BOQ,202,text
NIELIT_Campus_BOQ_p202_l13,finishing incement mortar 1:3(1cement: 3fine sand) etc. complete,NIELIT_Campus_BOQ,202,text
NIELIT_Campus_BOQ_p202_l14,"excluding plastering of the jambs, sills and soffits.",NIELIT_Campus_BOQ,202,text
NIELIT_Campus_BOQ_p202_l16,"16 5.22 Reinforcement forR.C.C. work including straightening, cutting, bending,",NIELIT_Campus_BOQ,202,text
NIELIT_Campus_BOQ_p202_l19,"17 5.22 A Reinforcement forR.C.C. work including straightening, cutting, bending,",NIELIT_Campus_BOQ,202,text
NIELIT_Campus_BOQ_p202_l23,machine vibrated design mix cement concrete ofspecified grade for,NIELIT_Campus_BOQ,202,text
NIELIT_Campus_BOQ_p202_l24,reinforced cement concrete work including pumping ofconcrete tositeof,NIELIT_Campus_BOQ,202,text
NIELIT_Campus_BOQ_p202_l25,"laying but excluding the cost ofcentring, shuttering, finishing and",NIELIT_Campus_BOQ,202,text
NIELIT_Campus_BOQ_p202_l26,reinforcement-including admixture inrecommended proportions asper,NIELIT_Campus_BOQ,202,text
NIELIT_Campus_BOQ_p202_l30,Note-cement content considered inthisitem is@330kg/cum. Excess/less,NIELIT_Campus_BOQ,202,text
NIELIT_Campus_BOQ_p202_l31,cement used as per design mix is payable /recoverable separately ).,NIELIT_Campus_BOQ,202,text
NIELIT_Campus_BOQ_p203_l2,b) 5.33.2 All works above plinth level upto floor five level Cum 62.00 5781.50 358453.00,NIELIT_Campus_BOQ,203,text
NIELIT_Campus_BOQ_p203_l5,every third course of half brick masonry (with FPS bricks)Sqm 60.00 63.30 3798.00,NIELIT_Campus_BOQ,203,text
NIELIT_Campus_BOQ_p203_l8,20 NS Brick work with FPS bricks ofclass designation 100infoundation &plinth,NIELIT_Campus_BOQ,203,text
NIELIT_Campus_BOQ_p203_l10,a) Cement mortar 1:6 (1 cement: 6 coarse sand) Cum 25.00 3964.2 99105.00,NIELIT_Campus_BOQ,203,text
NIELIT_Campus_BOQ_p203_l11,21 NS Brick work with F.P.S. bricks ofclass designation 100 insuperstructure,NIELIT_Campus_BOQ,203,text
NIELIT_Campus_BOQ_p203_l12,above plinth level up to floor V level in all shapes and sizes in:,NIELIT_Campus_BOQ,203,text
NIELIT_Campus_BOQ_p203_l13,a) Cement mortar 1:6 (1 cement: 6 coarse sand) Cum 60.00 4160.34483 249620.69,NIELIT_Campus_BOQ,203,text
NIELIT_Campus_BOQ_p203_l14,22 N.S 125mm brick masonry with FPS bricks ofclass designation 100 in,NIELIT_Campus_BOQ,203,text
NIELIT_Campus_BOQ_p203_l15,supersructure above plinth in level upto floor V level,NIELIT_Campus_BOQ,203,text
NIELIT_Campus_BOQ_p203_l16,a) Cement mortar 1:4 (1 cement: 4 coarse sand) Sqm 60.00 518.17 31089.93,NIELIT_Campus_BOQ,203,text
NIELIT_Campus_BOQ_p203_l21,"counters, window sills, facias and similar locations ofrequired size of",NIELIT_Campus_BOQ,203,text
NIELIT_Campus_BOQ_p203_l22,"approved shade, colour and texture laidover 20mm thick base cement",NIELIT_Campus_BOQ,203,text
NIELIT_Campus_BOQ_p203_l23,"mortar 1:4(1cement: 4coarse sand) withjoints treated with white cement,",NIELIT_Campus_BOQ,203,text
NIELIT_Campus_BOQ_p203_l28,i)8.2.1.2 Area of slab over 0.50 Sqm Sqm 10.00 1980.80 19808.00MARBLE WORK:TOTAL CARRIED OVER TO SUMMARY,NIELIT_Campus_BOQ,203,text
NIELIT_Campus_BOQ_p204_l3,i)8.2.2.2 Area of slab over 0.50 Sqm Sqm 7.00 3083.40 21583.80,NIELIT_Campus_BOQ,204,text
NIELIT_Campus_BOQ_p204_l14,26 9.20 Providing andfixing ISImarked flush door shutters conforming toIS:2202,NIELIT_Campus_BOQ,204,text
NIELIT_Campus_BOQ_p204_l18,a) 9.20.1 35mm thick including ISImarked stainless steel butt hinges with,NIELIT_Campus_BOQ,204,text
NIELIT_Campus_BOQ_p204_l24,"fordoors, windows and clerestory windows including ISImarked bright",NIELIT_Campus_BOQ,204,text
NIELIT_Campus_BOQ_p204_l25,finished or/and black enamelled MS butt hinges with necessary screws.,NIELIT_Campus_BOQ,204,text
NIELIT_Campus_BOQ_p204_l27,i) 9.27.1.2 With ISI marked stainless steel butt hinges of required size,NIELIT_Campus_BOQ,204,text
NIELIT_Campus_BOQ_p205_l2,29 9.48 Providing andfixing MSgrills ofrequired pattern inframes ofwindows etc.,NIELIT_Campus_BOQ,205,text
NIELIT_Campus_BOQ_p205_l5,30 9.96 Providing and fixing aluminium sliding door bolts ISImarked anodised,NIELIT_Campus_BOQ,205,text
NIELIT_Campus_BOQ_p205_l17,universal hydraulic door closer with necessary accessories and screws,NIELIT_Campus_BOQ,205,text
NIELIT_Campus_BOQ_p205_l24,34 9.101 Providing and fixing aluminium hanging floor door stopper ISImarked,NIELIT_Campus_BOQ,205,text
NIELIT_Campus_BOQ_p206_l8,36 10.5 Providing andfixing 1mm thick MSsheet door with frame of40x40x6mm,NIELIT_Campus_BOQ,206,text
NIELIT_Campus_BOQ_p206_l10,"necessary fittings complete, including applying a primer coat of approved a) 10.5.1 Using MS angle 40x40x6mm for diagonal braces. Sqm 2.10 2551.45 5358.05",NIELIT_Campus_BOQ,206,text
NIELIT_Campus_BOQ_p206_l11,"37 10.11 Providing &fixing factory made ISImarked steel glazed doors, windows",NIELIT_Campus_BOQ,206,text
NIELIT_Campus_BOQ_p206_l13,"asK11B andK12B etc.complete ofstandard rolled steel sections, joints",NIELIT_Campus_BOQ,206,text
NIELIT_Campus_BOQ_p206_l15,"15x3mm lugs, 10cm long, embedded incement concrete blocks",NIELIT_Campus_BOQ,206,text
NIELIT_Campus_BOQ_p206_l16,15x10x10cm of1:3:6 (1cement: 3coarse sand: 6graded stone aggregate,NIELIT_Campus_BOQ,206,text
NIELIT_Campus_BOQ_p206_l21,"approved steel primer, excluding thecost ofmetal beading and other",NIELIT_Campus_BOQ,206,text
NIELIT_Campus_BOQ_p206_l22,fittings except necessary hinges orpivots complete asperapproved,NIELIT_Campus_BOQ,206,text
NIELIT_Campus_BOQ_p206_l24,"38 10.13 Providing &fixing T-iron frames fordoors, windows &ventilators ofmild",NIELIT_Campus_BOQ,206,text
NIELIT_Campus_BOQ_p206_l25,"steel T-sections, joints mitred andwelded with 15x3 mmlugs, 10cmlong,",NIELIT_Campus_BOQ,206,text
NIELIT_Campus_BOQ_p206_l26,embedded incement concrete blocks 15x10x10 cmof1:3:6 (1cement: 3,NIELIT_Campus_BOQ,206,text
NIELIT_Campus_BOQ_p206_l27,coarse sand: 6graded stone aggr. 20mmnominal size) orwith wooden,NIELIT_Campus_BOQ,206,text
NIELIT_Campus_BOQ_p206_l30,butt hinges & screws and applying a priming coat of approved steel primer.Kg. 285.00 73.30 20890.50STEEL WORK,NIELIT_Campus_BOQ,206,text
NIELIT_Campus_BOQ_p207_l2,39 10.14 Providing and fixing pressed steel door frames conforming toIS:4351,NIELIT_Campus_BOQ,207,text
NIELIT_Campus_BOQ_p207_l3,manufactured from commercial mild steel sheet of1.25 mm thickness,NIELIT_Campus_BOQ,207,text
NIELIT_Campus_BOQ_p207_l5,"mild steel angle ofsection 50x25mm, orbase tiesof1.25 mmpressed",NIELIT_Campus_BOQ,207,text
NIELIT_Campus_BOQ_p207_l6,"mild steel welded orrigidly fixed together bymechanical means, adjustable",NIELIT_Campus_BOQ,207,text
NIELIT_Campus_BOQ_p207_l7,lugs with split end tailtoeach jamb including steel butt hinges 2.5mm,NIELIT_Campus_BOQ,207,text
NIELIT_Campus_BOQ_p207_l9,specified andapplying acoat ofapproved steel primer after pre-treatment,NIELIT_Campus_BOQ,207,text
NIELIT_Campus_BOQ_p207_l15,40 10.25 Steel work welded inbuilt upsections/framed work including cutting,NIELIT_Campus_BOQ,207,text
NIELIT_Campus_BOQ_p207_l16,"hoisting, fixing inposition andapplying apriming coat ofapproved steel",NIELIT_Campus_BOQ,207,text
NIELIT_Campus_BOQ_p207_l17,primer using structural steel etc. as required,NIELIT_Campus_BOQ,207,text
NIELIT_Campus_BOQ_p207_l20,41 10.18 Providing and fixing circular/hexagonal cast iron orMSsheet box for,NIELIT_Campus_BOQ,207,text
NIELIT_Campus_BOQ_p207_l22,"thick M.S. sheet with itstopsurface hacked forproper bonding, toplid",NIELIT_Campus_BOQ,207,text
NIELIT_Campus_BOQ_p207_l26,a) 10.26 Providing and fixing hand railofapproved size bywelding etc. tosteel,NIELIT_Campus_BOQ,207,text
NIELIT_Campus_BOQ_p207_l28,priming coat of approved steel primer.,NIELIT_Campus_BOQ,207,text
NIELIT_Campus_BOQ_p207_l30,42 10.30 Providing andfixing glass panes withputty andglazing clips insteel doors,NIELIT_Campus_BOQ,207,text
NIELIT_Campus_BOQ_p207_l31,", windows, celerestory windows, all complete with.",NIELIT_Campus_BOQ,207,text
NIELIT_Campus_BOQ_p208_l2,43 10.28 Providing and fixing stainless steel (grade 304 )railing made ofHollow,NIELIT_Campus_BOQ,208,text
NIELIT_Campus_BOQ_p208_l4,",polishing and making curvature (wherever required )and fitting the",NIELIT_Campus_BOQ,208,text
NIELIT_Campus_BOQ_p208_l5,"same with necessary stainless steel nuts and bolts complete ,I/cfixing",NIELIT_Campus_BOQ,208,text
NIELIT_Campus_BOQ_p208_l6,therailing with necessary accessories &stainless steel dash fasteners,NIELIT_Campus_BOQ,208,text
NIELIT_Campus_BOQ_p208_l7,",stainless steels bolts etc,ofrequired size ,onthetop ofthefloor or",NIELIT_Campus_BOQ,208,text
NIELIT_Campus_BOQ_p208_l8,the side ofwaist slab with suitable arrangment asper approval of,NIELIT_Campus_BOQ,208,text
NIELIT_Campus_BOQ_p208_l10,steel members shall beconsidered excluding fixing accesories such as,NIELIT_Campus_BOQ,208,text
NIELIT_Campus_BOQ_p208_l15,44 11.4 52mm thick cement concrete flooring with concrete hardener topping,NIELIT_Campus_BOQ,208,text
NIELIT_Campus_BOQ_p208_l16,under layer 40mmthick cement concrete 1:2:4 (1cement :2coarse sand:,NIELIT_Campus_BOQ,208,text
NIELIT_Campus_BOQ_p208_l17,4graded stone aggregate 20nominal size) and toplayer 12mmthick,NIELIT_Campus_BOQ,208,text
NIELIT_Campus_BOQ_p208_l18,cement hardener consisting ofmix1:2(1cement hardener mix: 2stone,NIELIT_Campus_BOQ,208,text
NIELIT_Campus_BOQ_p208_l19,aggregate 6mmnominal size) byvolume hardening compound ismixed @,NIELIT_Campus_BOQ,208,text
NIELIT_Campus_BOQ_p208_l20,2Ltrs per50kg.ofcement oraspermanufacturer specifications. This,NIELIT_Campus_BOQ,208,text
NIELIT_Campus_BOQ_p208_l21,"includes cost ofcement slurry, butexcluding thecost ofnosing ofsteps",NIELIT_Campus_BOQ,208,text
NIELIT_Campus_BOQ_p208_l23,45 11.6 Cement plaster skirting (upto 30cmheight) with cement mortar 1:3(1,NIELIT_Campus_BOQ,208,text
NIELIT_Campus_BOQ_p208_l24,cement: 3 coarse sand) finished with a floating coat of neat cement.,NIELIT_Campus_BOQ,208,text
NIELIT_Campus_BOQ_p208_l26,46 11.13 Providing & fixing glass strips in joints of terrazo/cement concrete floors.,NIELIT_Campus_BOQ,208,text
NIELIT_Campus_BOQ_p208_l27,a) 11.13.1 40 mm wide and 4 mm thick Mtr. 10.00 29.40 294.00FLOORING WORK,NIELIT_Campus_BOQ,208,text
NIELIT_Campus_BOQ_p209_l2,47 11.16 Precast terrazo tiles 22mmthick with graded marble chips ofsize upto 12,NIELIT_Campus_BOQ,209,text
NIELIT_Campus_BOQ_p209_l3,"mmlaidinfloors, andlandings, jointed with neat cement slurry mixed with",NIELIT_Campus_BOQ,209,text
NIELIT_Campus_BOQ_p209_l4,pigment tomatch theshade ofthetiles including rubbing and polishing,NIELIT_Campus_BOQ,209,text
NIELIT_Campus_BOQ_p209_l5,complete with precast tiles on20mmthick bed ofcement mortar 1:4(1,NIELIT_Campus_BOQ,209,text
NIELIT_Campus_BOQ_p209_l6,cewment: 4 coarse sand),NIELIT_Campus_BOQ,209,text
NIELIT_Campus_BOQ_p209_l7,a) 11.16.1 Light shade using white cement Sqm 60.00 769.35 46161.00,NIELIT_Campus_BOQ,209,text
NIELIT_Campus_BOQ_p209_l8,48 11.26 Kota stone slab flooring over 20mm(average) thick base laidover and,NIELIT_Campus_BOQ,209,text
NIELIT_Campus_BOQ_p209_l9,jointed with grey cement slurry mixed with pigment tomatch theshade of,NIELIT_Campus_BOQ,209,text
NIELIT_Campus_BOQ_p209_l10,theslab including rubbing and polishing complete with base ofcement,NIELIT_Campus_BOQ,209,text
NIELIT_Campus_BOQ_p209_l11,mortar 1:4 (1 cement: 4 coarse sand),NIELIT_Campus_BOQ,209,text
NIELIT_Campus_BOQ_p209_l13,"49 11.27 Kota stone slab 25mmthick inrisers ofsteps, skirting dado and pillars",NIELIT_Campus_BOQ,209,text
NIELIT_Campus_BOQ_p209_l14,laidon12mm(average) thick cement mortar 1:3(1cement :3coarse,NIELIT_Campus_BOQ,209,text
NIELIT_Campus_BOQ_p209_l15,sand) &jointed with grey cement slurry mixed with pigment tomatch the,NIELIT_Campus_BOQ,209,text
NIELIT_Campus_BOQ_p209_l16,shade of the slabs including rubbing and polishing complete.Sqm 40.00 954.10 38164.00,NIELIT_Campus_BOQ,209,text
NIELIT_Campus_BOQ_p209_l17,50 11.36 Providing &fixing Istquality ceramic glazed wall tiles conforming to,NIELIT_Campus_BOQ,209,text
NIELIT_Campus_BOQ_p209_l21,over 12mmthick bedofcement mortar 1:3(1cement :3coarse sand) and,NIELIT_Campus_BOQ,209,text
NIELIT_Campus_BOQ_p209_l22,jointing with grey cement slurry @3.3 Kgpersqm including pointing in,NIELIT_Campus_BOQ,209,text
NIELIT_Campus_BOQ_p209_l23,white cement mixed with pigment of matching shade complete.Sqm 50.00 724.25 36212.50,NIELIT_Campus_BOQ,209,text
NIELIT_Campus_BOQ_p209_l24,51 11.38 Providing &laying ceramics glazed floor tiles 300x300mm ormore,NIELIT_Campus_BOQ,209,text
NIELIT_Campus_BOQ_p209_l27,"Brown, laidon20mmthick cement mortar 1:4(1cement :4coarse sand)",NIELIT_Campus_BOQ,209,text
NIELIT_Campus_BOQ_p209_l28,including grouting thejoints with white cement andmatching pigments etc.,NIELIT_Campus_BOQ,209,text
NIELIT_Campus_BOQ_p210_l2,52 11.39 Providing &laying rectified glazed ceramics floor tiles 300x300mm ormore,NIELIT_Campus_BOQ,210,text
NIELIT_Campus_BOQ_p210_l5,"Brown, laidon20mmthick cement mortar 1:4(1cement :4coarse sand)",NIELIT_Campus_BOQ,210,text
NIELIT_Campus_BOQ_p210_l6,including grouting thejoints with white cement andmatching pigments etc.,NIELIT_Campus_BOQ,210,text
NIELIT_Campus_BOQ_p210_l10,54 NS Providing andlaying pioneer tiles including allaccessories ofapproved,NIELIT_Campus_BOQ,210,text
NIELIT_Campus_BOQ_p210_l15,55 12.21 Providing gola 75x75mm incement concrete 1:2:4 (1cement: 2coarse,NIELIT_Campus_BOQ,210,text
NIELIT_Campus_BOQ_p210_l16,sand: 4stone aggregate 10mm anddown gauge) including finishing with,NIELIT_Campus_BOQ,210,text
NIELIT_Campus_BOQ_p210_l17,cement mortar 1:3 (1 cement: 3 fine sand) as per standard design:,NIELIT_Campus_BOQ,210,text
NIELIT_Campus_BOQ_p210_l19,56 12.22 Making khuras 45x45cm with average minmum thickness of5cm cement,NIELIT_Campus_BOQ,210,text
NIELIT_Campus_BOQ_p210_l20,concrete 1:2:4 (1cement :2coarse sand: 4graded stone aggregate of20,NIELIT_Campus_BOQ,210,text
NIELIT_Campus_BOQ_p210_l21,"mmnominal size) over PVC sheet 1mx1mx400micron, finished with",NIELIT_Campus_BOQ,210,text
NIELIT_Campus_BOQ_p210_l22,12mm cement plaster 1:3(1cement: 3coarse sand) and acoat ofneat,NIELIT_Campus_BOQ,210,text
NIELIT_Campus_BOQ_p210_l23,cement rounding ofthe edges and making and finishing the outlet,NIELIT_Campus_BOQ,210,text
NIELIT_Campus_BOQ_p210_l26,S.C.I. rainwater pipes embedded inandincluding cement concrete blocks,NIELIT_Campus_BOQ,210,text
NIELIT_Campus_BOQ_p210_l27,10x10x10cmof1:2:4 mix(1cement:2 coarse sand :4graded stone,NIELIT_Campus_BOQ,210,text
NIELIT_Campus_BOQ_p210_l28,aggregate 20mmnominal size) andcost ofcutting holes andmaking good,NIELIT_Campus_BOQ,210,text
NIELIT_Campus_BOQ_p210_l29,the walls etc.,NIELIT_Campus_BOQ,210,text
NIELIT_Campus_BOQ_p210_l30,a) 12.38.2 For 150 mm dia pipe Each 10.00 121.80 1218.00ROOFING WORK,NIELIT_Campus_BOQ,210,text
NIELIT_Campus_BOQ_p211_l2,58 12.39 Providing lead caulked joints to sand cast iron rain water pipes and fittings:,NIELIT_Campus_BOQ,211,text
NIELIT_Campus_BOQ_p211_l3,a) 12.39.2 For 150 mm dia pipe Each 10.00 287.10 2871.00,NIELIT_Campus_BOQ,211,text
NIELIT_Campus_BOQ_p211_l4,59 12.40 Providing andfixing onwallface unplasticised-Rigid PVC rainwater pipes,NIELIT_Campus_BOQ,211,text
NIELIT_Campus_BOQ_p211_l9,60 12.42 Providing and fixing on wall face unplasticised- PVC moulded,NIELIT_Campus_BOQ,211,text
NIELIT_Campus_BOQ_p211_l10,fittings/accessories for unplasticised-Rigid PVC rain water pipes,NIELIT_Campus_BOQ,211,text
NIELIT_Campus_BOQ_p211_l19,61 12.43 Providing andfixing unplasticised- PVC pipe clips ofapproved design to,NIELIT_Campus_BOQ,211,text
NIELIT_Campus_BOQ_p211_l20,unplasticised-PVC rainwater pipes bymeans of50x50x50mm hard wood,NIELIT_Campus_BOQ,211,text
NIELIT_Campus_BOQ_p211_l21,"plugs, screwed with MSscrews ofrequired length including cutting brick",NIELIT_Campus_BOQ,211,text
NIELIT_Campus_BOQ_p211_l22,work andfixing incement mortar 1:4(1cement:4 coarse sand) andmaking,NIELIT_Campus_BOQ,211,text
NIELIT_Campus_BOQ_p211_l23,good the walls etc. complete.,NIELIT_Campus_BOQ,211,text
NIELIT_Campus_BOQ_p211_l25,62 12.44 Providing &fixing totheinlet mouth ofrain water pipe cast iron grating,NIELIT_Campus_BOQ,211,text
NIELIT_Campus_BOQ_p211_l29,63 13.4 12mm cement plaster of mix :,NIELIT_Campus_BOQ,211,text
NIELIT_Campus_BOQ_p211_l30,a) 13.4.2 1:6 (1 cement : 6 coarse sand ) Sqm 600.00 112.50 67500.00FINISHING:,NIELIT_Campus_BOQ,211,text
NIELIT_Campus_BOQ_p212_l2,64 13.7 12mm cement plaster finished with a floating coat of neat cement of mix :,NIELIT_Campus_BOQ,212,text
NIELIT_Campus_BOQ_p212_l3,a) 13.7.1 1:4 (1 cement : 4 fine sand ) Sqm 30.00 107.80 3234.00,NIELIT_Campus_BOQ,212,text
NIELIT_Campus_BOQ_p212_l4,65 13.12 18mmcement plaster intwocoats under layer 12mm thick cement plaster,NIELIT_Campus_BOQ,212,text
NIELIT_Campus_BOQ_p212_l5,1:5(1cement :5coarse sand) andatoplayer 6mm thick cement plaster,NIELIT_Campus_BOQ,212,text
NIELIT_Campus_BOQ_p212_l6,1:3 (1 cement: 3 coarse sand) finished rough with sponge.Sqm 100.00 123.50 12350.00,NIELIT_Campus_BOQ,212,text
NIELIT_Campus_BOQ_p212_l7,66 13.5 15mm cement plaster on rough side of single or half brick wall of mix:,NIELIT_Campus_BOQ,212,text
NIELIT_Campus_BOQ_p212_l8,a) 13.5.2 1:6 (1 cement : 6 Coarse sand ) Sqm 550.00 130.20 71610.00,NIELIT_Campus_BOQ,212,text
NIELIT_Campus_BOQ_p212_l9,67 13.16 6 mm cement plaster to ceiling of mix :,NIELIT_Campus_BOQ,212,text
NIELIT_Campus_BOQ_p212_l10,a) 13.16.1 1:3 (1 cement : 3 fine sand ) Sqm. 250.00 101.00 25250.00,NIELIT_Campus_BOQ,212,text
NIELIT_Campus_BOQ_p212_l11,68 13.26 Providing and applying plaster ofparis putty of2mm thickness over,NIELIT_Campus_BOQ,212,text
NIELIT_Campus_BOQ_p212_l12,plastered surface to prepare the surface even and smooth complete.Sqm. 1400.00 83.80 117320.00,NIELIT_Campus_BOQ,212,text
NIELIT_Campus_BOQ_p212_l15,70 13.41 Distempering with oilbound washable distemper ofapproved brand and,NIELIT_Campus_BOQ,212,text
NIELIT_Campus_BOQ_p212_l17,a) 13.41.1 New work (two ormore coats) over andincluding priming coat withcement,NIELIT_Campus_BOQ,212,text
NIELIT_Campus_BOQ_p212_l19,"71 13.47 Finishing walls with Premium Acrylic Smooth exterior paint with ""Silicone",NIELIT_Campus_BOQ,212,text
NIELIT_Campus_BOQ_p212_l22,base coat of water proofing cement paint applied @2.20kg/10sqm)Sqm 500.00 80.45 40225.00,NIELIT_Campus_BOQ,212,text
NIELIT_Campus_BOQ_p212_l23,72 13.60 Wall painting with plastic emulsion paint ofapproved brand and,NIELIT_Campus_BOQ,212,text
NIELIT_Campus_BOQ_p213_l2,73 13.45 Finishing walls with textured exterior paint of required shade,NIELIT_Campus_BOQ,213,text
NIELIT_Campus_BOQ_p213_l4,including base coat ofwater proofing cement paint applied @2.20 Kg./10,NIELIT_Campus_BOQ,213,text
NIELIT_Campus_BOQ_p213_l9,a) 13.61 Painting with synthetic enamel paint ofapproved brand andmanufacture,NIELIT_Campus_BOQ,213,text
NIELIT_Campus_BOQ_p213_l12,75 13.76 Forming groove ofuniform size from 12x12mm and25x15mm inplastered,NIELIT_Campus_BOQ,213,text
NIELIT_Campus_BOQ_p213_l15,and finishing thegroove complete asperspecifications and direction of,NIELIT_Campus_BOQ,213,text
NIELIT_Campus_BOQ_p213_l18,"76 22.5 Providing andlaying water proofing treatment insunken portion ofWCs,",NIELIT_Campus_BOQ,213,text
NIELIT_Campus_BOQ_p213_l19,bathrooms etc. byapplying cement slurry mixed with water proofing,NIELIT_Campus_BOQ,213,text
NIELIT_Campus_BOQ_p213_l20,cement comopund consisting ofapplying: a)First layer ofslurry ofcement,NIELIT_Campus_BOQ,213,text
NIELIT_Campus_BOQ_p213_l21,@0.488 kg./Sqm mixed with water proofing cement comound @0.253,NIELIT_Campus_BOQ,213,text
NIELIT_Campus_BOQ_p213_l23,ofslurry ofcement @0.242 kg./Sqm mixed with water proofing cement,NIELIT_Campus_BOQ,213,text
NIELIT_Campus_BOQ_p213_l27,junctions of pipes and masonary with polymer mixed slurry.Sqm 15.00 215.15 3227.25WATER PROOFING:,NIELIT_Campus_BOQ,213,text
NIELIT_Campus_BOQ_p214_l2,77 22.7 Providing and laying integral cement based water proofing treatment,NIELIT_Campus_BOQ,214,text
NIELIT_Campus_BOQ_p214_l5,grouting aslurry coat ofneat cement using 2.75 kg./Sqm ofcement,NIELIT_Campus_BOQ,214,text
NIELIT_Campus_BOQ_p214_l6,admixed with water proofing compound conforming toIS:2645 and,NIELIT_Campus_BOQ,214,text
NIELIT_Campus_BOQ_p214_l7,approved byEngineer-In-Charge over theRCC slab including adjoining,NIELIT_Campus_BOQ,214,text
NIELIT_Campus_BOQ_p214_l8,walls upto 300mm height including cleaning thesurface before treatment.,NIELIT_Campus_BOQ,214,text
NIELIT_Campus_BOQ_p214_l9,b)Laying brick bats with mortar using broken bricks/brick bats 25mm to,NIELIT_Campus_BOQ,214,text
NIELIT_Campus_BOQ_p214_l10,115mm size with 50% ofcement mortar 1:5(1cement :5coarse sand),NIELIT_Campus_BOQ,214,text
NIELIT_Campus_BOQ_p214_l11,admixed with water proofing cement compound conforming toIS:2645 and,NIELIT_Campus_BOQ,214,text
NIELIT_Campus_BOQ_p214_l12,approved byEngineer-In-Charge over 20mm thick layer ofcement mortar,NIELIT_Campus_BOQ,214,text
NIELIT_Campus_BOQ_p214_l13,ofmix 1:5(1cement: 5coarse sand) admixed with water proofing,NIELIT_Campus_BOQ,214,text
NIELIT_Campus_BOQ_p214_l15,Charge torequired slope &treating similarly theadjoining walls upto 300,NIELIT_Campus_BOQ,214,text
NIELIT_Campus_BOQ_p214_l16,mm height including rounding of junctions of walls and slabs.,NIELIT_Campus_BOQ,214,text
NIELIT_Campus_BOQ_p214_l17,c)After twodays ofproper curing applying asecond coat ofcement slurry,NIELIT_Campus_BOQ,214,text
NIELIT_Campus_BOQ_p214_l18,using 2.75 kg./sqm ofcement admixed with water proofing comopound,NIELIT_Campus_BOQ,214,text
NIELIT_Campus_BOQ_p214_l20,Finishing thesurface with20mm thick jointless cement mortar ofmix1:4(1,NIELIT_Campus_BOQ,214,text
NIELIT_Campus_BOQ_p214_l21,cement :4coarse sand) admixed with water proofing compound,NIELIT_Campus_BOQ,214,text
NIELIT_Campus_BOQ_p214_l23,laying glass fibre cloth ofapproved quality intoplayer ofplaster andfinally,NIELIT_Campus_BOQ,214,text
NIELIT_Campus_BOQ_p214_l24,finishing thesurface with trowel with neat cement slurry and making,NIELIT_Campus_BOQ,214,text
NIELIT_Campus_BOQ_p215_l2,1 SANITARY FIXTURES 71322.15,NIELIT_Campus_BOQ,215,text
NIELIT_Campus_BOQ_p215_l3,"2 SOIL, WASTE VENT PIPE 64596.00",NIELIT_Campus_BOQ,215,text
NIELIT_Campus_BOQ_p215_l5,4 DRAINAGE(SEWERAGE) 70597.00,NIELIT_Campus_BOQ,215,text
NIELIT_Campus_BOQ_p216_l4,"100mm sand cast ironPorStrap, 10litres lowlevel white PVC flushing cistern",NIELIT_Campus_BOQ,216,text
NIELIT_Campus_BOQ_p216_l6,"fittings &fixtures conpletes,including cutting andmaking good thewalls andfloors",NIELIT_Campus_BOQ,216,text
NIELIT_Campus_BOQ_p216_l12,"viterous china flushing cistern &C.P. flush bend with fittings and C.I.brackets,",NIELIT_Campus_BOQ,216,text
NIELIT_Campus_BOQ_p216_l14,mosquito proof coupling ofapproved municipal design complete including painting,NIELIT_Campus_BOQ,216,text
NIELIT_Campus_BOQ_p216_l15,"offittings and brackets, cutting &making good thewalls and floors wherever",NIELIT_Campus_BOQ,216,text
NIELIT_Campus_BOQ_p216_l19,"32mm CPbrass waste ofstandard pattern, including painting offittings and",NIELIT_Campus_BOQ,216,text
NIELIT_Campus_BOQ_p216_l20,"brackets cutting & making good the walls, wherever required",NIELIT_Campus_BOQ,216,text
NIELIT_Campus_BOQ_p216_l23,4 17.10 Providing andfixing stainless steel AISI:304(18/8) kitchen sink asperIS:13983,NIELIT_Campus_BOQ,216,text
NIELIT_Campus_BOQ_p216_l24,with CIbrackets and stainless steel plug 40mm including painting offittings &,NIELIT_Campus_BOQ,216,text
NIELIT_Campus_BOQ_p216_l25,"brackets, cutting and making good the walls wherever required.",NIELIT_Campus_BOQ,216,text
NIELIT_Campus_BOQ_p216_l26,17.10.1 Kitchen sink with drain boardNAME OF THE PROJECT :CONSTN. OF TYPE -III QUARTERS,NIELIT_Campus_BOQ,216,text
NIELIT_Campus_BOQ_p216_l27,NAME OF WORK: DETAILED COST ESTIMATE OF TYPE - I & III QUARTERS ( INTERNAL PLUMBING WORKS),NIELIT_Campus_BOQ,216,text
NIELIT_Campus_BOQ_p216_l28,SANITARY FIXTURE:,NIELIT_Campus_BOQ,216,text
NIELIT_Campus_BOQ_p217_l3,5 17.28 Providing &fixing PVC waste pipe forsink orwash basin including PVC waste,NIELIT_Campus_BOQ,217,text
NIELIT_Campus_BOQ_p217_l4,fittings complete,NIELIT_Campus_BOQ,217,text
NIELIT_Campus_BOQ_p217_l5,17.28.1 Semi rigid pipe,NIELIT_Campus_BOQ,217,text
NIELIT_Campus_BOQ_p217_l12,TOTAL FOR SCHEDULE TIEMS(SANITARY FIXTURE) 71322.15,NIELIT_Campus_BOQ,217,text
NIELIT_Campus_BOQ_p217_l14,"8 17.35 Providing and fixing soil, waste vent pipes",NIELIT_Campus_BOQ,217,text
NIELIT_Campus_BOQ_p217_l16,17.35.1.2 Centrifugally cast (spun) iron socketed pipe as per IS:3989.S&S pipe Mtr 20.00 857.30 17146.00,NIELIT_Campus_BOQ,217,text
NIELIT_Campus_BOQ_p217_l18,17.35.2.2 Centrifugally cast (spun) iron socketed pipe as per IS:3989. Mtr 15.00 744.50 11168.00,NIELIT_Campus_BOQ,217,text
NIELIT_Campus_BOQ_p217_l19,9 17.37 Providing and fixing MSholder-bat clamps ofapproved design toSand Cast,NIELIT_Campus_BOQ,217,text
NIELIT_Campus_BOQ_p217_l20,iron/cast iron (spun) pipe embedded inand including cement concrete blocks,NIELIT_Campus_BOQ,217,text
NIELIT_Campus_BOQ_p217_l21,10x10x10 cmof1:2:4 mix(1cement: 2coarse sand :4graded stone aggregate,NIELIT_Campus_BOQ,217,text
NIELIT_Campus_BOQ_p217_l22,20mm nominal size) including cost of cutting holes and making good the walls etc.,NIELIT_Campus_BOQ,217,text
NIELIT_Campus_BOQ_p217_l23,17.37.1 For 100mm dia pipe Each 9 112.50 1031.00,NIELIT_Campus_BOQ,217,text
NIELIT_Campus_BOQ_p217_l24,17.37.2 For 75mm dia pipe Each 7 110.15 780.00SOIL WASTE VENT PIPES AND FITTINGS:,NIELIT_Campus_BOQ,217,text
NIELIT_Campus_BOQ_p218_l2,10 17.38 Providing and fixing bend ofrequired degree with access door insertion rubber,NIELIT_Campus_BOQ,218,text
NIELIT_Campus_BOQ_p218_l5,17.38.1.2 Sand Cast iron S&S as per IS-3989 Each 1.00 353.25 353.00,NIELIT_Campus_BOQ,218,text
NIELIT_Campus_BOQ_p218_l7,17.38.2.2 Sand Cast iron S&S as per IS-3989 Each 1.00 281.15 281.00,NIELIT_Campus_BOQ,218,text
NIELIT_Campus_BOQ_p218_l10,17.39.1.2 Sand Cast iron S&S as per IS-3989 Each 1.00 296.35 296.00,NIELIT_Campus_BOQ,218,text
NIELIT_Campus_BOQ_p218_l12,17.39.2.2 Sand Cast iron S&S as per IS-3989 Each 1.00 221.95 222.00,NIELIT_Campus_BOQ,218,text
NIELIT_Campus_BOQ_p218_l15,17.56.1.2 Sand Cast iron S&S as per IS-3989 Each 1.00 244.10 244.00,NIELIT_Campus_BOQ,218,text
NIELIT_Campus_BOQ_p218_l17,17.56.2.2 Sand Cast iron S&S as per IS-3989 Each 1.00 221.95 222.00,NIELIT_Campus_BOQ,218,text
NIELIT_Campus_BOQ_p218_l20,17.57.1.2 Sand Cast iron S&S as per IS-3989 Each 14 238.25 3404.00,NIELIT_Campus_BOQ,218,text
NIELIT_Campus_BOQ_p218_l22,17.57.2.2 Sand Cast iron S&S as per IS-3989 Each 11 169.25 1813.00,NIELIT_Campus_BOQ,218,text
NIELIT_Campus_BOQ_p218_l23,14 17.58 Providing lead caulked joints tosand cast iron/centrifugally cast (spun) ironpipes,NIELIT_Campus_BOQ,218,text
NIELIT_Campus_BOQ_p218_l24,& fittings of dia,NIELIT_Campus_BOQ,218,text
NIELIT_Campus_BOQ_p219_l6,good the walls and floors.,NIELIT_Campus_BOQ,219,text
NIELIT_Campus_BOQ_p219_l8,17.60.2.1 Sand Cast iron S&S as per IS-3989 Each 15.00 838.85 12583.00,NIELIT_Campus_BOQ,219,text
NIELIT_Campus_BOQ_p219_l9,16 17.61 Cutting chases inbrick masonry walls forfollowing diameter sand cast,NIELIT_Campus_BOQ,219,text
NIELIT_Campus_BOQ_p219_l10,iron/centrifugally cast (spun) ironpipes andmaking good thesame with cement,NIELIT_Campus_BOQ,219,text
NIELIT_Campus_BOQ_p219_l11,concrete 1:3:6 (1cement: 3coarse sand: 6graded stone aggregate 12.5mm,NIELIT_Campus_BOQ,219,text
NIELIT_Campus_BOQ_p219_l12,nominal size) including necessary plaster and painting incement mortar 1:4(1,NIELIT_Campus_BOQ,219,text
NIELIT_Campus_BOQ_p219_l13,cement: 4 coarse sand).,NIELIT_Campus_BOQ,219,text
NIELIT_Campus_BOQ_p219_l16,"17 17.65 Painting sand cast iron/centrifugally cast (spun) iron soil, waste vent pipes and",NIELIT_Campus_BOQ,219,text
NIELIT_Campus_BOQ_p219_l17,fittings with paint ofanycolour such aschocolate grey orbuffetc.over acoat of,NIELIT_Campus_BOQ,219,text
NIELIT_Campus_BOQ_p219_l19,a) 17.65.1 a) 100mm dia meter pipe Mtr 22.00 28.75 633.00,NIELIT_Campus_BOQ,219,text
NIELIT_Campus_BOQ_p219_l20,b) 17.65.2 b) 75mm dia meter pipe Mtr 17.00 22.00 374.00,NIELIT_Campus_BOQ,219,text
NIELIT_Campus_BOQ_p219_l23,SCHEDULE ITEMSTOTAL FOR SCHEDULE ITEMS(SOIL WASTE VENT PIPES & FITTINGS),NIELIT_Campus_BOQ,219,text
NIELIT_Campus_BOQ_p220_l3,pressure pipes conforming toIS-15450 U.V. stabilized with carbon black having,NIELIT_Campus_BOQ,220,text
NIELIT_Campus_BOQ_p220_l5,upto 80deg. Cincluding allspecial fittings ofcomposite material (engineering,NIELIT_Campus_BOQ,220,text
NIELIT_Campus_BOQ_p220_l9,Internal work -Exposed on wall,NIELIT_Campus_BOQ,220,text
NIELIT_Campus_BOQ_p220_l10,18.1.2 1620(16mm OD )pipe Mtr 25.00 224.55 5613.75,NIELIT_Campus_BOQ,220,text
NIELIT_Campus_BOQ_p220_l11,18.1.3 2025(16mm OD )pipe Mtr 20.00 277.95 5559.00,NIELIT_Campus_BOQ,220,text
NIELIT_Campus_BOQ_p220_l13,pressure pipes conforming toIS-15450 U.V. stabilized with carbon black having,NIELIT_Campus_BOQ,220,text
NIELIT_Campus_BOQ_p220_l15,upto 80deg. Cincluding allspecial fittings ofcomposite material (engineering,NIELIT_Campus_BOQ,220,text
NIELIT_Campus_BOQ_p220_l20,Concealed installation including cutting chases and making good thewalls,NIELIT_Campus_BOQ,220,text
NIELIT_Campus_BOQ_p220_l22,18.2.1 1216 ( 16mm OD) pipe Mtr 20 297.95 5959.00,NIELIT_Campus_BOQ,220,text
NIELIT_Campus_BOQ_p220_l24,pressure pipes conforming toIS-15450-2004 U.V. stabilized with carbon black,NIELIT_Campus_BOQ,220,text
NIELIT_Campus_BOQ_p220_l26,temperature upto 80deg. Cincluding allspecial fittings ofcomposite material,NIELIT_Campus_BOQ,220,text
NIELIT_Campus_BOQ_p220_l28,"reducers, couplers &connectors etc.with trenching,refilling and testing ofjoints",NIELIT_Campus_BOQ,220,text
NIELIT_Campus_BOQ_p220_l31,18.3.3 2025 ( 25mm OD) Pipe Mtr 12 261.20 3134.40,NIELIT_Campus_BOQ,220,text
NIELIT_Campus_BOQ_p221_l2,18.3.4 2532 ( 32mm OD) Pipe Mtr 15 336.70 5050.50,NIELIT_Campus_BOQ,221,text
NIELIT_Campus_BOQ_p221_l3,21 18.12 Providing and fixing GIpipes complete with GIfittings including trenching &,NIELIT_Campus_BOQ,221,text
NIELIT_Campus_BOQ_p221_l4,refilling etc.,NIELIT_Campus_BOQ,221,text
NIELIT_Campus_BOQ_p221_l8,"providing & fixing tee, including cutting and threading the pipe etc. complete.",NIELIT_Campus_BOQ,221,text
NIELIT_Campus_BOQ_p222_l3,27 18.41 Providing &fitting sand ofgrading zone Vorcoarser grade alround theGIpipes in,NIELIT_Campus_BOQ,222,text
NIELIT_Campus_BOQ_p222_l5,18.41.3 25mm diameter pipe Mtr 1 56.95 56.95,NIELIT_Campus_BOQ,222,text
NIELIT_Campus_BOQ_p222_l6,28 18.27 Providing &laying S&S centrifugally cast (spun) ironpipes (Class LA)confirming,NIELIT_Campus_BOQ,222,text
NIELIT_Campus_BOQ_p222_l8,18.27.3 100mm dia pipe Mtrs 40.00 1476.70 59068.00,NIELIT_Campus_BOQ,222,text
NIELIT_Campus_BOQ_p222_l19,31 NS Providing and fixing CI cover with frame for RCC UGT / OHT,NIELIT_Campus_BOQ,222,text
NIELIT_Campus_BOQ_p223_l2,32 NS Providing and fixing monoblock centrifugal pumping setwith gun metal impeller,NIELIT_Campus_BOQ,223,text
NIELIT_Campus_BOQ_p223_l3,with totally enclosed fan colled squirrel cage induction motor capable of,NIELIT_Campus_BOQ,223,text
NIELIT_Campus_BOQ_p223_l5,"guage, base plate priming arrangement, withwiring, panel &equipments forwater",NIELIT_Campus_BOQ,223,text
NIELIT_Campus_BOQ_p223_l6,level controller tostart /stop thepump automatically with protection fordryrun,NIELIT_Campus_BOQ,223,text
NIELIT_Campus_BOQ_p223_l8,33 NS Providing and placing onterrace (atallfloor levels) polyethylene water storage,NIELIT_Campus_BOQ,223,text
NIELIT_Campus_BOQ_p223_l9,tank IS:12701 marked with cover &suitable locking arrangement and making,NIELIT_Campus_BOQ,223,text
NIELIT_Campus_BOQ_p223_l10,"necessary holes forinlet, outlet &overflow pipes butwithout fittings andthebase",NIELIT_Campus_BOQ,223,text
NIELIT_Campus_BOQ_p223_l11,support for tank.,NIELIT_Campus_BOQ,223,text
NIELIT_Campus_BOQ_p223_l16,D) SEWERAGE (INTERNAL):,NIELIT_Campus_BOQ,223,text
NIELIT_Campus_BOQ_p223_l17,"35 19.1 Providing, laying &jointing glazed stoneware pipes grade 'A'with stiffmixture of",NIELIT_Campus_BOQ,223,text
NIELIT_Campus_BOQ_p223_l18,cement mortar inthe proportion of1:1 (1cement :1fine sand) including,NIELIT_Campus_BOQ,223,text
NIELIT_Campus_BOQ_p223_l21,36 19.2 Providing and laying cement concrete 1:5:10 (1cement: 5coarse sand :10,NIELIT_Campus_BOQ,223,text
NIELIT_Campus_BOQ_p223_l22,graded stone aggregate 40mm nominal size) alround SW pipes including bed,NIELIT_Campus_BOQ,223,text
NIELIT_Campus_BOQ_p223_l23,concrete as per standard design.,NIELIT_Campus_BOQ,223,text
NIELIT_Campus_BOQ_p223_l24,a) 19.2.1 100 mm dia RCC pipe Mtr 10.00 496.90 4969.00,NIELIT_Campus_BOQ,223,text
NIELIT_Campus_BOQ_p223_l26,grating brick masonry chamber with water tight CICover with frame of,NIELIT_Campus_BOQ,223,text
NIELIT_Campus_BOQ_p224_l3,19.4.1.1 With FPS bricks class designation 75. Each 4.00 1256.35 5025.00,NIELIT_Campus_BOQ,224,text
NIELIT_Campus_BOQ_p224_l4,38 19.6 Providing andlaying non-pressure NP2 class (light duty) RCC pipes with collars,NIELIT_Campus_BOQ,224,text
NIELIT_Campus_BOQ_p224_l5,jointed with stiffmixture ofcement mortar intheproportion of1:2(1cement :2,NIELIT_Campus_BOQ,224,text
NIELIT_Campus_BOQ_p224_l6,fine sand) including testing of the joints etc. complete.,NIELIT_Campus_BOQ,224,text
NIELIT_Campus_BOQ_p224_l7,19.6.1 100 mm dia RCC pipe Mtr 50.00 218.35 10918.00,NIELIT_Campus_BOQ,224,text
NIELIT_Campus_BOQ_p224_l8,39 19.7 Constructing brick masonary manhole incement mortar 1:4(1cement: 4coarse,NIELIT_Campus_BOQ,224,text
NIELIT_Campus_BOQ_p224_l9,sand) RCC topslab with 1:2:4 mix(1cement: 2coarse sand: 4graded stone,NIELIT_Campus_BOQ,224,text
NIELIT_Campus_BOQ_p224_l10,"aggregate 20mm nominal size), fondation concrete 1:4:8 (1cement: 4coarse",NIELIT_Campus_BOQ,224,text
NIELIT_Campus_BOQ_p224_l11,sand: 8graded stone aggregate 40mm nominal size) inside plastering 12mm,NIELIT_Campus_BOQ,224,text
NIELIT_Campus_BOQ_p224_l12,thick withcement mortar 1:3(1cement: 3coarse sand) finished withfloating coat,NIELIT_Campus_BOQ,224,text
NIELIT_Campus_BOQ_p224_l13,ofneat cement and making channels incement concrete 1:2:4 (1cement: 2,NIELIT_Campus_BOQ,224,text
NIELIT_Campus_BOQ_p224_l14,coarse sand: 4graded stone aggregated 20mm nominal size) finished with a,NIELIT_Campus_BOQ,224,text
NIELIT_Campus_BOQ_p224_l15,floating coat of neat cement complete as per standard design.,NIELIT_Campus_BOQ,224,text
NIELIT_Campus_BOQ_p224_l19,19.7.1.1 With FPS bricks with class designation 75 Each 6.00 7132.00 42792.00,NIELIT_Campus_BOQ,224,text
NIELIT_Campus_BOQ_p224_l21,encapsulated asperIS:10910 on12mm diasteel bar comforming toIS:1786,NIELIT_Campus_BOQ,224,text
NIELIT_Campus_BOQ_p224_l28,"visible even after fixing, including fixing inmanholes with 30x20x15cm cement",NIELIT_Campus_BOQ,224,text
NIELIT_Campus_BOQ_p224_l29,concrete block 1:3:6 (1cement :3coarse sand :6graded stone aggregate,NIELIT_Campus_BOQ,224,text
NIELIT_Campus_BOQ_p225_l3,E) EARTH WORK( INTERNAL PLUMBING WORK),NIELIT_Campus_BOQ,225,text
NIELIT_Campus_BOQ_p225_l9,"42 2.10 Excavating trenches ofrequired width forpipes, cables, etc.including excavation",NIELIT_Campus_BOQ,225,text
NIELIT_Campus_BOQ_p225_l16,"2.10.1.2 Pipes, cables etc. exceeding 80mm dia but not exceeding 300mm dia Mtr 60.00 165.60 9936.00",NIELIT_Campus_BOQ,225,text
NIELIT_Campus_BOQ_p225_l17,"43 2.25 Filling available excavted earth (excluding rock) intrenches, plinth sides of",NIELIT_Campus_BOQ,225,text
NIELIT_Campus_BOQ_p225_l18,foundations etc. inlayet notexceeding 20cmindepth consolidation earth,NIELIT_Campus_BOQ,225,text
NIELIT_Campus_BOQ_p226_l1,"1 INTERNAL ELECTRICAL, 370269.50 70950.66",NIELIT_Campus_BOQ,226,text
NIELIT_Campus_BOQ_p227_l2,1 1.10 Wiring forlight point/ fanpoint/ exhaust fanpoint/ callbellpoint with 1.5sq.mm FRPVC insulated,NIELIT_Campus_BOQ,227,text
NIELIT_Campus_BOQ_p227_l3,"copper conductor single core cable insurface /recessed medium class PVC conduit, with modular",NIELIT_Campus_BOQ,227,text
NIELIT_Campus_BOQ_p227_l7,2 1.11 Wiring fortwin control light point with 1.5sq.mm FRPVC insulated copper conductor single core cable,NIELIT_Campus_BOQ,227,text
NIELIT_Campus_BOQ_p227_l8,"insurface /recessed medium class PVC conduit, 2waymodular switch, modular plate, suitable GIbox",NIELIT_Campus_BOQ,227,text
NIELIT_Campus_BOQ_p227_l11,"3 1.12 Wiring forlight/power plug with 2x4Sq.mm FRPVC insulated, copper conductor, single core cable in",NIELIT_Campus_BOQ,227,text
NIELIT_Campus_BOQ_p227_l12,surface/recessed PVC conduit alongwith 1No.4Sq.mm FRPVC insulated copper conductor single,NIELIT_Campus_BOQ,227,text
NIELIT_Campus_BOQ_p227_l14,"4 1.13 Wiring forlight/power plug with 4x4Sq.mm FRPVC insulated, copper conductor, single core cable in",NIELIT_Campus_BOQ,227,text
NIELIT_Campus_BOQ_p227_l15,surface/recessed PVC conduit alongwith 2Nos. 4Sq.mm FRPVC insulated copper conductor single,NIELIT_Campus_BOQ,227,text
NIELIT_Campus_BOQ_p227_l17,5 1.14 Wiring forcircuit/sub main wiring alongwith earth wire with thefollowing sizes ofPVC insulated copper,NIELIT_Campus_BOQ,227,text
NIELIT_Campus_BOQ_p227_l18,"conductor, single core cable in surface/recessed PVC conduit as required.",NIELIT_Campus_BOQ,227,text
NIELIT_Campus_BOQ_p227_l19,a) 1.14.1 2x1.5 Sqmm + 1x1.5 Sq.mm (For circuit wiring) Metre 160 107.00 17120.00,NIELIT_Campus_BOQ,227,text
NIELIT_Campus_BOQ_p227_l20,b) 1.14.4 2x6 Sqmm + 1x6 Sq.mm (For A/C wiring) Metre 40 206.00 8240.00,NIELIT_Campus_BOQ,227,text
NIELIT_Campus_BOQ_p227_l21,c) 1.14.11 4x10 Sqmm + 2x10 Sq.mm (For sub-main wiring) Metre 40 562.00 22480.00,NIELIT_Campus_BOQ,227,text
NIELIT_Campus_BOQ_p227_l24,surface/recessed steel/PVC conduit as required.Metre 30 22.00 660.00NATIONAL BUILDINGS CONSTRUCTION CORPORATION LIMITED,NIELIT_Campus_BOQ,227,text
NIELIT_Campus_BOQ_p227_l27,"NAME OF WORK : PROVIDING INTERNAL ELECTRICAL INSTALLATIONS IN TYPE -I QTRs AT NEILET, AGARTALA",NIELIT_Campus_BOQ,227,text
NIELIT_Campus_BOQ_p228_l1,7 1.20 Supplying and fixing offollowing sizes ofsteel conduit along with accessories insurface/recess,NIELIT_Campus_BOQ,228,text
NIELIT_Campus_BOQ_p228_l2,"including painting incase ofsurface conduit, orcutting thewallandmaking good thesame incase of",NIELIT_Campus_BOQ,228,text
NIELIT_Campus_BOQ_p228_l3,recessed conduit as required.,NIELIT_Campus_BOQ,228,text
NIELIT_Campus_BOQ_p228_l7,size phenolic laminated sheet cover in front including painting etc. as required.,NIELIT_Campus_BOQ,228,text
NIELIT_Campus_BOQ_p229_l2,"16 1.41 Installation, testing and commissioning ofprewired fluorescent fitting/compact fluorescent fitting ofall",NIELIT_Campus_BOQ,229,text
NIELIT_Campus_BOQ_p229_l3,"types, complete with allaccessories and tubes etc. directly onceiling/wall including connection 1.5",NIELIT_Campus_BOQ,229,text
NIELIT_Campus_BOQ_p229_l5,"17 1.44 Installation, testing andcommissioning ofceiling fan,including wiring thedown rods ofstandard length",NIELIT_Campus_BOQ,229,text
NIELIT_Campus_BOQ_p229_l7,18 1.49 Numbering of ceiling fan/exhaust fan/ fluorescent fittings as required. Each 10 19.50 195.00,NIELIT_Campus_BOQ,229,text
NIELIT_Campus_BOQ_p229_l11,"20 2.3 Supplying and fixing following way, single pole and neutral, sheet steel, MCB distribution board, 240",NIELIT_Campus_BOQ,229,text
NIELIT_Campus_BOQ_p229_l13,"interconnections, powder painted including earthing etc. as required. (But without MCB/RCCB/Isolator ) a) 2.3.1 2 + 4 way, Single door Each 4 473.00 1892.00",NIELIT_Campus_BOQ,229,text
NIELIT_Campus_BOQ_p229_l20,"current circuit breaker (RCCB), having asensitivity current upto 300 mAintheexisting MCB DB",NIELIT_Campus_BOQ,229,text
NIELIT_Campus_BOQ_p229_l25,"enclosed plug topalongwith 20amps ""C""curve, SP,MCB, insheet steel enclosure, onsurface orin",NIELIT_Campus_BOQ,229,text
NIELIT_Campus_BOQ_p229_l28,"25 5.2 Earthing with GIearth pipe 4.5mlong, 40mm diaincluding accessories, and providing masonary",NIELIT_Campus_BOQ,229,text
NIELIT_Campus_BOQ_p229_l29,enclosure with cover plate having locking arrangement andwatering pipe etc.with charcoal /coke and,NIELIT_Campus_BOQ,229,text
NIELIT_Campus_BOQ_p230_l5,surface/ recessed conduit/ submain wiring/ cable as required.Metre 19 19.50 371.00,NIELIT_Campus_BOQ,230,text
NIELIT_Campus_BOQ_p230_l8,28 NS Supplying of Ding bell fittings complete with all standard accessories Each 2 82.76 166.00,NIELIT_Campus_BOQ,230,text
NIELIT_Campus_BOQ_p230_l9,29 NSSupplying oflight fittings complete with allstandard accessories without starter &T5Lamp ofthe,NIELIT_Campus_BOQ,230,text
NIELIT_Campus_BOQ_p230_l11,a)1x28 WFl.Fitting asperBajaj Product. NoBLPR 128 with lamp orsimilar specification ofother,NIELIT_Campus_BOQ,230,text
NIELIT_Campus_BOQ_p230_l21,"of1.6mmthick sheet duly powder coated, integrated loose wire box, complete with Incomer MCCB,",NIELIT_Campus_BOQ,230,text
NIELIT_Campus_BOQ_p230_l24,chamber as required.,NIELIT_Campus_BOQ,230,text
NIELIT_Campus_BOQ_p231_l2,1 1.10 Wiring forlight point/ fanpoint/ exhaust fanpoint/ callbellpoint with1.5sq.mm FRPVC insulated,NIELIT_Campus_BOQ,231,text
NIELIT_Campus_BOQ_p231_l3,"copper conductor single core cable insurface /recessed medium class PVC conduit, with",NIELIT_Campus_BOQ,231,text
NIELIT_Campus_BOQ_p231_l7,2 1.11 Wiring fortwin control light point with 1.5sq.mm FRPVC insulated copper conductor single core,NIELIT_Campus_BOQ,231,text
NIELIT_Campus_BOQ_p231_l8,"cable insurface /recessed medium class PVC conduit, 2way modular switch, modular plate,",NIELIT_Campus_BOQ,231,text
NIELIT_Campus_BOQ_p231_l11,"3 1.12 Wiring forlight/power plug with 2x4Sq.mm FRPVC insulated, copper conductor, single core",NIELIT_Campus_BOQ,231,text
NIELIT_Campus_BOQ_p231_l12,cable insurface/recessed PVC conduit alongwith 1No.4Sq.mm FRPVC insulated copper,NIELIT_Campus_BOQ,231,text
NIELIT_Campus_BOQ_p231_l14,"4 1.13 Wiring forlight/power plug with 4x4Sq.mm FRPVC insulated, copper conductor, single core",NIELIT_Campus_BOQ,231,text
NIELIT_Campus_BOQ_p231_l15,cable insurface/recessed PVC conduit alongwith 2Nos. 4Sq.mm FRPVC insulated copper,NIELIT_Campus_BOQ,231,text
NIELIT_Campus_BOQ_p231_l17,5 1.14 Wiring forcircuit/sub main wiring alongwith earth wire with thefollowing sizes ofPVC insulated,NIELIT_Campus_BOQ,231,text
NIELIT_Campus_BOQ_p231_l18,"copper conductor, single core cable in surface/recessed PVC conduit as required.",NIELIT_Campus_BOQ,231,text
NIELIT_Campus_BOQ_p231_l19,a) 1.14.1 2x1.5 Sqmm + 1x1.5 Sq.mm (For circuit wiring) Metre 300 107.00 32100.00,NIELIT_Campus_BOQ,231,text
NIELIT_Campus_BOQ_p231_l26,surface/recessed steel/PVC conduit as required.Metre 30 22.00 660.00NATIONAL BUILDINGS CONSTRUCTION CORPORATION LIMITED,NIELIT_Campus_BOQ,231,text
NIELIT_Campus_BOQ_p231_l29,"NAME OF WORK : PROVIDING INTERNAL ELECTRICAL INSTALLATIONS IN TYPE -III QTRs AT NEILET, AGARTALA",NIELIT_Campus_BOQ,231,text
NIELIT_Campus_BOQ_p232_l1,7 1.21 Supplying andfixing offollowing sizes ofmedium class PVC conduit along with accessories in,NIELIT_Campus_BOQ,232,text
NIELIT_Campus_BOQ_p232_l2,surface/recess including cutting thewallandmaking good thesame incase ofrecessed conduit,NIELIT_Campus_BOQ,232,text
NIELIT_Campus_BOQ_p232_l7,suitable size phenolic laminated sheet cover in front including painting etc. as required.,NIELIT_Campus_BOQ,232,text
NIELIT_Campus_BOQ_p232_l30,"16 1.41 Installation, testing andcommissioning ofprewired fluorescent fitting/compact fluorescent fitting",NIELIT_Campus_BOQ,232,text
NIELIT_Campus_BOQ_p232_l31,"ofalltypes, complete with allaccessories and tubes etc. directly onceiling/wall including",NIELIT_Campus_BOQ,232,text
NIELIT_Campus_BOQ_p233_l1,"17 1.44 Installation, testing andcommissioning ofceiling fan,including wiring thedown rods ofstandard",NIELIT_Campus_BOQ,233,text
NIELIT_Campus_BOQ_p233_l4,18 1.49 Numbering of ceiling fan/exhaust fan/ fluorescent fittings as required. Each 20 19.50 390.00,NIELIT_Campus_BOQ,233,text
NIELIT_Campus_BOQ_p233_l8,"20 2.3 Supplying andfixing following way, single pole andneutral, sheet steel, MCB distribution board,",NIELIT_Campus_BOQ,233,text
NIELIT_Campus_BOQ_p233_l10,"bar, interconnections, powder painted including earthing etc. asrequired. (But without",NIELIT_Campus_BOQ,233,text
NIELIT_Campus_BOQ_p233_l11,MCB/RCCB/Isolator),NIELIT_Campus_BOQ,233,text
NIELIT_Campus_BOQ_p233_l12,"a) 2.3.2 2 + 6 way, Single door Each 2 513.00 1026.00",NIELIT_Campus_BOQ,233,text
NIELIT_Campus_BOQ_p233_l13,"b) 2.3.3 2 + 8 way, Single door Each 2 553.00 1106.00",NIELIT_Campus_BOQ,233,text
NIELIT_Campus_BOQ_p233_l20,"current circuit breaker (RCCB), having asensitivity current upto 300mAintheexisting MCB DB",NIELIT_Campus_BOQ,233,text
NIELIT_Campus_BOQ_p233_l25,"metal enclosed plug topalongwith 20amps ""C""curve, SP,MCB, insheet steel enclosure, on",NIELIT_Campus_BOQ,233,text
NIELIT_Campus_BOQ_p233_l28,"25 5.2 Earthing withGIearth pipe 4.5mlong, 40mm diaincluding accessories, andproviding masonary",NIELIT_Campus_BOQ,233,text
NIELIT_Campus_BOQ_p233_l29,enclosure with cover plate having locking arrangement and watering pipe etc.with charcoal /,NIELIT_Campus_BOQ,233,text
NIELIT_Campus_BOQ_p234_l6,existing surface/ recessed conduit/ submain wiring/ cable as required.Metre 19 19.50 371.00,NIELIT_Campus_BOQ,234,text
NIELIT_Campus_BOQ_p234_l9,28 NS Supplying of Ding bell fittings complete with all standard accessories Each 2 82.76 166.00,NIELIT_Campus_BOQ,234,text
NIELIT_Campus_BOQ_p234_l10,29 NSSupplying oflight fittings complete withallstandard accessories without starter &T5Lamp ofthe,NIELIT_Campus_BOQ,234,text
NIELIT_Campus_BOQ_p234_l12,a)1x28 WFl.Fitting asperBajaj Product. NoBLPR 128 with lamp orsimilar specification ofother,NIELIT_Campus_BOQ,234,text
NIELIT_Campus_BOQ_p234_l22,"madee of1.6mm thick sheet duly powder coated, integrated loose wire box, complete with",NIELIT_Campus_BOQ,234,text
NIELIT_Campus_BOQ_p234_l25,"arrangementfor compartment, bus chamber as required.",NIELIT_Campus_BOQ,234,text
NIELIT_Campus_BOQ_p235_l5,3 RCC WORK 1976609.80,NIELIT_Campus_BOQ,235,text
NIELIT_Campus_BOQ_p235_l6,4 CONCRETE WORK 283531.40,NIELIT_Campus_BOQ,235,text
NIELIT_Campus_BOQ_p235_l7,4 BRICK WORK 13926.00 605392.00,NIELIT_Campus_BOQ,235,text
NIELIT_Campus_BOQ_p235_l9,6 STEEL WORK 195249.78,NIELIT_Campus_BOQ,235,text
NIELIT_Campus_BOQ_p235_l10,7 FLOORING WORK 234682.00,NIELIT_Campus_BOQ,235,text
NIELIT_Campus_BOQ_p235_l11,8 ROOFING WORK 59127.80,NIELIT_Campus_BOQ,235,text
NIELIT_Campus_BOQ_p235_l12,9 FINISHING WORK 410211.00,NIELIT_Campus_BOQ,235,text
NIELIT_Campus_BOQ_p235_l13,10 WATER PROOFING WORK 188808.00,NIELIT_Campus_BOQ,235,text
NIELIT_Campus_BOQ_p236_l12,22.6 Earth work in excavation by mechanical means (Hydraulic,NIELIT_Campus_BOQ,236,text
NIELIT_Campus_BOQ_p236_l18,"32.25 Filling available excavated earth (excluding rock) intrenches, plinth, sides",NIELIT_Campus_BOQ,236,text
NIELIT_Campus_BOQ_p236_l19,"offoundations etc.inlayers notexceeding 20cm indepth, consolidating",NIELIT_Campus_BOQ,236,text
NIELIT_Campus_BOQ_p236_l22,42.27 Supplying and filling inplinth with local sand under floors including,NIELIT_Campus_BOQ,236,text
NIELIT_Campus_BOQ_p237_l5,a) 2.35.3 Treatment ofsoilunder existing floors using chemical emulsion @oneltr.,NIELIT_Campus_BOQ,237,text
NIELIT_Campus_BOQ_p237_l7,with cement mortar 1:2(1cement: 2coarse sand) tomatch theexisting,NIELIT_Campus_BOQ,237,text
NIELIT_Campus_BOQ_p237_l14,84.1 Providing and laying inposition cement concrete ofspecified grade,NIELIT_Campus_BOQ,237,text
NIELIT_Campus_BOQ_p237_l15,excluding the cost of centring and shuttering - All work upto plinth level:,NIELIT_Campus_BOQ,237,text
NIELIT_Campus_BOQ_p237_l16,a) 4.1.3 1:2:4 (1cement :2coarse sand :4graded stone aggregate 20mm,NIELIT_Campus_BOQ,237,text
NIELIT_Campus_BOQ_p237_l18,b) 4.1.6 1:3:6 (1cement :3coarse sand :6graded stone aggregate 40mm,NIELIT_Campus_BOQ,237,text
NIELIT_Campus_BOQ_p237_l20,c) 4.1.8 1:4:8 (1cement :4coarse sand :8graded stone aggregate 40mm,NIELIT_Campus_BOQ,237,text
NIELIT_Campus_BOQ_p237_l22,"94.2 Providing andlaying cement concrete inretaining walls, return walls, walls",NIELIT_Campus_BOQ,237,text
NIELIT_Campus_BOQ_p237_l23,"(any thickness) including attached pilasters, columns, piers, abutments,CONCRETE WORK:",NIELIT_Campus_BOQ,237,text
NIELIT_Campus_BOQ_p237_l24,"(any thickness) including attached pilasters, columns, piers, abutments,",NIELIT_Campus_BOQ,237,text
NIELIT_Campus_BOQ_p237_l26,"bed blocks, anchor blocks, plain window sills, fillets etc. upto floor five",NIELIT_Campus_BOQ,237,text
NIELIT_Campus_BOQ_p237_l27,"level, excluding the cost of centering, shuttering and finishing:",NIELIT_Campus_BOQ,237,text
NIELIT_Campus_BOQ_p237_l28,a) 4.2.5 1:3:6 (1cement :3coarse sand :6graded stone aggregate 20mm,NIELIT_Campus_BOQ,237,text
NIELIT_Campus_BOQ_p237_l30,10 4.11 Providing and laying damp-proof coarse 50mm thick cement concrete 1:2:4,NIELIT_Campus_BOQ,237,text
NIELIT_Campus_BOQ_p237_l31,(1cement :2coarse sand :4graded stone aggregate 12.5 mmnominal,NIELIT_Campus_BOQ,237,text
NIELIT_Campus_BOQ_p238_l2,11 4.12 Extra forproviding and mixing water proofing material 'Impermo' or,NIELIT_Campus_BOQ,238,text
NIELIT_Campus_BOQ_p238_l3,equivalent in cement concrete work @ 1 kg. Per 50 Kg. of cement.per 50 kg.,NIELIT_Campus_BOQ,238,text
NIELIT_Campus_BOQ_p238_l4,cement264.00 35.35 9332.40,NIELIT_Campus_BOQ,238,text
NIELIT_Campus_BOQ_p238_l9,13 4.17 Making Plinth protection 50mm thick ofcement concrete 1:3:6 (1cement :,NIELIT_Campus_BOQ,238,text
NIELIT_Campus_BOQ_p238_l10,3Coarse sand :6graded stone aggregate 20mm nominal size) over 75,NIELIT_Campus_BOQ,238,text
NIELIT_Campus_BOQ_p238_l11,mm bed ofdrybricks ballast 40mm nominal size well rammed and,NIELIT_Campus_BOQ,238,text
NIELIT_Campus_BOQ_p238_l12,consolidated and grouted with fine sand including finishing the top smooth.Sqm 160.00 338.75 54200.00,NIELIT_Campus_BOQ,238,text
NIELIT_Campus_BOQ_p238_l13,consolidated and grouted with fine sand including finishing the top smooth.,NIELIT_Campus_BOQ,238,text
NIELIT_Campus_BOQ_p238_l16,"14 5.9 Centring and shuttering including strutting, propping etc.and removal of",NIELIT_Campus_BOQ,238,text
NIELIT_Campus_BOQ_p238_l18,"a) 5.9.1 Foundations, footings, bases of columns etc. for mass concrete. sqm 180.00 166.90 30042.00",NIELIT_Campus_BOQ,238,text
NIELIT_Campus_BOQ_p238_l19,"b) 5.9.2 Walls (any thickness) including attached pilasters, butteresses, plinth and",NIELIT_Campus_BOQ,238,text
NIELIT_Campus_BOQ_p238_l21,"c) 5.9.3 Suspended floors, roofs, landings, balconies and access platform. sqm 220.00 311.20 68464.00",NIELIT_Campus_BOQ,238,text
NIELIT_Campus_BOQ_p238_l22,"e) 5.9.5 Lintels, beams, plinth beams, girders, bressumers and cantilevers. sqm 228.00 262.25 59793.00",NIELIT_Campus_BOQ,238,text
NIELIT_Campus_BOQ_p238_l23,"f)5.9.6 Columns, Pillars, Piers, Abutments, posts and Struts sqm 100.00 365.60 36560.00",NIELIT_Campus_BOQ,238,text
NIELIT_Campus_BOQ_p238_l24,j)5.9.16 Edges of slabs and breaks in floors and walls RCC WORK:,NIELIT_Campus_BOQ,238,text
NIELIT_Campus_BOQ_p238_l25,j)5.9.16 Edges of slabs and breaks in floors and walls,NIELIT_Campus_BOQ,238,text
NIELIT_Campus_BOQ_p238_l27,"l)5.9.18 Small surfaces such ascantilever ends, brackets andends ofsteps, caps",NIELIT_Campus_BOQ,238,text
NIELIT_Campus_BOQ_p238_l28,and bases to pilasters and columns and the likesqm 40.00 398.35 15934.00,NIELIT_Campus_BOQ,238,text
NIELIT_Campus_BOQ_p239_l2,15 5.18 Providing precast cement concrete Jali1:2:4 (1cement: 2coarse sand: 4,NIELIT_Campus_BOQ,239,text
NIELIT_Campus_BOQ_p239_l3,stone aggregate 6mm nominal size) reinforced with 1.6mm diamild steel,NIELIT_Campus_BOQ,239,text
NIELIT_Campus_BOQ_p239_l4,"wire including centring &shuttering roughening cleaning, fixing and",NIELIT_Campus_BOQ,239,text
NIELIT_Campus_BOQ_p239_l5,finishing incement mortar 1:3(1cement: 3fine sand) etc. complete,NIELIT_Campus_BOQ,239,text
NIELIT_Campus_BOQ_p239_l6,"excluding plastering of the jambs, sills and soffits.",NIELIT_Campus_BOQ,239,text
NIELIT_Campus_BOQ_p239_l8,"16 5.22 Reinforcement forR.C.C. work including straightening, cutting, bending,",NIELIT_Campus_BOQ,239,text
NIELIT_Campus_BOQ_p239_l11,"17 5.22 A Reinforcement forR.C.C. work including straightening, cutting, bending,",NIELIT_Campus_BOQ,239,text
NIELIT_Campus_BOQ_p239_l15,machine vibrated design mix cement concrete ofspecified grade for,NIELIT_Campus_BOQ,239,text
NIELIT_Campus_BOQ_p239_l16,reinforced cement concrete work including pumping ofconcrete tositeof,NIELIT_Campus_BOQ,239,text
NIELIT_Campus_BOQ_p239_l17,"laying but excluding the cost ofcentring, shuttering, finishing and",NIELIT_Campus_BOQ,239,text
NIELIT_Campus_BOQ_p239_l18,reinforcement-including admixture inrecommended proportions asper,NIELIT_Campus_BOQ,239,text
NIELIT_Campus_BOQ_p239_l22,Note-cement content considered inthisitem is@330kg/cum. Excess/less,NIELIT_Campus_BOQ,239,text
NIELIT_Campus_BOQ_p239_l23,cement used as per design mix is payable /recoverable separately ).,NIELIT_Campus_BOQ,239,text
NIELIT_Campus_BOQ_p239_l25,b) 5.33.2 All works above plinth level upto floor five level Cum 68.00 5781.50 393142.00,NIELIT_Campus_BOQ,239,text
NIELIT_Campus_BOQ_p239_l27,BRICK WORK,NIELIT_Campus_BOQ,239,text
NIELIT_Campus_BOQ_p239_l29,every third course of half brick masonry (with FPS bricks)Sqm 220.00 63.30 13926.00,NIELIT_Campus_BOQ,239,text
NIELIT_Campus_BOQ_p240_l3,20 NS Brick work with FPS bricks ofclass designation 100infoundation &plinth,NIELIT_Campus_BOQ,240,text
NIELIT_Campus_BOQ_p240_l5,Cement mortar 1:6 (1 cement: 6 coarse sand) Cum 40.00 3964.20 158568.00,NIELIT_Campus_BOQ,240,text
NIELIT_Campus_BOQ_p240_l6,21 NS Brick work with F.P.S. bricks ofclass designation 100 insuperstructure,NIELIT_Campus_BOQ,240,text
NIELIT_Campus_BOQ_p240_l7,above plinth level up to floor V level in all shapes and sizes in:,NIELIT_Campus_BOQ,240,text
NIELIT_Campus_BOQ_p240_l8,Cement mortar 1:6 (1 cement: 6 coarse sand) Cum 80.00 4160.34 332827.59,NIELIT_Campus_BOQ,240,text
NIELIT_Campus_BOQ_p240_l9,22 N.S 125mm brick masonry with FPS bricks ofclass designation 100 in,NIELIT_Campus_BOQ,240,text
NIELIT_Campus_BOQ_p240_l10,supersructure above plinth in level upto floor V level,NIELIT_Campus_BOQ,240,text
NIELIT_Campus_BOQ_p240_l11,Cement mortar 1:4 (1 cement: 4 coarse sand) Sqm 220.00 518.17 113996.41,NIELIT_Campus_BOQ,240,text
NIELIT_Campus_BOQ_p240_l14,23 9.20 Providing andfixing ISImarked flush door shutters conforming toIS:2202,NIELIT_Campus_BOQ,240,text
NIELIT_Campus_BOQ_p240_l18,a) 9.20.1 35mm thick including ISImarked stainless steel butt hinges with,NIELIT_Campus_BOQ,240,text
NIELIT_Campus_BOQ_p240_l20,24 9.48 Providing andfixing MSgrills ofrequired pattern inframes ofwindows etc.TOTAL CARRIED OVER TO SUMMARY,NIELIT_Campus_BOQ,240,text
NIELIT_Campus_BOQ_p240_l22,24 9.48 Providing andfixing MSgrills ofrequired pattern inframes ofwindows etc.,NIELIT_Campus_BOQ,240,text
NIELIT_Campus_BOQ_p240_l25,25 9.96 Providing and fixing aluminium sliding door bolts ISImarked anodised,NIELIT_Campus_BOQ,240,text
NIELIT_Campus_BOQ_p241_l9,universal hydraulic door closer withnecessary accessories andscrews etc.Each 24.00 610.60 14654.40,NIELIT_Campus_BOQ,241,text
NIELIT_Campus_BOQ_p241_l10,universal hydraulic door closer withnecessary accessories andscrews etc.,NIELIT_Campus_BOQ,241,text
NIELIT_Campus_BOQ_p241_l17,29 9.101 Providing and fixing aluminium hanging floor door stopper ISImarked,NIELIT_Campus_BOQ,241,text
NIELIT_Campus_BOQ_p242_l3,31 10.5 Providing andfixing 1mm thick MSsheet door with frame of40x40x6mm,NIELIT_Campus_BOQ,242,text
NIELIT_Campus_BOQ_p242_l5,"necessary fittings complete, including applying a primer coat of approved a) 10.5.1 Using MS angle 40x40x6mm for diagonal braces. Sqm 8.40 2551.45 21432.18",NIELIT_Campus_BOQ,242,text
NIELIT_Campus_BOQ_p242_l6,"32 10.11 Providing &fixing factory made ISImarked steel glazed doors, windows",NIELIT_Campus_BOQ,242,text
NIELIT_Campus_BOQ_p242_l8,"asK11B andK12B etc.complete ofstandard rolled steel sections, joints",NIELIT_Campus_BOQ,242,text
NIELIT_Campus_BOQ_p242_l10,"15x3mm lugs, 10cm long, embedded incement concrete blocks",NIELIT_Campus_BOQ,242,text
NIELIT_Campus_BOQ_p242_l11,15x10x10cm of1:3:6 (1cement: 3coarse sand: 6graded stone aggregateKg. 160.00 96.30 15408.00STEEL WORK,NIELIT_Campus_BOQ,242,text
NIELIT_Campus_BOQ_p242_l12,15x10x10cm of1:3:6 (1cement: 3coarse sand: 6graded stone aggregate,NIELIT_Campus_BOQ,242,text
NIELIT_Campus_BOQ_p242_l17,"approved steel primer, excluding thecost ofmetal beading and other",NIELIT_Campus_BOQ,242,text
NIELIT_Campus_BOQ_p242_l18,fittings except necessary hinges orpivots complete asperapproved,NIELIT_Campus_BOQ,242,text
NIELIT_Campus_BOQ_p242_l20,"33 10.13 Providing &fixing T-iron frames fordoors, windows &ventilators ofmild",NIELIT_Campus_BOQ,242,text
NIELIT_Campus_BOQ_p242_l21,"steel T-sections, joints mitred andwelded with 15x3 mmlugs, 10cmlong,",NIELIT_Campus_BOQ,242,text
NIELIT_Campus_BOQ_p242_l22,embedded incement concrete blocks 15x10x10 cmof1:3:6 (1cement: 3,NIELIT_Campus_BOQ,242,text
NIELIT_Campus_BOQ_p242_l23,coarse sand: 6graded stone aggr. 20mm nominal size) orwith wooden,NIELIT_Campus_BOQ,242,text
NIELIT_Campus_BOQ_p242_l26,butt hinges & screws and applying a priming coat of approved steel primer.Kg. 240.00 73.30 17592.00,NIELIT_Campus_BOQ,242,text
NIELIT_Campus_BOQ_p242_l27,34 10.25 Steel work welded inbuilt upsections/framed work including cutting,NIELIT_Campus_BOQ,242,text
NIELIT_Campus_BOQ_p242_l28,"hoisting, fixing inposition and applying apriming coat ofapproved steel hoisting, fixing inposition and applying apriming coat ofapproved steel",NIELIT_Campus_BOQ,242,text
NIELIT_Campus_BOQ_p242_l29,primer using structural steel etc. as required,NIELIT_Campus_BOQ,242,text
NIELIT_Campus_BOQ_p243_l2,35 10.18 Providing andfixing circular/hexagonal cast ironorMSsheet boxforceiling,NIELIT_Campus_BOQ,243,text
NIELIT_Campus_BOQ_p243_l4,"sheet with itstopsurface hacked forproper bonding, toplidshall be",NIELIT_Campus_BOQ,243,text
NIELIT_Campus_BOQ_p243_l8,a) 10.26 Providing and fixing hand railofapproved size bywelding etc. tosteel,NIELIT_Campus_BOQ,243,text
NIELIT_Campus_BOQ_p243_l10,priming coat of approved steel primer.,NIELIT_Campus_BOQ,243,text
NIELIT_Campus_BOQ_p243_l12,"36 10.30 Providing andfixing glass panes withputty andglazing clips insteel doors ,",NIELIT_Campus_BOQ,243,text
NIELIT_Campus_BOQ_p243_l13,"windows, celerestory windows, all complete with.",NIELIT_Campus_BOQ,243,text
NIELIT_Campus_BOQ_p243_l17,37 11.4 52mm thick cement concrete flooring with concrete hardener topping,NIELIT_Campus_BOQ,243,text
NIELIT_Campus_BOQ_p243_l18,under layer 40mm thick cement concrete 1:2:4 (1cement :2coarse,NIELIT_Campus_BOQ,243,text
NIELIT_Campus_BOQ_p243_l19,sand: 4graded stone aggregate 20nominal size) and toplayer 12mm,NIELIT_Campus_BOQ,243,text
NIELIT_Campus_BOQ_p243_l20,thick cement hardener consisting ofmix1:2(1cement hardener mix: 2,NIELIT_Campus_BOQ,243,text
NIELIT_Campus_BOQ_p243_l21,stone aggregate 6mm nominal size) byvolume hardening compound is,NIELIT_Campus_BOQ,243,text
NIELIT_Campus_BOQ_p243_l22,mixed @2Ltrsper50kg.ofcement oraspermanufacturer specifications.,NIELIT_Campus_BOQ,243,text
NIELIT_Campus_BOQ_p243_l23,"This includes cost ofcement slurry, butexcluding thecost ofnosing of",NIELIT_Campus_BOQ,243,text
NIELIT_Campus_BOQ_p243_l25,38 11.6 Cement plaster skirting (upto 30cmheight) with cement mortar 1:3(1,NIELIT_Campus_BOQ,243,text
NIELIT_Campus_BOQ_p243_l26,cement: 3 coarse sand) finished with a floating coat of neat cement. FLOORING WORK,NIELIT_Campus_BOQ,243,text
NIELIT_Campus_BOQ_p243_l27,cement: 3 coarse sand) finished with a floating coat of neat cement.,NIELIT_Campus_BOQ,243,text
NIELIT_Campus_BOQ_p243_l29,39 11.13 Providing & fixing glass strips in joints of terrazo/cement concrete floors.,NIELIT_Campus_BOQ,243,text
NIELIT_Campus_BOQ_p244_l2,40 11.16 Precast terrazo tiles 22mmthick with graded marble chips ofsize upto 12,NIELIT_Campus_BOQ,244,text
NIELIT_Campus_BOQ_p244_l3,"mmlaidinfloors, andlandings, jointed with neat cement slurry mixed with",NIELIT_Campus_BOQ,244,text
NIELIT_Campus_BOQ_p244_l4,pigment tomatch theshade ofthetiles including rubbing and polishing,NIELIT_Campus_BOQ,244,text
NIELIT_Campus_BOQ_p244_l5,complete with precast tiles on20mm thick bed ofcement mortar 1:4(1,NIELIT_Campus_BOQ,244,text
NIELIT_Campus_BOQ_p244_l6,cewment: 4 coarse sand),NIELIT_Campus_BOQ,244,text
NIELIT_Campus_BOQ_p244_l7,a) 11.16.1 Light shade using white cement Sqm 40.00 769.35 30774.00,NIELIT_Campus_BOQ,244,text
NIELIT_Campus_BOQ_p244_l8,41 11.26 Kota stone slab flooring over 20mm (average) thick base laidover and,NIELIT_Campus_BOQ,244,text
NIELIT_Campus_BOQ_p244_l9,jointed with grey cement slurry mixed with pigment tomatch theshade of,NIELIT_Campus_BOQ,244,text
NIELIT_Campus_BOQ_p244_l10,theslab including rubbing and polishing complete with base ofcement,NIELIT_Campus_BOQ,244,text
NIELIT_Campus_BOQ_p244_l11,mortar 1:4 (1 cement: 4 coarse sand)mortar 1:4 (1 cement: 4 coarse sand),NIELIT_Campus_BOQ,244,text
NIELIT_Campus_BOQ_p244_l13,"42 11.27 Kota stone slab 25mm thick inrisers ofsteps, skirting dado and pillars",NIELIT_Campus_BOQ,244,text
NIELIT_Campus_BOQ_p244_l14,laidon12mm(average) thick cement mortar 1:3(1cement :3coarse,NIELIT_Campus_BOQ,244,text
NIELIT_Campus_BOQ_p244_l15,sand) &jointed with grey cement slurry mixed with pigment tomatch the,NIELIT_Campus_BOQ,244,text
NIELIT_Campus_BOQ_p244_l16,shade of the slabs including rubbing and polishing complete.Sqm 40.00 954.10 38164.00,NIELIT_Campus_BOQ,244,text
NIELIT_Campus_BOQ_p244_l19,43 12.21 Providing gola 75x75mm incement concrete 1:2:4 (1cement: 2coarse,NIELIT_Campus_BOQ,244,text
NIELIT_Campus_BOQ_p244_l20,sand: 4stone aggregate 10mm anddown gauge) including finishing with,NIELIT_Campus_BOQ,244,text
NIELIT_Campus_BOQ_p244_l21,cement mortar 1:3 (1 cement: 3 fine sand) as per standard design:,NIELIT_Campus_BOQ,244,text
NIELIT_Campus_BOQ_p244_l22,a) 12.21.1 In 75x75mm deep chase Mtr. 80.00 109.05 8724.00ROOFING WORK,NIELIT_Campus_BOQ,244,text
NIELIT_Campus_BOQ_p245_l2,44 12.22 Making khuras 45x45cm with average minmum thickness of5cm cement,NIELIT_Campus_BOQ,245,text
NIELIT_Campus_BOQ_p245_l3,concrete 1:2:4 (1cement :2coarse sand: 4graded stone aggregate of20,NIELIT_Campus_BOQ,245,text
NIELIT_Campus_BOQ_p245_l4,"mm nominal size) over PVC sheet 1mx1mx400micron, finished with",NIELIT_Campus_BOQ,245,text
NIELIT_Campus_BOQ_p245_l5,12mm cement plaster 1:3(1cement: 3coarse sand) and acoat ofneat,NIELIT_Campus_BOQ,245,text
NIELIT_Campus_BOQ_p245_l6,cement rounding ofthe edges and making and finishing the outlet,NIELIT_Campus_BOQ,245,text
NIELIT_Campus_BOQ_p245_l9,S.C.I. rainwater pipes embedded inandincluding cement concrete blocks,NIELIT_Campus_BOQ,245,text
NIELIT_Campus_BOQ_p245_l10,10x10x10cmof1:2:4 mix(1cement:2 coarse sand :4graded stone,NIELIT_Campus_BOQ,245,text
NIELIT_Campus_BOQ_p245_l11,aggregate 20mmnominal size) andcost ofcutting holes andmaking good,NIELIT_Campus_BOQ,245,text
NIELIT_Campus_BOQ_p245_l12,the walls etc.,NIELIT_Campus_BOQ,245,text
NIELIT_Campus_BOQ_p245_l13,a) 12.38.2 For 150 mm dia pipe Each 24.00 121.80 2923.20,NIELIT_Campus_BOQ,245,text
NIELIT_Campus_BOQ_p245_l14,46 12.39 Providing lead caulked joints to sand cast iron rain water pipes and fittings:,NIELIT_Campus_BOQ,245,text
NIELIT_Campus_BOQ_p245_l15,a) 12.39.2 For 150 mm dia pipe Each 24.00 287.10 6890.40,NIELIT_Campus_BOQ,245,text
NIELIT_Campus_BOQ_p245_l16,47 12.40 Providing andfixing onwallface unplasticised-Rigid PVC rainwater pipes,NIELIT_Campus_BOQ,245,text
NIELIT_Campus_BOQ_p245_l21,48 12.42 Providing and fixing on wall face unplasticised- PVC moulded,NIELIT_Campus_BOQ,245,text
NIELIT_Campus_BOQ_p245_l22,fittings/accessories for unplasticised-Rigid PVC rain water pipes,NIELIT_Campus_BOQ,245,text
NIELIT_Campus_BOQ_p246_l2,49 12.43 Providing and fixing unplasticised- PVC pipe clips ofapproved design to,NIELIT_Campus_BOQ,246,text
NIELIT_Campus_BOQ_p246_l3,unplasticised-PVC rainwater pipes bymeans of50x50x50mm hard wood,NIELIT_Campus_BOQ,246,text
NIELIT_Campus_BOQ_p246_l4,"plugs, screwed with MSscrews ofrequired length including cutting brick",NIELIT_Campus_BOQ,246,text
NIELIT_Campus_BOQ_p246_l5,work andfixing incement mortar 1:4(1cement:4 coarse sand) andmaking,NIELIT_Campus_BOQ,246,text
NIELIT_Campus_BOQ_p246_l6,good the walls etc. complete.,NIELIT_Campus_BOQ,246,text
NIELIT_Campus_BOQ_p246_l8,50 12.44 Providing &fixing totheinlet mouth ofrain water pipe cast iron grating,NIELIT_Campus_BOQ,246,text
NIELIT_Campus_BOQ_p246_l12,51 13.4 12mm cement plaster of mix :,NIELIT_Campus_BOQ,246,text
NIELIT_Campus_BOQ_p246_l13,a) 13.4.2 1:6 (1 cement : 6 coarse sand ) Sqm 600.00 112.50 67500.00,NIELIT_Campus_BOQ,246,text
NIELIT_Campus_BOQ_p246_l14,52 13.7 12mm cement plaster finished with a floating coat of neat cement of mix :,NIELIT_Campus_BOQ,246,text
NIELIT_Campus_BOQ_p246_l15,a) 13.7.1 1:4 (1 cement : 4 fine sand ) Sqm 40.00 107.80 4312.00,NIELIT_Campus_BOQ,246,text
NIELIT_Campus_BOQ_p246_l16,53 13.12 18mm cement plaster intwo coats under layer 12mm thick cement,NIELIT_Campus_BOQ,246,text
NIELIT_Campus_BOQ_p246_l17,plaster 1:5(1cement :5coarse sand) andatoplayer 6mm thick cement,NIELIT_Campus_BOQ,246,text
NIELIT_Campus_BOQ_p246_l18,plaster 1:3 (1 cement: 3 coarse sand) finished rough with sponge.Sqm 120.00 123.50 14820.00,NIELIT_Campus_BOQ,246,text
NIELIT_Campus_BOQ_p246_l19,54 13.5 15mm cement plaster on rough side of single or half brick wall of mix:,NIELIT_Campus_BOQ,246,text
NIELIT_Campus_BOQ_p246_l20,a) 13.5.2 1:6 (1 cement : 6 Coarse sand ) Sqm 520.00 130.20 67704.00,NIELIT_Campus_BOQ,246,text
NIELIT_Campus_BOQ_p246_l21,55 13.16 6 mm cement plaster to ceiling of mix : FINISHING:,NIELIT_Campus_BOQ,246,text
NIELIT_Campus_BOQ_p246_l22,a) 13.16.1 1:3 (1 cement : 3 fine sand ) Sqm. 220.00 101.00 22220.00,NIELIT_Campus_BOQ,246,text
NIELIT_Campus_BOQ_p246_l23,56 13.26 Providing and applying plaster ofparis putty of2mm thickness over,NIELIT_Campus_BOQ,246,text
NIELIT_Campus_BOQ_p246_l24,plastered surface to prepare the surface even and smooth complete.Sqm. 1280.00 83.80 107264.00,NIELIT_Campus_BOQ,246,text
NIELIT_Campus_BOQ_p246_l27,58 13.41 Distempering with oilbound washable distemper ofapproved brand and,NIELIT_Campus_BOQ,246,text
NIELIT_Campus_BOQ_p246_l29,a) 13.41.1 New work (two ormore coats) over andincluding priming coat withcement,NIELIT_Campus_BOQ,246,text
NIELIT_Campus_BOQ_p247_l2,"59 13.47 Finishing walls with Premium Acrylic Smooth exterior paint with ""Silicone",NIELIT_Campus_BOQ,247,text
NIELIT_Campus_BOQ_p247_l5,base coat of water proofing cement paint applied @2.20kg/10sqm)Sqm 400.00 80.45 32180.00,NIELIT_Campus_BOQ,247,text
NIELIT_Campus_BOQ_p247_l6,60 13.60 Wall painting with plastic emulsion paint ofapproved brand and,NIELIT_Campus_BOQ,247,text
NIELIT_Campus_BOQ_p247_l12,a) 13.61 Painting withsynthetic enamel paint ofapproved brand andmanufacture to,NIELIT_Campus_BOQ,247,text
NIELIT_Campus_BOQ_p247_l15,62 13.76 Forming groove ofuniform size from 12x12mm and25x15mm inplastered,NIELIT_Campus_BOQ,247,text
NIELIT_Campus_BOQ_p247_l18,andfinishing thegroove complete asperspecifications anddirection ofthe,NIELIT_Campus_BOQ,247,text
NIELIT_Campus_BOQ_p248_l2,63 22.7 Providing and laying integral cement based water proofing treatment,NIELIT_Campus_BOQ,248,text
NIELIT_Campus_BOQ_p248_l5,grouting aslurry coat ofneat cement using 2.75 kg./Sqm ofcement,NIELIT_Campus_BOQ,248,text
NIELIT_Campus_BOQ_p248_l6,admixed with water proofing compound conforming toIS:2645 and,NIELIT_Campus_BOQ,248,text
NIELIT_Campus_BOQ_p248_l7,approved byEngineer-In-Charge over theRCC slab including adjoining,NIELIT_Campus_BOQ,248,text
NIELIT_Campus_BOQ_p248_l8,walls upto 300mm height including cleaning thesurface before treatment.,NIELIT_Campus_BOQ,248,text
NIELIT_Campus_BOQ_p248_l9,b)Laying brick bats with mortar using broken bricks/brick bats 25mm to,NIELIT_Campus_BOQ,248,text
NIELIT_Campus_BOQ_p248_l10,115mm size with 50% ofcement mortar 1:5(1cement :5coarse sand),NIELIT_Campus_BOQ,248,text
NIELIT_Campus_BOQ_p248_l11,admixed withwater proofing cement compound conforming toIS:2645 andWATER PROOFING:,NIELIT_Campus_BOQ,248,text
NIELIT_Campus_BOQ_p248_l12,admixed withwater proofing cement compound conforming toIS:2645 and,NIELIT_Campus_BOQ,248,text
NIELIT_Campus_BOQ_p248_l13,approved byEngineer-In-Charge over 20mm thick layer ofcement mortar,NIELIT_Campus_BOQ,248,text
NIELIT_Campus_BOQ_p248_l14,ofmix 1:5(1cement: 5coarse sand) admixed with water proofing,NIELIT_Campus_BOQ,248,text
NIELIT_Campus_BOQ_p248_l16,Charge torequired slope &treating similarly theadjoining walls upto 300,NIELIT_Campus_BOQ,248,text
NIELIT_Campus_BOQ_p248_l17,mm height including rounding of junctions of walls and slabs.,NIELIT_Campus_BOQ,248,text
NIELIT_Campus_BOQ_p248_l18,c)After twodays ofproper curing applying asecond coat ofcement slurry,NIELIT_Campus_BOQ,248,text
NIELIT_Campus_BOQ_p248_l19,using 2.75 kg./sqm ofcement admixed with water proofing comopound,NIELIT_Campus_BOQ,248,text
NIELIT_Campus_BOQ_p248_l21,Finishing thesurface with20mm thick jointless cement mortar ofmix1:4(1,NIELIT_Campus_BOQ,248,text
NIELIT_Campus_BOQ_p248_l22,cement :4coarse sand) admixed with water proofing compound,NIELIT_Campus_BOQ,248,text
NIELIT_Campus_BOQ_p248_l24,laying glass fibre cloth ofapproved quality intoplayer ofplaster andfinally,NIELIT_Campus_BOQ,248,text
NIELIT_Campus_BOQ_p248_l25,finishing thesurface with trowel with neat cement slurry and making,NIELIT_Campus_BOQ,248,text
NIELIT_Campus_BOQ_p249_l4,"2.0 INTERNAL ELECTRICAL WORK, 161034.00 76251.24",NIELIT_Campus_BOQ,249,text
NIELIT_Campus_BOQ_p250_l4,3 CONCRETE WORK 115082.25,NIELIT_Campus_BOQ,250,text
NIELIT_Campus_BOQ_p250_l5,4 RCC WORK 470543.50,NIELIT_Campus_BOQ,250,text
NIELIT_Campus_BOQ_p250_l6,5 BRICK WORK 680572.55,NIELIT_Campus_BOQ,250,text
NIELIT_Campus_BOQ_p250_l9,8 STEEL WORK 536780.20,NIELIT_Campus_BOQ,250,text
NIELIT_Campus_BOQ_p250_l10,9 FLOORING WORK 97136.50,NIELIT_Campus_BOQ,250,text
NIELIT_Campus_BOQ_p250_l11,10 ROOFING WORK 202758.62,NIELIT_Campus_BOQ,250,text
NIELIT_Campus_BOQ_p250_l12,11 FINISHING WORK 93440.50,NIELIT_Campus_BOQ,250,text
NIELIT_Campus_BOQ_p251_l7,2 2.6 Earth work inexcavation bymechanical means (Hydraulic excavator/manual,NIELIT_Campus_BOQ,251,text
NIELIT_Campus_BOQ_p251_l12,"3 2.25 Filling available excavated earth (excluding rock) intrenches, plinth, sides of",NIELIT_Campus_BOQ,251,text
NIELIT_Campus_BOQ_p251_l13,"foundations etc.inlayers notexceeding 20cm indepth, consolidating each",NIELIT_Campus_BOQ,251,text
NIELIT_Campus_BOQ_p251_l16,"4 2.27 Supplying andfilling inplinth with local sand under floors including watering,",NIELIT_Campus_BOQ,251,text
NIELIT_Campus_BOQ_p252_l1,a) 2.35.3 Treatment ofsoilunder existing floors using chemical emulsion @one ltr.,NIELIT_Campus_BOQ,252,text
NIELIT_Campus_BOQ_p252_l3,with cement mortar 1:2 (1 cement: 2 coarse sand) to match the existing floor.,NIELIT_Campus_BOQ,252,text
NIELIT_Campus_BOQ_p252_l9,8 4.1 Providing and laying inposition cement concrete ofspecified grade,NIELIT_Campus_BOQ,252,text
NIELIT_Campus_BOQ_p252_l10,excluding the cost of centring and shuttering - All work upto plinth level:,NIELIT_Campus_BOQ,252,text
NIELIT_Campus_BOQ_p252_l11,b) 4.1.6 1:3:6 (1cement :3coarse sand :6graded stone aggregate 40mmnominal,NIELIT_Campus_BOQ,252,text
NIELIT_Campus_BOQ_p252_l13,c) 4.1.8 1:4:8 (1cement :4coarse sand :8graded stone aggregate 40mmnominal,NIELIT_Campus_BOQ,252,text
NIELIT_Campus_BOQ_p252_l15,9 4.11 Providing andlaying damp-proof coarse 50mm thick cement concrete 1:2:4,NIELIT_Campus_BOQ,252,text
NIELIT_Campus_BOQ_p252_l16,(1cement :2coarse sand :4graded stone aggregate 12.5 mmnominal,NIELIT_Campus_BOQ,252,text
NIELIT_Campus_BOQ_p252_l18,10 4.12 Extra forproviding and mixing water proofing material 'Impermo' or,NIELIT_Campus_BOQ,252,text
NIELIT_Campus_BOQ_p252_l19,equivalent in cement concrete work @ 1 kg. Per 50 Kg. of cement.per 50 kg.,NIELIT_Campus_BOQ,252,text
NIELIT_Campus_BOQ_p252_l20,cement100.00 35.35 3535.00,NIELIT_Campus_BOQ,252,text
NIELIT_Campus_BOQ_p252_l25,12 4.17 Making Plinth protection 50mm thick ofcement concrete 1:3:6 (1cement :3,NIELIT_Campus_BOQ,252,text
NIELIT_Campus_BOQ_p252_l26,Coarse sand :6graded stone aggregate 20mm nominal size) over 75mm,NIELIT_Campus_BOQ,252,text
NIELIT_Campus_BOQ_p252_l27,bedofdrybricks ballast 40mm nominal size well rammed andconsolidated,NIELIT_Campus_BOQ,252,text
NIELIT_Campus_BOQ_p252_l28,and grouted with fine sand including finishing the top smooth.Sqm 40.00 338.75 13550.00,NIELIT_Campus_BOQ,252,text
NIELIT_Campus_BOQ_p252_l29,TOTAL CARRIED OVER TO SUMMARY 115082.25CONCRETE WORK:,NIELIT_Campus_BOQ,252,text
NIELIT_Campus_BOQ_p253_l2,"13 5.9 Centring andshuttering including strutting, propping etc.andremoval ofform",NIELIT_Campus_BOQ,253,text
NIELIT_Campus_BOQ_p253_l4,"a) 5.9.1 Foundations, footings, bases of columns etc. for mass concrete. sqm 175.00 166.90 29207.50",NIELIT_Campus_BOQ,253,text
NIELIT_Campus_BOQ_p253_l5,"e) 5.9.5 Lintels, beams, plinth beams, girders, bressumers and cantilevers. sqm 60.00 262.25 15735.00",NIELIT_Campus_BOQ,253,text
NIELIT_Campus_BOQ_p253_l6,"14 5.22 Reinforcement forR.C.C. work including straightening, cutting, bending,",NIELIT_Campus_BOQ,253,text
NIELIT_Campus_BOQ_p253_l9,"15 5.22 A Reinforcement forR.C.C. work including straightening, cutting, bending,",NIELIT_Campus_BOQ,253,text
NIELIT_Campus_BOQ_p253_l13,machine vibrated design mix cement concrete ofspecified grade for,NIELIT_Campus_BOQ,253,text
NIELIT_Campus_BOQ_p253_l14,reinforced cement concrete work including pumping ofconcrete tositeof,NIELIT_Campus_BOQ,253,text
NIELIT_Campus_BOQ_p253_l15,"laying but excluding the cost ofcentring, shuttering, finishing and",NIELIT_Campus_BOQ,253,text
NIELIT_Campus_BOQ_p253_l16,reinforcement-including admixture inrecommended proportions asper,NIELIT_Campus_BOQ,253,text
NIELIT_Campus_BOQ_p253_l19,Note-cement content considered inthisitem is@330kg/cum. Excess/less,NIELIT_Campus_BOQ,253,text
NIELIT_Campus_BOQ_p253_l20,cement used as per design mix is payable /recoverable separately ).,NIELIT_Campus_BOQ,253,text
NIELIT_Campus_BOQ_p253_l22,b) 5.33.2 All works above plinth level upto floor five level Cum 3.00 5781.50 17344.50,NIELIT_Campus_BOQ,253,text
NIELIT_Campus_BOQ_p253_l23,TOTAL CARRIED OVER TO SUMMARY 470543.50RCC WORK:,NIELIT_Campus_BOQ,253,text
NIELIT_Campus_BOQ_p254_l1,BRICK WORK,NIELIT_Campus_BOQ,254,text
NIELIT_Campus_BOQ_p254_l3,17 NS Brick work with FPS bricks of class designation 100 in foundation & plinth in:,NIELIT_Campus_BOQ,254,text
NIELIT_Campus_BOQ_p254_l4,a) Cement mortar 1:6 (1 cement: 6 coarse sand) Cum 30.00 3964.2 118926.00,NIELIT_Campus_BOQ,254,text
NIELIT_Campus_BOQ_p254_l5,18 NS Brick work with F.P.S. bricks ofclass designation 100 insuperstructure,NIELIT_Campus_BOQ,254,text
NIELIT_Campus_BOQ_p254_l6,above plinth level up to floor V level in all shapes and sizes in:,NIELIT_Campus_BOQ,254,text
NIELIT_Campus_BOQ_p254_l7,a) Cement mortar 1:6 (1 cement: 6 coarse sand) Cum 135.00 4160.34 561646.55,NIELIT_Campus_BOQ,254,text
NIELIT_Campus_BOQ_p254_l11,"andprepolished) machine cutforkitchen platforms, vanity counters, window",NIELIT_Campus_BOQ,254,text
NIELIT_Campus_BOQ_p254_l13,and texture laid over 20mm thick base cement mortar 1:4(1cement: 4,NIELIT_Campus_BOQ,254,text
NIELIT_Campus_BOQ_p254_l14,"coarse sand) with joints treated with white cement, mixed with matching",NIELIT_Campus_BOQ,254,text
NIELIT_Campus_BOQ_p254_l18,i) 8.2.1.2 Area of slab over 0.50 Sqm Sqm 10.00 1980.80 19808.00,NIELIT_Campus_BOQ,254,text
NIELIT_Campus_BOQ_p254_l20,i) 8.2.2.2 Area of slab over 0.50 Sqm Sqm 7.00 3083.40 21583.80,NIELIT_Campus_BOQ,254,text
NIELIT_Campus_BOQ_p255_l2,22 9.20 Providing and fixing ISImarked flush door shutters conforming toIS:2202,NIELIT_Campus_BOQ,255,text
NIELIT_Campus_BOQ_p255_l6,a) 9.20.1 35mmthick including ISImarked stainless steel butthinges with necessary,NIELIT_Campus_BOQ,255,text
NIELIT_Campus_BOQ_p255_l8,23 9.96 Providing and fixing aluminium sliding door bolts ISImarked anodised,NIELIT_Campus_BOQ,255,text
NIELIT_Campus_BOQ_p255_l19,universal hydraulic door closer with necessary accessories andscrews etc.,NIELIT_Campus_BOQ,255,text
NIELIT_Campus_BOQ_p256_l1,27 9.101 Providing and fixing aluminium hanging floor door stopper ISImarked,NIELIT_Campus_BOQ,256,text
NIELIT_Campus_BOQ_p256_l12,29 10.14 Providing and fixing pressed steel door frames conforming toIS:4351,NIELIT_Campus_BOQ,256,text
NIELIT_Campus_BOQ_p256_l13,manufactured from commercial mild steel sheet of1.25 mm thickness,NIELIT_Campus_BOQ,256,text
NIELIT_Campus_BOQ_p256_l15,"mild steel angle ofsection 50x25mm, orbase tiesof1.25 mmpressed mild",NIELIT_Campus_BOQ,256,text
NIELIT_Campus_BOQ_p256_l16,"steel welded orrigidly fixed together bymechanical means, adjustable lugs",NIELIT_Campus_BOQ,256,text
NIELIT_Campus_BOQ_p256_l17,with split endtailtoeach jamb including steel butthinges 2.5mmthick with,NIELIT_Campus_BOQ,256,text
NIELIT_Campus_BOQ_p256_l19,applying acoat ofapproved steel primer after pre-treatment ofthesurface as,NIELIT_Campus_BOQ,256,text
NIELIT_Campus_BOQ_p256_l23,"30 10.2 Structural steel work revited, bolted orwelded inbuilt upsections, trusses",NIELIT_Campus_BOQ,256,text
NIELIT_Campus_BOQ_p256_l25,priming coat of approved steel primer all complete:Kg. 7900.00 66.50 525350.00,NIELIT_Campus_BOQ,256,text
NIELIT_Campus_BOQ_p256_l26,31 10.18 Providing andfixing circular/hexagonal cast ironorMSsheet boxforceiling,NIELIT_Campus_BOQ,256,text
NIELIT_Campus_BOQ_p256_l28,"sheet withitstopsurface hacked forproper bonding, toplidshall bescrewed",NIELIT_Campus_BOQ,256,text
NIELIT_Campus_BOQ_p256_l32,a) 10.26 Providing andfixing hand railofapproved sizebywelding etc.tosteel ladder,NIELIT_Campus_BOQ,256,text
NIELIT_Campus_BOQ_p256_l34,approved steel primer.,NIELIT_Campus_BOQ,256,text
NIELIT_Campus_BOQ_p256_l36,TOTAL CARRIED OVER TO SUMMARY 536780.20STEEL WORK,NIELIT_Campus_BOQ,256,text
NIELIT_Campus_BOQ_p257_l2,32 11.4 52mmthick cement concrete flooring with concrete hardener topping under,NIELIT_Campus_BOQ,257,text
NIELIT_Campus_BOQ_p257_l3,layer 40mm thick cement concrete 1:2:4 (1cement :2coarse sand: 4,NIELIT_Campus_BOQ,257,text
NIELIT_Campus_BOQ_p257_l4,graded stone aggregate 20nominal size) andtoplayer 12mmthick cement,NIELIT_Campus_BOQ,257,text
NIELIT_Campus_BOQ_p257_l5,hardener consisting ofmix1:2(1cement hardener mix: 2stone aggregate 6,NIELIT_Campus_BOQ,257,text
NIELIT_Campus_BOQ_p257_l7,kg.ofcement oraspermanufacturer specifications. This includes cost of,NIELIT_Campus_BOQ,257,text
NIELIT_Campus_BOQ_p257_l8,"cement slurry, but excluding the cost of nosing of steps etc. complete Sqm 200.00 420.50 84100.00",NIELIT_Campus_BOQ,257,text
NIELIT_Campus_BOQ_p257_l9,33 11.6 Cement plaster skirting (upto 30cmheight) with cement mortar 1:3(1,NIELIT_Campus_BOQ,257,text
NIELIT_Campus_BOQ_p257_l10,cement: 3 coarse sand) finished with a floating coat of neat cement.,NIELIT_Campus_BOQ,257,text
NIELIT_Campus_BOQ_p257_l12,34 11.13 Providing & fixing glass strips in joints of terrazo/cement concrete floors.,NIELIT_Campus_BOQ,257,text
NIELIT_Campus_BOQ_p257_l14,35 11.16 Precast terrazo tiles 22mmthick with graded marble chips ofsize upto 12,NIELIT_Campus_BOQ,257,text
NIELIT_Campus_BOQ_p257_l15,"mmlaidinfloors, and landings, jointed with neat cement slurry mixed with",NIELIT_Campus_BOQ,257,text
NIELIT_Campus_BOQ_p257_l16,pigment tomatch theshade ofthetiles including rubbing and polishing,NIELIT_Campus_BOQ,257,text
NIELIT_Campus_BOQ_p257_l17,complete with precast tiles on20mm thick bed ofcement mortar 1:4(1,NIELIT_Campus_BOQ,257,text
NIELIT_Campus_BOQ_p257_l18,cewment: 4 coarse sand),NIELIT_Campus_BOQ,257,text
NIELIT_Campus_BOQ_p257_l19,a) 11.16.1 Light shade using white cement Sqm 10.00 769.35 7693.50,NIELIT_Campus_BOQ,257,text
NIELIT_Campus_BOQ_p257_l23,36 NS Providing andfixing polycarbonate sheet ofimm thickness approved quality,NIELIT_Campus_BOQ,257,text
NIELIT_Campus_BOQ_p257_l24,"with allaceesories such asridges, gutters, valleys, flashings 500mm width",NIELIT_Campus_BOQ,257,text
NIELIT_Campus_BOQ_p257_l27,fitted tothe structural steel toachieve proper profile asperdrawings,NIELIT_Campus_BOQ,257,text
NIELIT_Campus_BOQ_p257_l29,TOTAL CARRIED OVER TO SUMMARY 202758.62ROOFING WORKFLOORING WORK,NIELIT_Campus_BOQ,257,text
NIELIT_Campus_BOQ_p258_l2,37 13.4 12mm cement plaster of mix :,NIELIT_Campus_BOQ,258,text
NIELIT_Campus_BOQ_p258_l3,a) 13.4.2 1:6 (1 cement : 6 coarse sand ) Sqm 150.00 112.50 16875.00,NIELIT_Campus_BOQ,258,text
NIELIT_Campus_BOQ_p258_l4,38 13.5 15mm cement plaster on rough side of single or half brick wall of mix:,NIELIT_Campus_BOQ,258,text
NIELIT_Campus_BOQ_p258_l5,a) 13.5.2 1:6 (1 cement : 6 Coarse sand ) Sqm 160.00 130.20 20832.00,NIELIT_Campus_BOQ,258,text
NIELIT_Campus_BOQ_p258_l6,39 13.41 Distempering with oilbound washable distemper ofapproved brand and,NIELIT_Campus_BOQ,258,text
NIELIT_Campus_BOQ_p258_l8,a) 13.41.1 New work (two ormore coats) over andincluding priming coat with cement,NIELIT_Campus_BOQ,258,text
NIELIT_Campus_BOQ_p258_l10,"40 13.47 Finishing walls with Premium Acrylic Smooth exterior paint with ""Silicone",NIELIT_Campus_BOQ,258,text
NIELIT_Campus_BOQ_p258_l13,base coat of water proofing cement paint applied @2.20kg/10sqm)Sqm 150.00 80.45 12067.50,NIELIT_Campus_BOQ,258,text
NIELIT_Campus_BOQ_p258_l14,a) 13.61 Painting with synthetic enamel paint ofapproved brand andmanufacture to,NIELIT_Campus_BOQ,258,text
NIELIT_Campus_BOQ_p258_l17,41 18.12 Providing and fixing GIpipes complete with G.Ifittings including trenching,NIELIT_Campus_BOQ,258,text
NIELIT_Campus_BOQ_p258_l18,and refilling etc,NIELIT_Campus_BOQ,258,text
NIELIT_Campus_BOQ_p258_l21,TOTAL CARRIED OVER TO SUMMARY 93440.50FINISHING:,NIELIT_Campus_BOQ,258,text
NIELIT_Campus_BOQ_p259_l2,1 1.10 Wiring forlight point/ fanpoint/ exhaust fanpoint/ callbellpoint with1.5sq.mm FRPVC insulated,NIELIT_Campus_BOQ,259,text
NIELIT_Campus_BOQ_p259_l3,"copper conductor single core cable insurface /recessed medium class PVC conduit, with",NIELIT_Campus_BOQ,259,text
NIELIT_Campus_BOQ_p259_l7,"2 1.12 Wiring forlight/power plug with 2x4Sq.mm FRPVC insulated, copper conductor, single core",NIELIT_Campus_BOQ,259,text
NIELIT_Campus_BOQ_p259_l8,cable insurface/recessed PVC conduit alongwith 1No.4Sq.mm FRPVC insulated copper,NIELIT_Campus_BOQ,259,text
NIELIT_Campus_BOQ_p259_l10,"3 1.13 Wiring forlight/power plug with 4x4Sq.mm FRPVC insulated, copper conductor, single core",NIELIT_Campus_BOQ,259,text
NIELIT_Campus_BOQ_p259_l11,cable insurface/recessed PVC conduit alongwith 2Nos. 4Sq.mm FRPVC insulated copper,NIELIT_Campus_BOQ,259,text
NIELIT_Campus_BOQ_p259_l13,4 1.14 Wiring forcircuit/sub main wiring alongwith earth wire with thefollowing sizes ofPVC insulated,NIELIT_Campus_BOQ,259,text
NIELIT_Campus_BOQ_p259_l14,"copper conductor, single core cable in surface/recessed PVC conduit as required.",NIELIT_Campus_BOQ,259,text
NIELIT_Campus_BOQ_p259_l15,a) 1.14.1 2x1.5 Sqmm + 1x1.5 Sq.mm (For circuit wiring) Metre 207 107.00 22149.00,NIELIT_Campus_BOQ,259,text
NIELIT_Campus_BOQ_p259_l26,"NAME OF WORK : PROVIDING INTERNAL ELECTRICAL INSTALLATIONS IN WORK SHOP AT NEILET, AGARTALA",NIELIT_Campus_BOQ,259,text
NIELIT_Campus_BOQ_p260_l8,"9 1.41 Installation, testing andcommissioning ofprewired fluorescent fitting/compact fluorescent fitting",NIELIT_Campus_BOQ,260,text
NIELIT_Campus_BOQ_p260_l9,"ofalltypes, complete with allaccessories and tubes etc. directly onceiling/wall including",NIELIT_Campus_BOQ,260,text
NIELIT_Campus_BOQ_p260_l12,"10 1.42 Installation, testing and commissioning ofpre-wired, fluorescent fitting /compact fluorescent",NIELIT_Campus_BOQ,260,text
NIELIT_Campus_BOQ_p260_l13,"fitting ofalltypes, complete with allaccessories andtube etc., including supplying andfixing ball",NIELIT_Campus_BOQ,260,text
NIELIT_Campus_BOQ_p260_l14,"andsocket arrangement, 2no.down rods of20mmdiaX1.6mmthick steel conduit upto 30cm",NIELIT_Campus_BOQ,260,text
NIELIT_Campus_BOQ_p260_l15,"length, painting and wiring thedown rods and connection with 1.5sq.mm FRPVC insulated,",NIELIT_Campus_BOQ,260,text
NIELIT_Campus_BOQ_p260_l17,"11 1.44 Installation, testing andcommissioning ofceiling fan,including wiring thedown rods ofstandard",NIELIT_Campus_BOQ,260,text
NIELIT_Campus_BOQ_p260_l20,12 1.49 Numbering of ceiling fan/exhaust fan/ fluorescent fittings as required. Each 31 19.50 605.00,NIELIT_Campus_BOQ,260,text
NIELIT_Campus_BOQ_p260_l24,"14 2.3 Supplying andfixing following way, single pole andneutral, sheet steel, MCB distribution board,",NIELIT_Campus_BOQ,260,text
NIELIT_Campus_BOQ_p260_l26,"bar, interconnections, powder painted including earthing etc. asrequired. (But without",NIELIT_Campus_BOQ,260,text
NIELIT_Campus_BOQ_p260_l27,MCB/RCCB/Isolator),NIELIT_Campus_BOQ,260,text
NIELIT_Campus_BOQ_p260_l28,"a) 2.3.3 2 + 8 way, Single door Each 1 553.00 553.00",NIELIT_Campus_BOQ,260,text
NIELIT_Campus_BOQ_p260_l29,"b) 2.3.4 2 + 12 way, Single door Each 1 696.00 696.00",NIELIT_Campus_BOQ,260,text
NIELIT_Campus_BOQ_p261_l2,"MCB distribution board ofsheet steel, dust protected, duly powder painted, inclusive of200amps",NIELIT_Campus_BOQ,261,text
NIELIT_Campus_BOQ_p261_l5,"phase outlets are required.) a) 2.5.1 4 way (4 + 12), Single door Each 1 2691.00 2691.00",NIELIT_Campus_BOQ,261,text
NIELIT_Campus_BOQ_p261_l14,"current circuit breaker (RCCB), having asensitivity current upto 300mAintheexisting MCB DB",NIELIT_Campus_BOQ,261,text
NIELIT_Campus_BOQ_p261_l18,"19 5.2 Earthing withGIearth pipe 4.5mlong, 40mm diaincluding accessories, andproviding masonary",NIELIT_Campus_BOQ,261,text
NIELIT_Campus_BOQ_p261_l19,enclosure with cover plate having locking arrangement and watering pipe etc.with charcoal /,NIELIT_Campus_BOQ,261,text
NIELIT_Campus_BOQ_p261_l26,existing surface/ recessed conduit/ submain wiring/ cable as required.Metre 19.00 19.50 371.00,NIELIT_Campus_BOQ,261,text
NIELIT_Campus_BOQ_p262_l2,22 NSSupplying of light fittings complete with all standard accessories of the following type as required .,NIELIT_Campus_BOQ,262,text
NIELIT_Campus_BOQ_p262_l3,a)2x36 WFl.Fitting (Mirror optics) asperBajaj Product. NoBLMRA 236TDwith lamp orsimilar,NIELIT_Campus_BOQ,262,text
NIELIT_Campus_BOQ_p262_l5,b)1x28 WFl.Fitting (Street Light) asperBajaj Product. NoBTSLF 128 T5with lamp orsimilar,NIELIT_Campus_BOQ,262,text
NIELIT_Campus_BOQ_p263_l6,"1.1.1 Lime,moorum,Building rubbishNAME OF WORK: CONSTRUCTION OF SEPTIC TANK FOR NIELIT AT AGARTALA.",NIELIT_Campus_BOQ,263,text
NIELIT_Campus_BOQ_p263_l10,2 2.8 Earth work inexcavation by mechanical means (Hydraulic,NIELIT_Campus_BOQ,263,text
NIELIT_Campus_BOQ_p263_l11,excavator/manual means infoundation treanches ordrains (not,NIELIT_Campus_BOQ,263,text
NIELIT_Campus_BOQ_p263_l16,"3 2.25 Filling available excavated earth (excluding rock) intrenches, plinth, sides",NIELIT_Campus_BOQ,263,text
NIELIT_Campus_BOQ_p263_l17,"offoundations etc.inlayers notexceeding 20cm indepth, consolidating",NIELIT_Campus_BOQ,263,text
NIELIT_Campus_BOQ_p264_l1,5 4.1 Providing and laying inposition cement concrete ofspecified grade,NIELIT_Campus_BOQ,264,text
NIELIT_Campus_BOQ_p264_l2,excluding the cost of centring and shuttering - All work upto plinth level:,NIELIT_Campus_BOQ,264,text
NIELIT_Campus_BOQ_p264_l3,a) 4.1.8 1:4:8 (1cement :4coarse sand :8graded stone aggregate 40mm,NIELIT_Campus_BOQ,264,text
NIELIT_Campus_BOQ_p264_l6,"6 5.9 Centring andshuttering including strutting, propping etc.andremoval of",NIELIT_Campus_BOQ,264,text
NIELIT_Campus_BOQ_p264_l7,form for:CONCRETE WORK:,NIELIT_Campus_BOQ,264,text
NIELIT_Campus_BOQ_p264_l10,"a) 5.9.1 Foundations, footings, bases of columns etc. for mass concrete. sqm 20.00 166.90 3338.00",NIELIT_Campus_BOQ,264,text
NIELIT_Campus_BOQ_p264_l11,"b) 5.9.2 Walls (any thickness) including attached pilasters, butteresses, plinth and",NIELIT_Campus_BOQ,264,text
NIELIT_Campus_BOQ_p264_l13,"c) 5.9.3 Suspended floors, roofs, landings, balconies and access platform. sqm 50.00 311.20 15560.00",NIELIT_Campus_BOQ,264,text
NIELIT_Campus_BOQ_p264_l14,d) 5.9.16 Edges of slabs and breaks in floors and walls,NIELIT_Campus_BOQ,264,text
NIELIT_Campus_BOQ_p264_l16,"7 5.22 Reinforcement forR.C.C. work including straightening, cutting, bending,",NIELIT_Campus_BOQ,264,text
NIELIT_Campus_BOQ_p265_l1,machine vibrated design mix cement concrete ofspecified grade for,NIELIT_Campus_BOQ,265,text
NIELIT_Campus_BOQ_p265_l2,reinforced cement concrete work including pumping ofconcrete tositeof,NIELIT_Campus_BOQ,265,text
NIELIT_Campus_BOQ_p265_l3,"laying but excluding the cost ofcentring, shuttering, finishing and",NIELIT_Campus_BOQ,265,text
NIELIT_Campus_BOQ_p265_l4,reinforcement-including admixture inrecommended proportions asper,NIELIT_Campus_BOQ,265,text
NIELIT_Campus_BOQ_p265_l8,Note-cement content considered inthisitem is@330kg/cum. Excess/less,NIELIT_Campus_BOQ,265,text
NIELIT_Campus_BOQ_p265_l9,cement used as per design mix is payable /recoverable separately ).,NIELIT_Campus_BOQ,265,text
NIELIT_Campus_BOQ_p265_l12,9 11.3 Cement concrete flooring 1:2:4 (1cement: 2coarse sand: 4graded stone,NIELIT_Campus_BOQ,265,text
NIELIT_Campus_BOQ_p265_l13,aggr.) finished with afloating coat ofneat cement including cement,NIELIT_Campus_BOQ,265,text
NIELIT_Campus_BOQ_p265_l17,10 13.7 12mm cement plaster finished with a floating coat of neat cement of mix :,NIELIT_Campus_BOQ,265,text
NIELIT_Campus_BOQ_p265_l18,a) 13.7.1 1:4 (1 cement : 4 fine sand ) Sqm 155.00 169.50 26272.50,NIELIT_Campus_BOQ,265,text
NIELIT_Campus_BOQ_p265_l19,11 13.16 6 mm cement plaster to ceiling of mix : FLOORING WORK,NIELIT_Campus_BOQ,265,text
NIELIT_Campus_BOQ_p265_l20,FINISHING WORK,NIELIT_Campus_BOQ,265,text
NIELIT_Campus_BOQ_p265_l21,11 13.16 6 mm cement plaster to ceiling of mix :,NIELIT_Campus_BOQ,265,text
NIELIT_Campus_BOQ_p265_l22,a) 13.16.1 1:3 (1 cement : 3 fine sand ) Sqm. 71.00 101.00 7171.00,NIELIT_Campus_BOQ,265,text
NIELIT_Campus_BOQ_p266_l1,encapsulated asperIS:10910 on12mm diasteel bar comforming to,NIELIT_Campus_BOQ,266,text
NIELIT_Campus_BOQ_p266_l9,"bevisible even after fixing, including fixing inmanholes with30x20x15cm",NIELIT_Campus_BOQ,266,text
NIELIT_Campus_BOQ_p266_l10,cement concrete block 1:3:6 (1cement :3coarse sand :6graded stoneEach 20 256.75 5135.00,NIELIT_Campus_BOQ,266,text
NIELIT_Campus_BOQ_p266_l11,cement concrete block 1:3:6 (1cement :3coarse sand :6graded stone,NIELIT_Campus_BOQ,266,text
NIELIT_Campus_BOQ_p266_l12,aggregate 20mm nominal size) complete as per design.,NIELIT_Campus_BOQ,266,text
NIELIT_Campus_BOQ_p266_l13,13 19.18 Supplying and fixing CI cover with frame for underground water tank:,NIELIT_Campus_BOQ,266,text
NIELIT_Campus_BOQ_p266_l17,14 19.32 Making soak pit2.5m diameter 3.0mtr. deep with 45x45cm drybrick,NIELIT_Campus_BOQ,266,text
NIELIT_Campus_BOQ_p266_l18,honey comb shat with bricks ofclass designation 75andSWdrain pipe,NIELIT_Campus_BOQ,266,text
NIELIT_Campus_BOQ_p266_l20,a) 19.32.1 With F.P.S bricks Each 415228.15 60913.00,NIELIT_Campus_BOQ,266,text
NIELIT_Campus_BOQ_p266_l22,IS:12200 forconstruction/ expansion joints between twoRCC members,NIELIT_Campus_BOQ,266,text
NIELIT_Campus_BOQ_p266_l23,andfixed tothereinforcement with binding wire before pouring concrete,NIELIT_Campus_BOQ,266,text
NIELIT_Campus_BOQ_p267_l7,a) 5 KM Cum 5.00 100.74 503.70NAME OF WORK: CONSTRUCTION OF UNDERGROUND WATER TANK FOR NIELIT AT AGARTALA TRIPURA,NIELIT_Campus_BOQ,267,text
NIELIT_Campus_BOQ_p267_l11,2 2.8 Earth work inexcavation bymechanical means (Hydraulic excavator/manual,NIELIT_Campus_BOQ,267,text
NIELIT_Campus_BOQ_p267_l12,means infoundation treanches ordrains (not exceeding 1.5m inwidth or10sqm,NIELIT_Campus_BOQ,267,text
NIELIT_Campus_BOQ_p267_l17,"3 2.25 Filling available excavated earth (excluding rock) intrenches, plinth, sides of",NIELIT_Campus_BOQ,267,text
NIELIT_Campus_BOQ_p267_l18,"foundations etc. inlayers notexceeding 20cm indepth, consolidating each",NIELIT_Campus_BOQ,267,text
NIELIT_Campus_BOQ_p268_l1,5 4.1 Providing andlaying inposition cement concrete ofspecified grade excluding the,NIELIT_Campus_BOQ,268,text
NIELIT_Campus_BOQ_p268_l2,cost of centring and shuttering - All work upto plinth level:,NIELIT_Campus_BOQ,268,text
NIELIT_Campus_BOQ_p268_l3,a) 4.1.3 1:2:4 (1 cement : 2 coarse sand : 4 graded stone aggregate 20 mm nominal size) cum 2.00 4514.05 9028.10,NIELIT_Campus_BOQ,268,text
NIELIT_Campus_BOQ_p268_l4,b) 4.1.8 1:4:8 (1 cement : 4 coarse sand : 8 graded stone aggregate 40 mm nominal size) Cum 10.00 3593.30 35933.00,NIELIT_Campus_BOQ,268,text
NIELIT_Campus_BOQ_p268_l5,6 4.17 Making Plinth protection 50mm thick ofcement concrete 1:3:6 (1cement :3,NIELIT_Campus_BOQ,268,text
NIELIT_Campus_BOQ_p268_l6,Coarse sand :6graded stone aggregate 20mm nominal size) over 75mmbedof,NIELIT_Campus_BOQ,268,text
NIELIT_Campus_BOQ_p268_l7,drybricks ballast 40mm nominal size well rammed andconsolidated andgroutedSqm 30.00 338.75 10162.50CONCRETE WORK:,NIELIT_Campus_BOQ,268,text
NIELIT_Campus_BOQ_p268_l8,drybricks ballast 40mm nominal size well rammed andconsolidated andgrouted,NIELIT_Campus_BOQ,268,text
NIELIT_Campus_BOQ_p268_l9,with fine sand including finishing the top smooth.,NIELIT_Campus_BOQ,268,text
NIELIT_Campus_BOQ_p268_l11,"7 5.9 Centring and shuttering including strutting, propping etc. and removal of form for:",NIELIT_Campus_BOQ,268,text
NIELIT_Campus_BOQ_p268_l12,"a) 5.9.1 Foundations, footings, bases of columns etc. for mass concrete. sqm 20.00 166.90 3338.00",NIELIT_Campus_BOQ,268,text
NIELIT_Campus_BOQ_p268_l13,"b) 5.9.2 Walls (any thickness) including attached pilasters, butteresses, plinth and string",NIELIT_Campus_BOQ,268,text
NIELIT_Campus_BOQ_p268_l15,"c) 5.9.3 Suspended floors, roofs, landings, balconies and access platform. sqm 50.00 311.20 15560.00",NIELIT_Campus_BOQ,268,text
NIELIT_Campus_BOQ_p268_l16,d 5.9.16 Edges of slabs and breaks in floors and walls,NIELIT_Campus_BOQ,268,text
NIELIT_Campus_BOQ_p268_l18,"8 5.22 Reinforcement forR.C.C. work including straightening, cutting, bending, placing in",NIELIT_Campus_BOQ,268,text
NIELIT_Campus_BOQ_p268_l19,position and binding all complete RCC WORK:,NIELIT_Campus_BOQ,268,text
NIELIT_Campus_BOQ_p269_l1,vibrated design mix cement concrete ofspecified grade forreinforced cement,NIELIT_Campus_BOQ,269,text
NIELIT_Campus_BOQ_p269_l2,concrete work including pumping ofconcrete tositeoflaying butexcluding thecost,NIELIT_Campus_BOQ,269,text
NIELIT_Campus_BOQ_p269_l3,"ofcentring, shuttering, finishing and reinforcement-including admixture in",NIELIT_Campus_BOQ,269,text
NIELIT_Campus_BOQ_p269_l7,Note-cement content considered inthisitem is@330kg/cum. Excess/less cement,NIELIT_Campus_BOQ,269,text
NIELIT_Campus_BOQ_p269_l11,10 11.3 Cement concrete flooring 1:2:4 (1cement: 2coarse sand: 4graded stone aggr.),NIELIT_Campus_BOQ,269,text
NIELIT_Campus_BOQ_p269_l12,"finished with afloating coat ofneat cement including cement slurry, butexcluding",NIELIT_Campus_BOQ,269,text
NIELIT_Campus_BOQ_p269_l16,11 13.4 12mm cement plaster of mix :,NIELIT_Campus_BOQ,269,text
NIELIT_Campus_BOQ_p269_l17,a) 13.4.2 1:6 (1 cement : 6 coarse sand ) Sqm 125.00 112.50 14062.50,NIELIT_Campus_BOQ,269,text
NIELIT_Campus_BOQ_p269_l18,12 13.7 12mm cement plaster finished with a floating coat of neat cement of mix :,NIELIT_Campus_BOQ,269,text
NIELIT_Campus_BOQ_p269_l19,a) 13.7.2 1:6 (1 cement : 6 coarse sand ) Sqm 200.00 153.45 30690.00FINISHING:FLOORING WORK,NIELIT_Campus_BOQ,269,text
NIELIT_Campus_BOQ_p269_l20,13 13.16 6 mm cement plaster to ceiling of mix :,NIELIT_Campus_BOQ,269,text
NIELIT_Campus_BOQ_p269_l21,a) 13.16.1 1:3 (1 cement : 3 fine sand ) Sqm. 50.00 101.00 5050.00,NIELIT_Campus_BOQ,269,text
NIELIT_Campus_BOQ_p269_l25,manufacturer on steel galvanised iron/steel works.sqm 10.00 20.70 207.00,NIELIT_Campus_BOQ,269,text
NIELIT_Campus_BOQ_p269_l26,15 13.61 Painting withsynthetic enamel paint ofapproved brand andmanufacture togive an,NIELIT_Campus_BOQ,269,text
NIELIT_Campus_BOQ_p270_l4,17 18.27 Providing &laying S&S centrifugally cast (spun) ironpipes (Class LA)conforming,NIELIT_Campus_BOQ,270,text
NIELIT_Campus_BOQ_p270_l6,a) 18.27.1 100mm dia. Pipe Mtr. 10.00 986.40 9864.00,NIELIT_Campus_BOQ,270,text
NIELIT_Campus_BOQ_p270_l8,encapsulated asperIS:10910 on12mm diasteel bar comforming toIS:1786Each 30 256.75 7702.50DRAINAGE,NIELIT_Campus_BOQ,270,text
NIELIT_Campus_BOQ_p270_l9,encapsulated asperIS:10910 on12mm diasteel bar comforming toIS:1786,NIELIT_Campus_BOQ,270,text
NIELIT_Campus_BOQ_p270_l16,"visible even after fixing, including fixing inmanholes with 30x20x15cm cement",NIELIT_Campus_BOQ,270,text
NIELIT_Campus_BOQ_p270_l17,concrete block 1:3:6 (1cement :3coarse sand :6graded stone aggregate 20mm,NIELIT_Campus_BOQ,270,text
NIELIT_Campus_BOQ_p270_l19,19 19.18 Supplying and fixing CI cover with frame for underground water tank:,NIELIT_Campus_BOQ,270,text
NIELIT_Campus_BOQ_p271_l1,20 22.1 Providing &laying integral cement based treatment forwater proofing onhorizontal,NIELIT_Campus_BOQ,271,text
NIELIT_Campus_BOQ_p271_l3,of20mm to25mm thick approved and specified rough stone slab over a25mm,NIELIT_Campus_BOQ,271,text
NIELIT_Campus_BOQ_p271_l4,thick base ofcement mortar 1:3(1cement: 3coarse sand) mixed with water,NIELIT_Campus_BOQ,271,text
NIELIT_Campus_BOQ_p271_l5,proofing compound 'conforming toIS:2645 intherecommended proportion over,NIELIT_Campus_BOQ,271,text
NIELIT_Campus_BOQ_p271_l7,grouted with cement slurry mixed with water proofing compound. ii)2nd layer of,NIELIT_Campus_BOQ,271,text
NIELIT_Campus_BOQ_p271_l8,25mm thick cement mortar 1:3(1cement: 3coarse sand) mixed with water,NIELIT_Campus_BOQ,271,text
NIELIT_Campus_BOQ_p271_l9,proofing compound inrecommended proportion. iii)Finishing topwith stoneWATER PROOFING:,NIELIT_Campus_BOQ,271,text
NIELIT_Campus_BOQ_p271_l10,proofing compound inrecommended proportion. iii)Finishing topwith stone,NIELIT_Campus_BOQ,271,text
NIELIT_Campus_BOQ_p271_l11,aggregate of10mm to12mm nominal size spreading @8cudm/Sqm thoroghly,NIELIT_Campus_BOQ,271,text
NIELIT_Campus_BOQ_p271_l14,21 22.2 Providing and laying integral cement based treatment forwater proofing onthe,NIELIT_Campus_BOQ,271,text
NIELIT_Campus_BOQ_p271_l15,vertical surface byfixing specified stone slab 22mm to25mm thick with cement,NIELIT_Campus_BOQ,271,text
NIELIT_Campus_BOQ_p271_l16,slurry mixed withwater proofing compound conforming toIS:2645 inrecommended,NIELIT_Campus_BOQ,271,text
NIELIT_Campus_BOQ_p271_l17,proportions with agapof20mm (minimum) between stone slabs andthereceiving,NIELIT_Campus_BOQ,271,text
NIELIT_Campus_BOQ_p271_l18,surfaces and filling thegaps with neat cement slurry mixed with water proofing,NIELIT_Campus_BOQ,271,text
NIELIT_Campus_BOQ_p271_l19,compound andfinishing theexterior ofstone slab with cement punning mixed with,NIELIT_Campus_BOQ,271,text
NIELIT_Campus_BOQ_p271_l20,water proofing compound inrecommended proportion complete atalllevels andas,NIELIT_Campus_BOQ,271,text
NIELIT_Campus_BOQ_p271_l24,forconstruction/ expansion joints between twoRCC members and fixed tothe forconstruction/ expansion joints between twoRCC members and fixed tothe,NIELIT_Campus_BOQ,271,text
NIELIT_Campus_BOQ_p271_l25,reinforcement with binding wire before pouring concrete etc. complete.,NIELIT_Campus_BOQ,271,text
NIELIT_Campus_BOQ_p272_l11,4 NS Providing and lowering uPVC casing/housing pipe 200mm dia. with wall thickness 10mm,NIELIT_Campus_BOQ,272,text
NIELIT_Campus_BOQ_p272_l13,5 NS Providing &fixing uPVC screen/slotted pipe with 1.5mmto3mm (slots asperstrata condition),NIELIT_Campus_BOQ,272,text
NIELIT_Campus_BOQ_p272_l15,200 mm dia uPVC socketed pipe with wall thickness 10.0 mm metre 120.00 137.93 16551.72,NIELIT_Campus_BOQ,272,text
NIELIT_Campus_BOQ_p272_l19,8 NS Providing and laying cement concrete 1:2:4 mix for sanitary sealing of well at top. Cum 3.00 2413.79 7241.38,NIELIT_Campus_BOQ,272,text
NIELIT_Campus_BOQ_p273_l3,12 NS Additional development ofTube well byhigh anover pumping unit tillcomplete development of,NIELIT_Campus_BOQ,273,text
NIELIT_Campus_BOQ_p273_l13,16 NS Providing &fixing G.Ipipes (Heavy Class) confirming toIS1239 with special fittings inexternal,NIELIT_Campus_BOQ,273,text
NIELIT_Campus_BOQ_p273_l14,"works including earthwork ,excavationin allkinds ofsoilincluding ordinary rock,refilling, painting",NIELIT_Campus_BOQ,273,text
NIELIT_Campus_BOQ_p273_l15,pipes & fitting with two coats of anti corrosive paint complete in alll respects.,NIELIT_Campus_BOQ,273,text
NIELIT_Campus_BOQ_p273_l17,17 NS Providing & filling sand of grading zone V or coarser grade all around GI pipe in external work,NIELIT_Campus_BOQ,273,text
NIELIT_Campus_BOQ_p274_l1,18 NS Submersible pumps,NIELIT_Campus_BOQ,274,text
NIELIT_Campus_BOQ_p274_l2,"19 NS Providing andinstalling submersible pump suitable for8""diacasing ofbore with SSimpeller,",NIELIT_Campus_BOQ,274,text
NIELIT_Campus_BOQ_p274_l3,"high tensile SSshaft, copper wound squirrel cage wettype induction motor 2880 rpm, 415V,50",NIELIT_Campus_BOQ,274,text
NIELIT_Campus_BOQ_p274_l6,"motor suitable foroperation on400 V,3phase, 50c.p.s. A.C. supply, water lubricated bearings",NIELIT_Campus_BOQ,274,text
NIELIT_Campus_BOQ_p274_l9,"ofmotor, including supply, testing and commissioning ofelctrical panel from the same",NIELIT_Campus_BOQ,274,text
NIELIT_Campus_BOQ_p274_l11,model and make ofpumpset &suitable Electrical panel after having yield report offully,NIELIT_Campus_BOQ,274,text
NIELIT_Campus_BOQ_p275_l5,"chamber forcoagulants like sodium alluminates etc., oxidation chamber",NIELIT_Campus_BOQ,275,text
NIELIT_Campus_BOQ_p275_l6,"with manganese dioxide ,meterning pump for coagulant dosing ,air",NIELIT_Campus_BOQ,275,text
NIELIT_Campus_BOQ_p275_l7,"compressor ofsuitable capacity with motor ,back washing arrangements,",NIELIT_Campus_BOQ,275,text
NIELIT_Campus_BOQ_p275_l8,"disinfection with sodium hypochlorite solution through metering pump ,all",NIELIT_Campus_BOQ,275,text
NIELIT_Campus_BOQ_p275_l9,"necessary pipes forraw water collection ,inter collecting allchambers",NIELIT_Campus_BOQ,275,text
NIELIT_Campus_BOQ_p275_l10,",delivery outlet asnecessary with 150mmdiaMSpipe alongwith allrelated",NIELIT_Campus_BOQ,275,text
NIELIT_Campus_BOQ_p275_l11,"civil,mechanical andelectrical works etc.complete asperapproved process",NIELIT_Campus_BOQ,275,text
NIELIT_Campus_BOQ_p276_l6,roller orwooden orsteel rammers and rolling every 3rdand top,NIELIT_Campus_BOQ,276,text
NIELIT_Campus_BOQ_p276_l11,"2 2.25 Filling available excavated earth (excluding rock) intrenches,",NIELIT_Campus_BOQ,276,text
NIELIT_Campus_BOQ_p276_l12,"plinth, sides offoundations etc.inlayers notexceeding 20cm in",NIELIT_Campus_BOQ,276,text
NIELIT_Campus_BOQ_p276_l23,a) 16.3.1 90mm to 45mm size stone aggregate Cum 600.00 1010.75 606450.00,NIELIT_Campus_BOQ,276,text
NIELIT_Campus_BOQ_p276_l24,b) 16.3.2 63mm to 45mm size stone aggregate Cum 300.00 1100.80 330240.00,NIELIT_Campus_BOQ,276,text
NIELIT_Campus_BOQ_p276_l25,c) 16.3.3 53mm to 22.4mm size stone aggregate Cum 300.00 1190.80 357240.00NAME OF THE WORK:PROPOSED CONSTRUCTION OF ROAD WORK FOR NIELIT AT AGARTALA,NIELIT_Campus_BOQ,276,text
NIELIT_Campus_BOQ_p277_l4,5 16.4 Laying spreding and compacting stone aggregate ofspecified,NIELIT_Campus_BOQ,277,text
NIELIT_Campus_BOQ_p277_l9,interstices ofcoarse aggregate watering and compacting tothe,NIELIT_Campus_BOQ,277,text
NIELIT_Campus_BOQ_p278_l3,"stone aggregate ofquality, size and grading asspecified ,with",NIELIT_Campus_BOQ,278,text
NIELIT_Campus_BOQ_p278_l5,"aggregate asspecified ,spreading coarse aggregate with thehelp",NIELIT_Campus_BOQ,278,text
NIELIT_Campus_BOQ_p278_l6,ofself propelled /tipper tailmounted aggregate spreader and,NIELIT_Campus_BOQ,278,text
NIELIT_Campus_BOQ_p278_l8,"aggregate withthehelp ofaggregate spreader complete ,including",NIELIT_Campus_BOQ,278,text
NIELIT_Campus_BOQ_p278_l12,aggregate ofsize 63-41 mmgraded @.18 cum per10sqm .With,NIELIT_Campus_BOQ,278,text
NIELIT_Campus_BOQ_p278_l15,"stone ofM-25 grade cement inposition totherequired line, level",NIELIT_Campus_BOQ,278,text
NIELIT_Campus_BOQ_p278_l16,andcurvature jointed with cement mortar 1:3(1cement: 3coarse,NIELIT_Campus_BOQ,278,text
NIELIT_Campus_BOQ_p278_l17,sand) including making joints with orwithout grooves (thicness of,NIELIT_Campus_BOQ,278,text
NIELIT_Campus_BOQ_p278_l19,drainage opening wherever required complete etc.asperdirection,NIELIT_Campus_BOQ,278,text
NIELIT_Campus_BOQ_p278_l23,10 16.68 Providing and laying 60mm thick factory made cement concrete,NIELIT_Campus_BOQ,278,text
NIELIT_Campus_BOQ_p278_l27,"including 50mm thick compacted bed ofcoarse sand, filling the",NIELIT_Campus_BOQ,278,text
NIELIT_Campus_BOQ_p278_l28,joints with coars sand etc.allcomplete asperthedirection ofthe,NIELIT_Campus_BOQ,278,text
NIELIT_Campus_BOQ_p279_l0,BOUNDARY WALL= 1015 METER,NIELIT_Campus_BOQ,279,text
NIELIT_Campus_BOQ_p279_l4,1 2.6 Earth work inexcavation bymechanical means (Hydraulic,NIELIT_Campus_BOQ,279,text
NIELIT_Campus_BOQ_p279_l5,"excavator/manual means over areas (exceeding 30cm indepth ,NAME OF THE WORK:PROPOSED CONSTRUCTION OF BOUNDARY WALL FOR NIELIT AT",NIELIT_Campus_BOQ,279,text
NIELIT_Campus_BOQ_p279_l13,"2 2.25 Filling available excavated earth (excluding rock) intrenches,",NIELIT_Campus_BOQ,279,text
NIELIT_Campus_BOQ_p279_l14,"plinth, sides offoundations etc.inlayers notexceeding 20cm in",NIELIT_Campus_BOQ,279,text
NIELIT_Campus_BOQ_p279_l17,3 4.1 Providing andlaying inposition cement concrete ofspecified grade,NIELIT_Campus_BOQ,279,text
NIELIT_Campus_BOQ_p279_l18,excluding thecost ofcentring andshuttering -Allwork upto plinth,NIELIT_Campus_BOQ,279,text
NIELIT_Campus_BOQ_p279_l20,a) 4.1.6 1:3:6 (1cement :3coarse sand :6graded stone aggregate 40,NIELIT_Campus_BOQ,279,text
NIELIT_Campus_BOQ_p280_l2,"4 5.9 Centring and shuttering including strutting, propping etc. and",NIELIT_Campus_BOQ,280,text
NIELIT_Campus_BOQ_p280_l4,"a) 5.9.1 Foundations, footings, bases of columns etc. for mass concrete. sqm 384.00 166.90 64089.60",NIELIT_Campus_BOQ,280,text
NIELIT_Campus_BOQ_p280_l5,"b 5.9.5 Lintels, beams, plinth beams, girders, bressumers and cantilevers. sqm 576.00 262.25 151056.00",NIELIT_Campus_BOQ,280,text
NIELIT_Campus_BOQ_p280_l6,"c 5.9.6 Columns, Pillars, Piers, Abutments, posts and Struts sqm 1182.00 365.60 432139.20",NIELIT_Campus_BOQ,280,text
NIELIT_Campus_BOQ_p280_l8,and machine vibrated design mixcement concrete ofspecified,NIELIT_Campus_BOQ,280,text
NIELIT_Campus_BOQ_p280_l9,grade forreinforced cement concrete work including pumping of grade forreinforced cement concrete work including pumping of,NIELIT_Campus_BOQ,280,text
NIELIT_Campus_BOQ_p280_l10,"concrete tosite oflaying butexcluding thecost ofcentring,",NIELIT_Campus_BOQ,280,text
NIELIT_Campus_BOQ_p280_l11,"shuttering, finishing and reinforcement-including admixture in",NIELIT_Campus_BOQ,280,text
NIELIT_Campus_BOQ_p280_l15,Note-cement content considered inthis item is@330kg/cum.,NIELIT_Campus_BOQ,280,text
NIELIT_Campus_BOQ_p280_l16,Excess/less cement used asper design mix ispayable,NIELIT_Campus_BOQ,280,text
NIELIT_Campus_BOQ_p280_l19,b 5.33.2 All works above plinth level upto floor five level Cum 102.00 5781.50 589713.00,NIELIT_Campus_BOQ,280,text
NIELIT_Campus_BOQ_p280_l20,"6 5.22 Steel reinforcement forR.C.C. work including straightening,",NIELIT_Campus_BOQ,280,text
NIELIT_Campus_BOQ_p280_l24,"7 5.22A Steel reinforcement forR.C.C. work including straightening,",NIELIT_Campus_BOQ,280,text
NIELIT_Campus_BOQ_p281_l2,8 10.25 Steel work welded inbuilt upsections/framed work including,NIELIT_Campus_BOQ,281,text
NIELIT_Campus_BOQ_p281_l4,approved steel primer using structural steel etc. as required,NIELIT_Campus_BOQ,281,text
NIELIT_Campus_BOQ_p281_l7,9 13.1 12mm cement plaster of mix :,NIELIT_Campus_BOQ,281,text
NIELIT_Campus_BOQ_p281_l8,a) 13.1.2 1:6 (1 cement : 6 fine sand ) Sqm 3048.00 112.50 342900.00,NIELIT_Campus_BOQ,281,text
NIELIT_Campus_BOQ_p281_l9,10 13.2 15mmcement plaster ontherough side ofsingle orhalfbrick wall,NIELIT_Campus_BOQ,281,text
NIELIT_Campus_BOQ_p281_l11,a) 13.2.2 1:6 (1 cement : 6 fine sand ) Sqm 2663.00 130.20 346722.60,NIELIT_Campus_BOQ,281,text
NIELIT_Campus_BOQ_p281_l12,11 13.61 Painting with synthetic enamel paint ofapproved brand and,NIELIT_Campus_BOQ,281,text
NIELIT_Campus_BOQ_p281_l15,12 13.46 Finishing walls with water proofing cement paint of required shade,NIELIT_Campus_BOQ,281,text
NIELIT_Campus_BOQ_p281_l19,13 NS Brick work with FPS bricks ofclass designation 100infoundation,NIELIT_Campus_BOQ,281,text
NIELIT_Campus_BOQ_p281_l21,a) Cement mortar 1:6 (1 cement: 6 coarse sand) Cum 233.00 3964.2 923658.60BRICK WORK:TOTAL OF SCHEDULE ITEMS,NIELIT_Campus_BOQ,281,text
NIELIT_Campus_BOQ_p281_l22,14 NS Brick work with F.P.S. bricks ofclass designation 100 in,NIELIT_Campus_BOQ,281,text
NIELIT_Campus_BOQ_p281_l23,superstructure above plinth level uptofloor Vlevel inallshapes,NIELIT_Campus_BOQ,281,text
NIELIT_Campus_BOQ_p281_l25,a) Cement mortar 1:6 (1 cement: 6 coarse sand) Cum 306.00 4160.34 1273065.52,NIELIT_Campus_BOQ,281,text
NIELIT_Campus_BOQ_p282_l5,1 2.8 Earth work inexcavation infoundations trenches ordrains (not,NIELIT_Campus_BOQ,282,text
NIELIT_Campus_BOQ_p282_l11,2 4.1 Providing andlaying inposition cement concrete ofspecified grade,NIELIT_Campus_BOQ,282,text
NIELIT_Campus_BOQ_p282_l12,excluding thecostofcentring andshuttering -Allwork upto plinth,NIELIT_Campus_BOQ,282,text
NIELIT_Campus_BOQ_p282_l14,a) 4.1.9 1:4:8 (1cement :4fine sand :8graded stone aggregate 40mm,NIELIT_Campus_BOQ,282,text
NIELIT_Campus_BOQ_p282_l16,3 6.1 Brick work withcommon burnt clay F.P.S (nonmodular )bricks ofclass,NIELIT_Campus_BOQ,282,text
NIELIT_Campus_BOQ_p282_l17,designation 7.5 in foundation & plinth in:,NIELIT_Campus_BOQ,282,text
NIELIT_Campus_BOQ_p282_l18,a) 6.1.2 Cement mortar 1:6 (1 cement: 6 coarse sand) Cum 196.00 3316.55 650044.00,NIELIT_Campus_BOQ,282,text
NIELIT_Campus_BOQ_p282_l19,4 13.7 12mm cement plaster finished withafloating coat ofneat cement ofmix,NIELIT_Campus_BOQ,282,text
NIELIT_Campus_BOQ_p282_l21,a) 13.7.1 1:4 (1 cement : 4 fine sand ) Sqm 1288.00 153.45 197644.00,NIELIT_Campus_BOQ,282,text
NIELIT_Campus_BOQ_p282_l24,5 NS Providing andlaying coping coarse 40mmthick cement concrete 1:2:4,NIELIT_Campus_BOQ,282,text
NIELIT_Campus_BOQ_p282_l25,(1cement :2coarse sand :4graded stone aggregate 12.5 mmnominal,NIELIT_Campus_BOQ,282,text
NIELIT_Campus_BOQ_p282_l26,size) mixed with water profing compound 2% by wt of cementSqm 288.00 213.72 61553.00,NIELIT_Campus_BOQ,282,text
NIELIT_Campus_BOQ_p282_l27,"RS. 61553.00NAME OF THE PROJECT:PROPOSED CONSTRUCTION OF STORM WATER DRAIN FOR NIELIT AT AGARTALA,TRIPURA.",NIELIT_Campus_BOQ,282,text
NIELIT_Campus_BOQ_p282_l28,NAME OF WORK: CONSTRUCTION OF ( 800mm width ) STORM WATER DRAINAGE,NIELIT_Campus_BOQ,282,text
NIELIT_Campus_BOQ_p283_l3,1 2.6 Earth work in excavation by mechanical means (Hydraulic,NIELIT_Campus_BOQ,283,text
NIELIT_Campus_BOQ_p283_l5,"width aswell as10sqm onplan) including disposal ofexcavated earth,NAME OF WORK : CONSTRUCTION. OF PROPOSED 85 METER RCC RETAINING FOR WALL NIELIT AT AGARTALA",NIELIT_Campus_BOQ,283,text
NIELIT_Campus_BOQ_p283_l12,"2 2.25 Filling available excavated earth (excluding rock) intrenches, plinth, sides",NIELIT_Campus_BOQ,283,text
NIELIT_Campus_BOQ_p283_l13,"offoundations etc.inlayers notexceeding 20cm indepth, consolidating",NIELIT_Campus_BOQ,283,text
NIELIT_Campus_BOQ_p283_l16,3 4.1 Providing and laying inposition cement concrete ofspecified grade,NIELIT_Campus_BOQ,283,text
NIELIT_Campus_BOQ_p283_l17,excluding the cost of centring and shuttering - All work upto plinth level:,NIELIT_Campus_BOQ,283,text
NIELIT_Campus_BOQ_p283_l18,a) 4.1.8 1:4:8 (1cement :4coarse sand :8graded stone aggregate 40mm,NIELIT_Campus_BOQ,283,text
NIELIT_Campus_BOQ_p283_l19,nominal size) cum 20.00 3593.30 71866.00CONCRETE WORK:,NIELIT_Campus_BOQ,283,text
NIELIT_Campus_BOQ_p284_l3,"4 5.9 Centring and shuttering including strutting, propping etc.and removal of",NIELIT_Campus_BOQ,284,text
NIELIT_Campus_BOQ_p284_l5,"a) 5.9.1 Foundations, footings, bases of columns etc. for mass concrete. sqm 153.00 166.90 25535.70",NIELIT_Campus_BOQ,284,text
NIELIT_Campus_BOQ_p284_l6,"b) 5.9.2 Walls (any thickness) including attached pilasters, butteresses, plinth and",NIELIT_Campus_BOQ,284,text
NIELIT_Campus_BOQ_p284_l8,"c 5.22 Reinforcement forR.C.C. work including straightening, cutting, bending,",NIELIT_Campus_BOQ,284,text
NIELIT_Campus_BOQ_p284_l10,d 5.22.6 Thermo-Mechanically Treated bars Kg. 27600.00 62.25 1718100.00RCC WORK:,NIELIT_Campus_BOQ,284,text
NIELIT_Campus_BOQ_p284_l13,machine vibrated design mix cement concrete ofspecified grade for,NIELIT_Campus_BOQ,284,text
NIELIT_Campus_BOQ_p284_l14,reinforced cement concrete work including pumping ofconcrete tositeof,NIELIT_Campus_BOQ,284,text
NIELIT_Campus_BOQ_p284_l15,"laying but excluding the cost ofcentring, shuttering, finishing and",NIELIT_Campus_BOQ,284,text
NIELIT_Campus_BOQ_p284_l16,reinforcement-including admixture inrecommended proportions asper,NIELIT_Campus_BOQ,284,text
NIELIT_Campus_BOQ_p284_l20,Note-cement content considered inthisitem is@330kg/cum. Excess/less,NIELIT_Campus_BOQ,284,text
NIELIT_Campus_BOQ_p284_l21,cement used as per design mix is payable /recoverable separately ).,NIELIT_Campus_BOQ,284,text
NIELIT_Campus_BOQ_p285_l2,surface/recess PVC/ steel conduit as required.(For wiring of light fitting from junction box),NIELIT_Campus_BOQ,285,text
NIELIT_Campus_BOQ_p285_l4,"2 5.2 Earthing with GIearth pipe 4.5m long, 40mm diaincluding accessories &providing masonary enclosure with",NIELIT_Campus_BOQ,285,text
NIELIT_Campus_BOQ_p285_l5,cover plate having locking arrangement and watering pipe etc.with charcoal /coke and saltcomplete etc.as,NIELIT_Campus_BOQ,285,text
NIELIT_Campus_BOQ_p285_l8,surface/ recessed conduit/ submain wiring/ cable as required.Metre 500 19.50 9750.00,NIELIT_Campus_BOQ,285,text
NIELIT_Campus_BOQ_p285_l19,ofthebatter. Thebattery should behoused inaboxmade from galvanised steel andpowder coated so,NIELIT_Campus_BOQ,285,text
NIELIT_Campus_BOQ_p285_l25,7 NSProviding &fixing GIpipe of32mm diaforcable entry including fixing alongwith pole/ground with clamp,NIELIT_Campus_BOQ,285,text
NIELIT_Campus_BOQ_p285_l26,in concrete/ground etc. complete as required.Mtr 58 151.72 8800.00,NIELIT_Campus_BOQ,285,text
NIELIT_Campus_BOQ_p285_l28,moulded SMC sheet ofsize285mm x210mm x117mm complete with4Nos. electrolytic aluminium bus-,NIELIT_Campus_BOQ,285,text
NIELIT_Campus_BOQ_p286_l0,9The Pole shall beerected onthefoundation made ofM-25 reinforced cement concrete foundation of,NIELIT_Campus_BOQ,286,text
NIELIT_Campus_BOQ_p286_l2,"mm. (D)(above ground) i.e.excavation ofearth, providing cutting, bending and placing inposition,",NIELIT_Campus_BOQ,286,text
NIELIT_Campus_BOQ_p286_l3,reinforcement ofcold twisted bars of12mm. dia1660 mmlong (approx.) 8Nos. andreinforcement ring,NIELIT_Campus_BOQ,286,text
NIELIT_Campus_BOQ_p286_l5,positioning of foundation bolts and providing 75 mm. (O.D) Each 29 3937.93 114200.00,NIELIT_Campus_BOQ,286,text
NIELIT_Campus_BOQ_p286_l6,10 NSSupplying &laying inground oronsurface orinexisting pipe asperCPWD specifications ofPVC,NIELIT_Campus_BOQ,286,text
NIELIT_Campus_BOQ_p286_l11,mm(NB) dia.Pipe 3.5metre long andintegral CIbottom diaof150mmcomplete with 300mmx300,NIELIT_Campus_BOQ,286,text
NIELIT_Campus_BOQ_p286_l12,"mmx12mmthick MSplate, built incylindrical control boxandservice door. Aesthetic appearance is",NIELIT_Campus_BOQ,286,text
NIELIT_Campus_BOQ_p286_l14,pole iscoated with epoxy zinc phosphate primer andfinished with polyurethane based paint Thepole is,NIELIT_Campus_BOQ,286,text
NIELIT_Campus_BOQ_p287_l7,"etc., Pinanddisc insulators, necessary MSangle/ flatsupports, suitable foundations GIstay wire,",NIELIT_Campus_BOQ,287,text
NIELIT_Campus_BOQ_p287_l8,"painting ofallsteel items (degreasing, derusting, phosphating and passsivation followed byone",NIELIT_Campus_BOQ,287,text
NIELIT_Campus_BOQ_p287_l9,coat of redoxide primer and finished by 2 coats of aluminium paints) complete in all repectsSet 1 198620.69 198621.00,NIELIT_Campus_BOQ,287,text
NIELIT_Campus_BOQ_p287_l11,"2 NS Supplying, installing, testing andcommissioning of400KVA, outdoor, oilfilled type 11KV/433V, 3",NIELIT_Campus_BOQ,287,text
NIELIT_Campus_BOQ_p287_l15,"conservator tank with Buchholz' relay tripsystem, earthing terminal, lifting hook, inspection cover,",NIELIT_Campus_BOQ,287,text
NIELIT_Campus_BOQ_p287_l21,"The panel shall beindoor, free floor standing, metal clad, power coated, dust &vermin proof,",NIELIT_Campus_BOQ,287,text
NIELIT_Campus_BOQ_p287_l22,compartment type enclosure ofIP-42 &fabricated outof2mm thick CRCA sheet with necessary,NIELIT_Campus_BOQ,287,text
NIELIT_Campus_BOQ_p287_l23,busbarand cable alleyes and foundation channel of100x50x6mm. The incoming and outgoing,NIELIT_Campus_BOQ,287,text
NIELIT_Campus_BOQ_p287_l24,"feeders shall beaccomodated inamulti-tier arrangement, painting, earting, sign writing, numbering",NIELIT_Campus_BOQ,287,text
NIELIT_Campus_BOQ_p287_l25,shall becomplete with foundation channel of100x50x6mm asperspecifications &single line,NIELIT_Campus_BOQ,287,text
NIELIT_Campus_BOQ_p288_l22,"415volts. The panel shall beindoor, free floor standing, metal clad, power coated, dust &vermin",NIELIT_Campus_BOQ,288,text
NIELIT_Campus_BOQ_p288_l23,"proof, compartment type enclosure ofIP-42 &fabricated outof2mm thick CRCA sheet with",NIELIT_Campus_BOQ,288,text
NIELIT_Campus_BOQ_p288_l24,necessary busbarandcable alleyes andfoundation channel of100x50x6mm. The incoming and,NIELIT_Campus_BOQ,288,text
NIELIT_Campus_BOQ_p288_l25,"outgoing feeders shall beaccomodated inamulti-tier arrangement, painting, earting, sign writing,",NIELIT_Campus_BOQ,288,text
NIELIT_Campus_BOQ_p288_l26,numbering shall becomplete with foundation channel of100x50x6mm asperspecifications &,NIELIT_Campus_BOQ,288,text
NIELIT_Campus_BOQ_p289_l13,"5 NS Supply, installation, testing and commissioning of100 KVAR floor mounted, indoor type,",NIELIT_Campus_BOQ,289,text
NIELIT_Campus_BOQ_p289_l14,"wall/floor mounted, cubicle, automatic power factor correction panel made outof14SWG cold",NIELIT_Campus_BOQ,289,text
NIELIT_Campus_BOQ_p289_l15,"rolled sheet steel suitable foroperation on415V, 50Hz,3phase, ACsystem including cutting,",NIELIT_Campus_BOQ,289,text
NIELIT_Campus_BOQ_p289_l16,"welding, fabricating, painting including supplying andfixing following items inexisting panel inter-",NIELIT_Campus_BOQ,289,text
NIELIT_Campus_BOQ_p290_l11,"AC, alongwith engine control panel aswell aselectrical control panel, sound proof acoustic",NIELIT_Campus_BOQ,290,text
NIELIT_Campus_BOQ_p290_l12,"enclosure, common base frame, foundation, standard fittings and accessories complete inall",NIELIT_Campus_BOQ,290,text
NIELIT_Campus_BOQ_p290_l18,"conforming toIS-10002, BS-5514, ISO-3046 standards complete with allfittings &accessories",NIELIT_Campus_BOQ,290,text
NIELIT_Campus_BOQ_p290_l26,"iii) 24Volts D.C. electrical start system complete with starting arrangement, sealed maintenance free",NIELIT_Campus_BOQ,290,text
NIELIT_Campus_BOQ_p290_l29,iv) Inlinemono-block fuelinjection pump with electronic governig system andfuelfeed pump with,NIELIT_Campus_BOQ,290,text
NIELIT_Campus_BOQ_p291_l2,arrangement with cushy foot mounting includings including painting etc. as required.,NIELIT_Campus_BOQ,291,text
NIELIT_Campus_BOQ_p291_l3,vii) FOUNDATION -Providing and making C.C. (1:2:4) foundation including edge protection with,NIELIT_Campus_BOQ,291,text
NIELIT_Campus_BOQ_p291_l4,painted MSangle 35x35x3mm andplastering etc. Thefoundation shall besuitable forinstallation,NIELIT_Campus_BOQ,291,text
NIELIT_Campus_BOQ_p291_l6,viii) FUEL TANK &FUEL PIPE -Supplying and installation ofwelded steel daytank tohold atotal,NIELIT_Campus_BOQ,291,text
NIELIT_Campus_BOQ_p291_l7,"quantity suitable for12hours operation, complete with fuellevel indicator, inlet andoutlet pipes",NIELIT_Campus_BOQ,291,text
NIELIT_Campus_BOQ_p291_l8,"withstrainers, internal piping arrangement andfinished painting etc. Supplying andlaying B-class",NIELIT_Campus_BOQ,291,text
NIELIT_Campus_BOQ_p291_l9,GIpipe ofsuitable size toserve asfuelpipe from fueltank toengine including necessary clamps,NIELIT_Campus_BOQ,291,text
NIELIT_Campus_BOQ_p291_l11,ix) EXHAUST PIPE -Supplying andfixing ofsuitable size(as permanufacturer's recommendations) of,NIELIT_Campus_BOQ,291,text
NIELIT_Campus_BOQ_p291_l12,"MSpipe -Cclass forfume-exhaust with suitable suppolrting arangement, atsuitable distance all",NIELIT_Campus_BOQ,291,text
NIELIT_Campus_BOQ_p291_l15,"andbolts, canopy andmaking masonary opening inthewallforexhaust pipe &finishing thesame",NIELIT_Campus_BOQ,291,text
NIELIT_Campus_BOQ_p291_l20,"xi) First filloffueloilinthedaytank, engine testcertificate, engine maintenance manual with thelist",NIELIT_Campus_BOQ,291,text
NIELIT_Campus_BOQ_p291_l24,160KVA/128KW at0.8pf(lag). Theinsulation class ofwindings shall beH.Thevoltage regulation,NIELIT_Campus_BOQ,291,text
NIELIT_Campus_BOQ_p291_l28,"field type (brushless), synchronous, selfexcited, self-regulated, floor mounted with single bearing",NIELIT_Campus_BOQ,291,text
NIELIT_Campus_BOQ_p291_l29,"design, complete with allfittings &asseccories. The alternator shall confirm toIS4722/BS-2613",NIELIT_Campus_BOQ,291,text
NIELIT_Campus_BOQ_p292_l1,"panel shall beindoor type, dust &vermin proof, free floor standing, metal clad, powder coated",NIELIT_Campus_BOQ,292,text
NIELIT_Campus_BOQ_p292_l2,having degree ofprotection notless than IP-42 &fabricated outof2mm thick CRCA sheet with,NIELIT_Campus_BOQ,292,text
NIELIT_Campus_BOQ_p292_l3,"necessary electrolytic alum. busbar, connections, inter-connections, internal wiring, gland plates,",NIELIT_Campus_BOQ,292,text
NIELIT_Campus_BOQ_p292_l5,"aspersite requirement, painting, earthing, sign writing, numbering, complete with foundation",NIELIT_Campus_BOQ,292,text
NIELIT_Campus_BOQ_p292_l13,"inner sheath, galvanised steel strip armoured, andoverall PVC sheathed black cable conforming to",NIELIT_Campus_BOQ,292,text
NIELIT_Campus_BOQ_p292_l24,9 NS MSbuckets (5Nos.) of15/20 litres capacity painted with redoxide paint &lettered as'FIRE' with,NIELIT_Campus_BOQ,292,text
NIELIT_Campus_BOQ_p292_l25,"White and mounted on free standing stand, as required including filling with dry sandEach 1 2758.62 2759.00",NIELIT_Campus_BOQ,292,text
NIELIT_Campus_BOQ_p292_l27,11 NS Supply of enamelled first-aid box with standard medicines complete as required. Each 2 965.52 1931.00,NIELIT_Campus_BOQ,292,text
NIELIT_Campus_BOQ_p293_l1,"DSR)Supply &laying offollowing sizes ofhume pipes forroad crossing, paved areas etc.including",NIELIT_Campus_BOQ,293,text
NIELIT_Campus_BOQ_p293_l2,"collars and misc. jointing accessories, digging the trench, back filling etc. complete in all respec ts.",NIELIT_Campus_BOQ,293,text
NIELIT_Campus_BOQ_p293_l6,"following size direct inground including excavation, sand cushioning, protective covering and",NIELIT_Campus_BOQ,293,text
NIELIT_Campus_BOQ_p293_l7,refilling the trench etc as required.,NIELIT_Campus_BOQ,293,text
NIELIT_Campus_BOQ_p293_l21,"18 2.21 Providing andfixing M.V. danger notice plate of200mmX150mm, made ofmild steel, atleast 2",NIELIT_Campus_BOQ,293,text
NIELIT_Campus_BOQ_p293_l22,"mmthick, andvitreous enameled white onboth sides, andwith inscription insingle redcolour on",NIELIT_Campus_BOQ,293,text
NIELIT_Campus_BOQ_p293_l24,"19 2.22 Providing andfixing H.T. danger notice plate of250mmX200mm, made ofmild steel, atleast 2",NIELIT_Campus_BOQ,293,text
NIELIT_Campus_BOQ_p293_l25,"mmthick, andvitreous enameled white onboth sides, andwith inscription insingle redcolour on",NIELIT_Campus_BOQ,293,text
NIELIT_Campus_BOQ_p293_l28,providing masonry enclosure withcover plate having locking arrangement andwatering pipe of2.7,NIELIT_Campus_BOQ,293,text
NIELIT_Campus_BOQ_p293_l30,21 5.10 Providing and fixing 25mm X5mm copper strip in40mm diaG.I. pipe from earth electrode,NIELIT_Campus_BOQ,293,text
NIELIT_Campus_BOQ_p293_l31,"including connection with brass nut, bolt, spring, washer excavation and re-filling etc. as required .Metre 60 962.00 57720.00",NIELIT_Campus_BOQ,293,text
NIELIT_Campus_BOQ_p294_l0,"23 10.2 Supplying and making outdoor cable end jointing with cast resin compound, including lugs and",NIELIT_Campus_BOQ,294,text
BITM_BOQ_p1_l9,"1.2Earthwork inexcavation offoundation trenches ordrains,",BITM_BOQ,1,text
BITM_BOQ_p1_l11,heterogenic soil but excluding laterite or sandstone),BITM_BOQ,1,text
BITM_BOQ_p1_l16,complete. Depth of excavation not exceeding 1500mm.2Cum. 119.27 238.54,BITM_BOQ,1,text
BITM_BOQ_p1_l17,1.3Earthwork infillinginfoundation trenches orplinthwith,BITM_BOQ,1,text
BITM_BOQ_p1_l22,With earth obtained from excavation of foundation.2Cum. 77.54 155.08,BITM_BOQ,1,text
BITM_BOQ_p1_l23,1.4Fillinginfoundation orplinthbysilver sand inlayersnot,BITM_BOQ,1,text
BITM_BOQ_p1_l26,including the cost of supply of sand. (Payment to be made,BITM_BOQ,1,text
BITM_BOQ_p1_l29,2.1Dismantling alltypesofmasonry excepting cement,BITM_BOQ,1,text
BITM_BOQ_p1_l30,"concrete plain or reinforced, stacking serviceable materials",BITM_BOQ,1,text
BITM_BOQ_p1_l32,150m. At any floor including roof.0.5Cum 447.00 223.50,BITM_BOQ,1,text
BITM_BOQ_p1_l33,"2.2Dismantling alltypesofplaincement concrete works,",BITM_BOQ,1,text
BITM_BOQ_p1_l38,"2.3Dismantling R.C.floor,roof,beamsetc.including cutting",BITM_BOQ,1,text
BITM_BOQ_p1_l40,"150m. Including stacking of steel bars.0.5Cum 1,956.00 978.00",BITM_BOQ,1,text
BITM_BOQ_p1_l41,2.4Stripping offwornoutplasterandrakingoutjointsof,BITM_BOQ,1,text
BITM_BOQ_p1_l42,"walls, ceilings etc upto any height and in any floor",BITM_BOQ,1,text
BITM_BOQ_p1_l45,2.5Cutting holesandsubsequent mending goodofdamages.,BITM_BOQ,1,text
BITM_BOQ_p1_l47,2.5.1a) In brick work [Cement - 4.0 kg/Mtr] 1Mtr. 111.00 111.00,BITM_BOQ,1,text
BITM_BOQ_p1_l48,2.5.2b) In concrete work (plain or R.C) [Cement - 3.0 Kg/Mtr.] 1Mtr. 137.00 137.00 BILL OF QUANTITIES (CIVIL WORK),BITM_BOQ,1,text
BITM_BOQ_p1_l49,"Name of work: Annual maintenance contract for Civil, Sanitary & Plumbing works at",BITM_BOQ,1,text
BITM_BOQ_p2_l9,3.0Plain and Reinforced Concrete and Allied Works :::,BITM_BOQ,2,text
BITM_BOQ_p2_l10,3.1Ordinary cementconcrete (mix1:2:4)withgradedstone,BITM_BOQ,2,text
BITM_BOQ_p2_l11,chips (20mm nominal Size) excluding shuttering and,BITM_BOQ,2,text
BITM_BOQ_p2_l12,"reinforcement, if any at any floor/level.0.5Cum. 5,449.81 2,724.91",BITM_BOQ,2,text
BITM_BOQ_p2_l13,3.2Ordinary cementconcrete (mix1:1.5:3)withgradedstone,BITM_BOQ,2,text
BITM_BOQ_p2_l14,chips (20mm nominal Size) excluding shuttering and,BITM_BOQ,2,text
BITM_BOQ_p2_l15,"reinforcement, if any at any floor/level.0.5Cum. 5,999.81 2,999.91",BITM_BOQ,2,text
BITM_BOQ_p2_l16,3.3Hireandlabourcharges forshuttering withcentering and,BITM_BOQ,2,text
BITM_BOQ_p2_l19,"required bracing for concrete slabs, beams, columns, lintels,",BITM_BOQ,2,text
BITM_BOQ_p2_l20,"curved or straight including fitting, fixing and striking out",BITM_BOQ,2,text
BITM_BOQ_p2_l21,after completion of works.In any floor.,BITM_BOQ,2,text
BITM_BOQ_p2_l22,3.3.1a)25mmto30mmthickwooden shuttering asperdecision,BITM_BOQ,2,text
BITM_BOQ_p2_l24,3.3.2b)Steelshuttering or9to12mmthickapproved qualityply,BITM_BOQ,2,text
BITM_BOQ_p2_l25,board shuttering in any concrete work.1Sqm. 369.00 369.00,BITM_BOQ,2,text
BITM_BOQ_p2_l26,3.3.3c)25mmto30mmthickwooden shuttering without staging,BITM_BOQ,2,text
BITM_BOQ_p2_l27,in foundation/ floor.2Sqm. 209.00 418.00,BITM_BOQ,2,text
BITM_BOQ_p2_l28,3.4Extraforstaging inanyfloor(Modeofmeasurement: area,BITM_BOQ,2,text
BITM_BOQ_p2_l30,3.5Reinforcement forreinforced concrete workinallsortsof,BITM_BOQ,2,text
BITM_BOQ_p2_l37,"For works in foundation, basement and upto any floor &",BITM_BOQ,2,text
BITM_BOQ_p2_l38,"any height, using Tor/ Mild Steel",BITM_BOQ,2,text
BITM_BOQ_p2_l40,"BMASL/ELECTROSTEEL/SSL0.05MT 68,200.00 3,410.00",BITM_BOQ,2,text
BITM_BOQ_p2_l41,3.6Supplying andlayingPolythene sheet(150gm/ Sqm)over,BITM_BOQ,2,text
BITM_BOQ_p2_l42,damp proof course or below flooring or roof terracing or in,BITM_BOQ,2,text
BITM_BOQ_p2_l43,foundation or in foundation trenches.5Sqm. 24.00 120.00,BITM_BOQ,2,text
BITM_BOQ_p3_l4,3.740mm.thickdampproofcoursewithcement concrete,BITM_BOQ,3,text
BITM_BOQ_p3_l6,water proofing compound of approved brand @ 0.2%,BITM_BOQ,3,text
BITM_BOQ_p3_l7,weight of cement including cost of materials over two coats,BITM_BOQ,3,text
BITM_BOQ_p3_l8,of non toxic acrylic polymer modified cementitious,BITM_BOQ,3,text
BITM_BOQ_p3_l9,waterproofing slurry coat complete [cost of water proofing,BITM_BOQ,3,text
BITM_BOQ_p3_l10,compound and non toxic paint to be paid seperately) for,BITM_BOQ,3,text
BITM_BOQ_p3_l12,4.0Masonry and Allied Works :::,BITM_BOQ,3,text
BITM_BOQ_p3_l13,4.1Singlebrickflatsolingwithpickedjhamabricksincluding,BITM_BOQ,3,text
BITM_BOQ_p3_l14,ramming and dressing bed to proper level and filling joints,BITM_BOQ,3,text
BITM_BOQ_p3_l15,with local sand.1Sqm. 361.00 361.00,BITM_BOQ,3,text
BITM_BOQ_p3_l16,4.2Labourforlayingsinglebrickflatsolingwithdepartmental,BITM_BOQ,3,text
BITM_BOQ_p3_l17,bricks including carriage of departmental bricks within a,BITM_BOQ,3,text
BITM_BOQ_p3_l19,brick joints properly filled in and packed with local sand or,BITM_BOQ,3,text
BITM_BOQ_p3_l22,obtaining local sand or powdered earth)10Sqm. 40.00 400.00,BITM_BOQ,3,text
BITM_BOQ_p3_l23,4.3Brickworkwith1stclassbricks(Classdesignation 75)in,BITM_BOQ,3,text
BITM_BOQ_p3_l24,cement mortar (1:6),BITM_BOQ,3,text
BITM_BOQ_p3_l25,"4.3.1a) In foundation and plinth 0.2Cum. 5,413.00 1,082.60",BITM_BOQ,3,text
BITM_BOQ_p3_l26,"4.3.2b) In superstructure at any floor. 0.5Cum. 5,636.00 2,818.00",BITM_BOQ,3,text
BITM_BOQ_p3_l27,4.4125mm thickbrickworkwith1stclassbricksincement,BITM_BOQ,3,text
BITM_BOQ_p3_l28,"mortar (1:4) in any floor.3Sqm. 736.00 2,208.00",BITM_BOQ,3,text
BITM_BOQ_p3_l29,"4.575mmthickbrickworkwith1stclassbrickssetincement,",BITM_BOQ,3,text
BITM_BOQ_p3_l30,sand morter (1:4) in ground floor including H.B. netting in,BITM_BOQ,3,text
BITM_BOQ_p3_l31,"every alternate layer. In any floor.2Sqm. 504.00 1,008.00",BITM_BOQ,3,text
BITM_BOQ_p3_l32,"4.6Plaster(towall,floor,ceilingetc.)withsandandcement",BITM_BOQ,3,text
BITM_BOQ_p3_l36,(Ground floor). [Excluding cost of chipping over concrete,BITM_BOQ,3,text
BITM_BOQ_p3_l38,"4.6.1With 1:6 cement mortar 15mm. Thick. 30Sqm. 151.00 4,530.00",BITM_BOQ,3,text
BITM_BOQ_p3_l39,"4.6.2With 1:4 cement mortar 10mm. Thick. 10Sqm. 133.00 1,330.00",BITM_BOQ,3,text
BITM_BOQ_p3_l40,4.7LabourforChipping ofconcrete surfacebeforetakingup,BITM_BOQ,3,text
BITM_BOQ_p3_l41,Plastering work.10 Sqm. 21.00 210.00,BITM_BOQ,3,text
BITM_BOQ_p3_l42,4.8Ornamental brickedging(75mmwide)incompound,BITM_BOQ,3,text
BITM_BOQ_p3_l43,"roads, gardens etc. with 1st class or picked jhama bricks",BITM_BOQ,3,text
BITM_BOQ_p3_l46,appearance including cutting trench laying bricks and,BITM_BOQ,3,text
BITM_BOQ_p4_l4,"4.9Bricksedging75mmwidewithpickedjhamabricks,laid",BITM_BOQ,4,text
BITM_BOQ_p4_l6,"soil or in hard metalled surface, laying the bricks and",BITM_BOQ,4,text
BITM_BOQ_p4_l9,direction. Brick-on- end edging (125 mm ) depth2Mtr. 46.16 92.32,BITM_BOQ,4,text
BITM_BOQ_p4_l10,4.10Labourfortakingoutbrickon-edge ofherringbonebond,BITM_BOQ,4,text
BITM_BOQ_p4_l13,5.0 Floor Finish and Allied Works :::,BITM_BOQ,4,text
BITM_BOQ_p4_l14,"5.1Neatcementpunning about1.5mmthickinwall,dado,",BITM_BOQ,4,text
BITM_BOQ_p4_l15,"window sill, floor etc.",BITM_BOQ,4,text
BITM_BOQ_p4_l16,(cement 0.152 cum per 100 Sqm)20Sqm. 34.00 680.00,BITM_BOQ,4,text
BITM_BOQ_p4_l17,"5.2Artificial stoneinfloor,dado,staircase etcwithcement",BITM_BOQ,4,text
BITM_BOQ_p4_l18,"concrete (1:2:4) with stone chips, laid in panels as directed",BITM_BOQ,4,text
BITM_BOQ_p4_l19,with topping made with ordinary or white cement (as,BITM_BOQ,4,text
BITM_BOQ_p4_l21,smooth finishing and rounding off corners including raking,BITM_BOQ,4,text
BITM_BOQ_p4_l22,out joints or roughening of concrete surface and application,BITM_BOQ,4,text
BITM_BOQ_p4_l23,of cement slurry before flooring works using cement @ 1.75,BITM_BOQ,4,text
BITM_BOQ_p4_l25,ground floor 3 mm. thick topping (High polishing grinding,BITM_BOQ,4,text
BITM_BOQ_p4_l26,on this item is not permitted with ordinary cement). Using,BITM_BOQ,4,text
BITM_BOQ_p4_l27,"grey cement, 25 mm. thick.1Sqm. 273.00 273.00",BITM_BOQ,4,text
BITM_BOQ_p4_l28,"5.3Supplying, fittingandfixingBlackStoneslabusedin",BITM_BOQ,4,text
BITM_BOQ_p4_l29,"Kitchen slab, alcove, wardrobe etc. laid and jointed with",BITM_BOQ,4,text
BITM_BOQ_p4_l30,necessary adhesive Cement mortar (1:2) including grinding,BITM_BOQ,4,text
BITM_BOQ_p4_l32,Ground Floor. Slab thickness 20 to 25 mm.1Sqm. 643.00 643.00,BITM_BOQ,4,text
BITM_BOQ_p4_l33,"5.4Supplying, fittingandfixing20mm.to37mm.thickchunar",BITM_BOQ,4,text
BITM_BOQ_p4_l34,/Mirzapur /Dholpur slab in floor set in 20 mm thick(avg.),BITM_BOQ,4,text
BITM_BOQ_p4_l35,cement mortar (1:4) bed and pointing with cement mortar,BITM_BOQ,4,text
BITM_BOQ_p4_l36,"(1:2) (cement 1, stone dust 2) with admixture of pigment",BITM_BOQ,4,text
BITM_BOQ_p4_l38,complete as per direction of Engg.-in-Charge (Usingcement,BITM_BOQ,4,text
BITM_BOQ_p4_l41,"5.518mmto22mmthick,kotastoneslabsetin20mm",BITM_BOQ,4,text
BITM_BOQ_p4_l42,"thick(avg) cement mortar (1:4) in floor, stair & lobby",BITM_BOQ,4,text
BITM_BOQ_p4_l43,including pointing in cement slurry with admixture of,BITM_BOQ,4,text
BITM_BOQ_p5_l4,"5.6Supplying, fittingandfixing18mm.To22mm.Thickkota",BITM_BOQ,5,text
BITM_BOQ_p5_l5,"stone slabin wall, dado in 15 mm thick[avg] cement mortar",BITM_BOQ,5,text
BITM_BOQ_p5_l8,cement mortar(1:2)(1 cement : 2 marble dust) with,BITM_BOQ,5,text
BITM_BOQ_p5_l12,"scaffolding, staging, curing complete. [Using cement slurry",BITM_BOQ,5,text
BITM_BOQ_p5_l14,"5.7Supplying, fittingandfixingMarbleslab/tileof15to18",BITM_BOQ,5,text
BITM_BOQ_p5_l15,"mm thick in floor, lobby, dado, stair, landing & trades etc",BITM_BOQ,5,text
BITM_BOQ_p5_l16,over 20 mm thick (Avg.) base of cement mortar (1:2) laid,BITM_BOQ,5,text
BITM_BOQ_p5_l17,with white cement slurry @ 4.4 Kg/Sqm. before placing,BITM_BOQ,5,text
BITM_BOQ_p5_l18,marble & jointed with white cement slurry @ 2.0 kg/Sqm,BITM_BOQ,5,text
BITM_BOQ_p5_l24,"5.8Supplying, fitting&fixinggranitetiles10mmto12mm",BITM_BOQ,5,text
BITM_BOQ_p5_l25,"thick in columns, wall, facia etc. with 15 thick [avg] cement",BITM_BOQ,5,text
BITM_BOQ_p5_l28,pointing in cement mortar (1:2) (1 white cement : 2 marble,BITM_BOQ,5,text
BITM_BOQ_p5_l32,curing and roughening of concrete surface complete.,BITM_BOQ,5,text
BITM_BOQ_p5_l33,[Using cement slurry at back side of tiles @ 4.4 kg/sq.m &,BITM_BOQ,5,text
BITM_BOQ_p5_l34,"white cement slurry for joint filling @ 1.8 kg/sq.m]1Sqm. 1,762.00 1,762.00",BITM_BOQ,5,text
BITM_BOQ_p5_l35,"5.9Supplying, fitting&fixinggraniteslabs15mmto18mm",BITM_BOQ,5,text
BITM_BOQ_p5_l37,"columns, wall, facia, riser etc. with 15 mm thick [avg]",BITM_BOQ,5,text
BITM_BOQ_p5_l38,cement mortar (1:2) including making suitable,BITM_BOQ,5,text
BITM_BOQ_p5_l40,hooks including pointing in cement mortar (1:2) (1 white,BITM_BOQ,5,text
BITM_BOQ_p5_l41,cement : 2 marble dust) with admixture of pigment,BITM_BOQ,5,text
BITM_BOQ_p5_l45,concrete surface complete. [Using cement slurry at back,BITM_BOQ,5,text
BITM_BOQ_p5_l46,side of granite @ 4.4 kg/sq.m & white cement slurry for,BITM_BOQ,5,text
BITM_BOQ_p5_l47,joint filling @ 1.8 kg/sq.m],BITM_BOQ,5,text
BITM_BOQ_p5_l48,"Area of each Granite slab 0.6 to 1.0 Square meter.1Sqm. 2,936.00 2,936.00",BITM_BOQ,5,text
BITM_BOQ_p5_l49,"5.10Supplying, fitting&fixing1stqualityCeramic tilesinwalls",BITM_BOQ,5,text
BITM_BOQ_p5_l50,and floors to match with the existing work & 4 nos. of key,BITM_BOQ,5,text
BITM_BOQ_p5_l51,stones (10 mm) fixed with araldite at the back of each tile &,BITM_BOQ,5,text
BITM_BOQ_p5_l52,finishing the joints with white cement mixed with colouring,BITM_BOQ,5,text
BITM_BOQ_p5_l53,oxide if required to match the colour of tiles including,BITM_BOQ,5,text
BITM_BOQ_p5_l54,"roughening of concrete surface, if necessary or by synthetic",BITM_BOQ,5,text
BITM_BOQ_p6_l4,5.10.1(A)Floor :WithSandCementMortar(1:4)20mmthick&2,BITM_BOQ,6,text
BITM_BOQ_p6_l5,mm thick cement slurry at back side of tiles using cement @,BITM_BOQ,6,text
BITM_BOQ_p6_l6,2.91 kg/Sq.m & joint filling using white cement slurry @,BITM_BOQ,6,text
BITM_BOQ_p6_l8,5.10.1.1 (a) Area of each tile upto 0.09 sqm,BITM_BOQ,6,text
BITM_BOQ_p6_l10,5.10.1.2 (b) Area of each tile above 0.09 sq m,BITM_BOQ,6,text
BITM_BOQ_p6_l12,5.10.2(B)Wall :withSandCement Mortar(1:3)15mmthick&2,BITM_BOQ,6,text
BITM_BOQ_p6_l13,mm thick cement slurry at back side of tiles using cement @,BITM_BOQ,6,text
BITM_BOQ_p6_l14,2.91 kg/Sq.m & joint filling using white cement slurry @,BITM_BOQ,6,text
BITM_BOQ_p6_l16,5.10.2.1 (a) Area of each tile upto 0.09 sq m,BITM_BOQ,6,text
BITM_BOQ_p6_l18,5.10.2.2 (b) Area of each tile above 0.09 sq m,BITM_BOQ,6,text
BITM_BOQ_p6_l21,vitrified tiles of approved brand (sizenot less than 600mm x,BITM_BOQ,6,text
BITM_BOQ_p6_l22,"600mm x 10mm thick) in floor, skirting etc. set in 20 mm.",BITM_BOQ,6,text
BITM_BOQ_p6_l23,sand cement mortar (1:4) and 2 mm thick cement slurry,BITM_BOQ,6,text
BITM_BOQ_p6_l24,back side of tiles using cement @ 2.91 Kg/Sqmt. Or using,BITM_BOQ,6,text
BITM_BOQ_p6_l26,over finished artificial stone floor/ mosaic etc. with out any,BITM_BOQ,6,text
BITM_BOQ_p6_l28,"of cement per Sqm. below mortar only, joins grouted with",BITM_BOQ,6,text
BITM_BOQ_p6_l29,admixture of white cement and colouring pigment to match,BITM_BOQ,6,text
BITM_BOQ_p6_l30,with colour of tiles/epoxy grout material of approved make,BITM_BOQ,6,text
BITM_BOQ_p6_l32,tiles with warm water and polishing the tiles using soft and,BITM_BOQ,6,text
BITM_BOQ_p6_l37,"5.11.1Withapplication slurry@1.75kg/Sqm, 20mmsandcement",BITM_BOQ,6,text
BITM_BOQ_p6_l38,mortar (1:4) & 2 mm thick cement slurry at back side of,BITM_BOQ,6,text
BITM_BOQ_p6_l39,"tiles, 0.2 kg/Sqm white cement for joint filling with",BITM_BOQ,6,text
BITM_BOQ_p6_l44,materials for filling joints including spacer 2 mm (Applied,BITM_BOQ,6,text
BITM_BOQ_p6_l45,directly over finished artificial stone floor/ mosaic etc.),BITM_BOQ,6,text
BITM_BOQ_p6_l48,"5.12Supplying, fitting&fixingGlassmosaictilesatfinished",BITM_BOQ,6,text
BITM_BOQ_p6_l49,plain wall surface of size 20 mm x 20 mm x 4 mm in all,BITM_BOQ,6,text
BITM_BOQ_p6_l51,of Engineer in- Charge. The glass mosaic tiles to be fixed on,BITM_BOQ,6,text
BITM_BOQ_p6_l52,thewallsurface with the help of approved adhesive applied,BITM_BOQ,6,text
BITM_BOQ_p7_l5,5.13Supplying &laying20mmdesigner chequered tilesofany,BITM_BOQ,7,text
BITM_BOQ_p7_l8,including necessary underlay 25 mm thick average cement,BITM_BOQ,7,text
BITM_BOQ_p7_l10,materials [using cement slurry @ 4.4 kg/Sq.m at back side,BITM_BOQ,7,text
BITM_BOQ_p7_l11,of tiles.]1Sqm. 836.00 836.00,BITM_BOQ,7,text
BITM_BOQ_p7_l13,"proof, flexible & homogeneous P.V.C. Vinyle flooring 2",BITM_BOQ,7,text
BITM_BOQ_p7_l16,"floor, levelling & smothaning when necessary with suitable",BITM_BOQ,7,text
BITM_BOQ_p7_l19,5.1550mmthickinterlocking designer concrete paverblockM-,BITM_BOQ,7,text
BITM_BOQ_p7_l22,2006(over 20-30 mm medium sand bed on 200mm thk,BITM_BOQ,7,text
BITM_BOQ_p7_l23,bound gnaular /granular base course includingcost of sand,BITM_BOQ,7,text
BITM_BOQ_p7_l24,for sand bed but excluding cost of base course & subgrade,BITM_BOQ,7,text
BITM_BOQ_p7_l28,5.16Layingoldcementcocreteinterlocking paverblocksofany,BITM_BOQ,7,text
BITM_BOQ_p7_l31,"of coarse sand, filling the joints with fine sand etc. all",BITM_BOQ,7,text
BITM_BOQ_p7_l35,5.17Providing andfixingatorneargroundlevelprecastcement,BITM_BOQ,7,text
BITM_BOQ_p7_l36,concrete in kerbs (size: 450 mm x 350 mm x width 150 mm,BITM_BOQ,7,text
BITM_BOQ_p7_l37,at bottom with bevelled nosing at top) of cement concreat,BITM_BOQ,7,text
BITM_BOQ_p7_l38,"M20 Grade without reinforcement,",BITM_BOQ,7,text
BITM_BOQ_p7_l40,after preparing the bed grade and slopes by laying Cement,BITM_BOQ,7,text
BITM_BOQ_p7_l41,concrete with jhama khoa (1:4:8) as per specification and,BITM_BOQ,7,text
BITM_BOQ_p7_l42,direction of Engineer-in- Charge including filling of joints,BITM_BOQ,7,text
BITM_BOQ_p7_l43,with 10 mm thick cement morter (3:1) and back filling the,BITM_BOQ,7,text
BITM_BOQ_p7_l46,carriage of all materials complete. (Pre-cast Cement,BITM_BOQ,7,text
BITM_BOQ_p7_l47,Concrete kerbstone shall be approved by Engineer-in-,BITM_BOQ,7,text
BITM_BOQ_p7_l48,charge) including earthwork in excavation etc complete.1Rm 636.00 636.00,BITM_BOQ,7,text
BITM_BOQ_p7_l49,5.18Labour forsettingtilesinfloor/pavement incement,BITM_BOQ,7,text
BITM_BOQ_p7_l50,mortar (1:4) and joints finished with white cement.1Sqm. 101.00 101.00,BITM_BOQ,7,text
BITM_BOQ_p8_l4,5.19Repairing cracksinfloorwithcementmortar(1:2)with,BITM_BOQ,8,text
BITM_BOQ_p8_l9,5.20.1a) Marble floor / marble dado 10Sqm. 6.96 69.60,BITM_BOQ,8,text
BITM_BOQ_p8_l10,5.20.2b) Floor / dado other than marble. 10Sqm. 5.52 55.20,BITM_BOQ,8,text
BITM_BOQ_p8_l14,5.22Grinding toMarble/ mosaicfloorincluding remaining,BITM_BOQ,8,text
BITM_BOQ_p8_l17,5.23Resetting ofoldKota/Dungri/ Mirzapur/ sandstoneslab,BITM_BOQ,8,text
BITM_BOQ_p8_l18,"in 20 mm thick (avg.) cement mortar (1:4) bed, joints",BITM_BOQ,8,text
BITM_BOQ_p8_l19,finished with necessary pigments or with white cement,BITM_BOQ,8,text
BITM_BOQ_p8_l21,5.24TakingoutMirzapur orglazedporcelain tilescarefully by,BITM_BOQ,8,text
BITM_BOQ_p8_l22,chiselling from walls or floor including stacking serviceable,BITM_BOQ,8,text
BITM_BOQ_p8_l24,5.25Resetting oldglazedporcelain/ ceramictilesin20mmthick,BITM_BOQ,8,text
BITM_BOQ_p8_l25,cement mortar (1:4) including 4 nos of key stone (10mm),BITM_BOQ,8,text
BITM_BOQ_p8_l27,cement slurry using cement @ 2.91 Kg/Sqm at the back of,BITM_BOQ,8,text
BITM_BOQ_p8_l28,tiles and finishing joints with white cement & colouring,BITM_BOQ,8,text
BITM_BOQ_p8_l29,oxide (if required) to match the colour of tiles over,BITM_BOQ,8,text
BITM_BOQ_p8_l30,application slurry @ 1.75 kg/sqm below cement mortar,BITM_BOQ,8,text
BITM_BOQ_p8_l32,"6.0Roofing, Down pipes etc :::",BITM_BOQ,8,text
BITM_BOQ_p8_l34,sheet (6 mm. thick) work (excluding the supporting,BITM_BOQ,8,text
BITM_BOQ_p8_l40,"6.2Supplying, fitting&fixingZn-Alalloy(55%Al&45%Zn)",BITM_BOQ,8,text
BITM_BOQ_p8_l42,coated on both side) steel sheet work having minimum,BITM_BOQ,8,text
BITM_BOQ_p8_l49,coated sheet of Tata Blue Scope Steel Brand 0.5 mm thick,BITM_BOQ,8,text
BITM_BOQ_p8_l50,sheet (Payment to be made on area of finished work).1Sqm. 787.00 787.00,BITM_BOQ,8,text
BITM_BOQ_p8_l51,"6.3Galvanised ironsheetridgingfittedwithnecessary bolts,",BITM_BOQ,8,text
BITM_BOQ_p8_l53,mm lapping each way with 0.63 mm sheet.1Mtr 380.00 380.00,BITM_BOQ,8,text
BITM_BOQ_p9_l4,6.4Galvanised ironsheeteavesgutterfittedandfixedwith,BITM_BOQ,9,text
BITM_BOQ_p9_l6,"design, bolts, nuts, washers etc. complete. Eaves gutter",BITM_BOQ,9,text
BITM_BOQ_p9_l7,made of 0.63 mm. sheets.(300mm End lapping) 225 mm,BITM_BOQ,9,text
BITM_BOQ_p9_l8,wide gutter.1Mtr 342.00 342.00,BITM_BOQ,9,text
BITM_BOQ_p9_l9,"6.5Supplying, fittingandfixingglassreinforced polyester",BITM_BOQ,9,text
BITM_BOQ_p9_l10,translucent fiber glass sheet to match with GCI Corrugation,BITM_BOQ,9,text
BITM_BOQ_p9_l15,mm thick sheet. (3.25 kg/sq.m) Coloured other than natural,BITM_BOQ,9,text
BITM_BOQ_p9_l17,"6.6Supplying, fittingandfixingglassreinforced polyester",BITM_BOQ,9,text
BITM_BOQ_p9_l20,bitumen washers complete. 1.6mm +/- 0.2 mm thick sheet.,BITM_BOQ,9,text
BITM_BOQ_p9_l22,"6.7Supplying, fitting&fixingpolycarbonate sheetofapproved",BITM_BOQ,9,text
BITM_BOQ_p9_l27,"and bottom member in dry-glaze sandwitch system, (unit",BITM_BOQ,9,text
BITM_BOQ_p9_l33,"without anyway puncturing the polycarbonate sheet,",BITM_BOQ,9,text
BITM_BOQ_p9_l39,"6.7.1With2wall6mmoverallthickness (wt.1.30kg/sqm,",BITM_BOQ,9,text
BITM_BOQ_p9_l42,"6.7.2With2wall8mmoverall thickness (wt.1.50kg/sqm,",BITM_BOQ,9,text
BITM_BOQ_p9_l45,"6.7.3With2wall10mmoverall thickness (wt.1.70kg/sqm,",BITM_BOQ,9,text
BITM_BOQ_p9_l48,"6.7.4With4wall8mmoverall thickness (wt.1.60kg/sqm,",BITM_BOQ,9,text
BITM_BOQ_p9_l51,"6.7.5With4wall10mmoverall thickness (wt.1.75kg/sqm,",BITM_BOQ,9,text
BITM_BOQ_p9_l54,"6.8Galvanised orpainted windtiemadeofM.S.flats,fitted",BITM_BOQ,9,text
BITM_BOQ_p9_l55,"and fixed complete including cost of necessary fitting,",BITM_BOQ,9,text
BITM_BOQ_p10_l13,water proofing membrane conforming to EN 12311-1 &,BITM_BOQ,10,text
BITM_BOQ_p10_l17,reinforcement @160 gms per sqm & both faces covered with,BITM_BOQ,10,text
BITM_BOQ_p10_l22,cement mortar (1:2) admixing Sika Latex etc. Lap joint shall,BITM_BOQ,10,text
BITM_BOQ_p10_l36,6.12Repairs toroofcrackswithsandandcementmortar(1:4),BITM_BOQ,10,text
BITM_BOQ_p10_l38,the cracks with net cement before repairs (cement 0.63,BITM_BOQ,10,text
BITM_BOQ_p10_l40,"6.13Fittingandfixingoldpiecesofasbestos, G.C.I.orC.I.sheets",BITM_BOQ,10,text
BITM_BOQ_p10_l41,or plain sheets including closing old holes with washers,BITM_BOQ,10,text
BITM_BOQ_p10_l42,"and sheet-bolts and nuts, etc. and including fixing the same",BITM_BOQ,10,text
BITM_BOQ_p10_l44,putty etc. (excluding cost of sheets). (Payment to be made,BITM_BOQ,10,text
BITM_BOQ_p10_l46,(ii) With all new fittings including the cost thereof. (a) In,BITM_BOQ,10,text
BITM_BOQ_p10_l52,6.15Removing chockage of rain water pipes with split bamboo. 50Mtr. 7.51 375.501 Sq.m 407.00 407.00,BITM_BOQ,10,text
BITM_BOQ_p11_l4,"6.16Supplying, fitting&fixingUPVCpipesA-Typeandfittings",BITM_BOQ,11,text
BITM_BOQ_p11_l6,"nails, including making holes in walls, floor etc. cutting",BITM_BOQ,11,text
BITM_BOQ_p11_l7,trenches in any soil through masonry concrete structures,BITM_BOQ,11,text
BITM_BOQ_p11_l11,6.16.1UPVC Pipes : 75 mm Dia 3Mtr. 188.00 564.00,BITM_BOQ,11,text
BITM_BOQ_p11_l12,6.16.2UPVC Pipes : 110 mm Dia 3Mtr. 251.00 753.00,BITM_BOQ,11,text
BITM_BOQ_p11_l13,6.16.3UPVC Fittings: Plain tee 75 mm. Dia. 2Nos 102.00 204.00,BITM_BOQ,11,text
BITM_BOQ_p11_l14,6.16.4UPVC Fittings: Plain tee 110 mm. Dia. 2Nos 172.00 344.00,BITM_BOQ,11,text
BITM_BOQ_p11_l15,6.16.5UPVC Fittings : Plain Y 75 mm. Dia. 1Nos 125.00 125.00,BITM_BOQ,11,text
BITM_BOQ_p11_l16,6.16.6UPVC Fittings : Plain Y 110 mm. Dia. 1Nos 223.00 223.00,BITM_BOQ,11,text
BITM_BOQ_p11_l17,"6.16.7UPVC Fittings : Bend 87.5 degree, 75 mm Dia 2Nos 84.00 168.00",BITM_BOQ,11,text
BITM_BOQ_p11_l18,"6.16.8UPVC Fittings : Bend 87.5 degree, 110 mm Dia 2Nos 140.00 280.00",BITM_BOQ,11,text
BITM_BOQ_p11_l19,6.16.9UPVC Fittings : Shoe : 75 mm. dia 1Nos 78.00 78.00,BITM_BOQ,11,text
BITM_BOQ_p11_l20,6.16.10UPVC Fittings : Shoe : 110 mm. dia 1Nos 111.00 111.00,BITM_BOQ,11,text
BITM_BOQ_p11_l21,"7.0Structural Steel, Grills, Gates etc. :::",BITM_BOQ,11,text
BITM_BOQ_p11_l41,rates are considered for a hight of erection 8 m. / 2nd floor,BITM_BOQ,11,text
BITM_BOQ_p11_l43,each additional floor or 4m. beyond the initial 8 m. or part,BITM_BOQ,11,text
BITM_BOQ_p11_l49,"windows, railing etc. fitted and fixed with necessary screws",BITM_BOQ,11,text
BITM_BOQ_p11_l50,and lugs in any floor. (The weight of grill per sq.m. will be,BITM_BOQ,11,text
BITM_BOQ_p12_l9,/ square bars or angles. M.S. sheet (not less than 14 gauge),BITM_BOQ,12,text
BITM_BOQ_p12_l11,"welding, locking and hanging arrangements, fitting and",BITM_BOQ,12,text
BITM_BOQ_p12_l13,7.4Supplying 1.5mmthickM.S.sheetfittedandfixedononeor,BITM_BOQ,12,text
BITM_BOQ_p12_l17,"7.5Supply, fitting&fixingofcollapsible gatewith40mmx",BITM_BOQ,12,text
BITM_BOQ_p12_l22,"steel rollers including locking arrangements, fitted and",BITM_BOQ,12,text
BITM_BOQ_p12_l23,fixed in position with lugs set in cement concrete and,BITM_BOQ,12,text
BITM_BOQ_p12_l24,"including cutting necessary holes, chasing etc. in walls,",BITM_BOQ,12,text
BITM_BOQ_p12_l25,"floors etc. and making good damage complete.1Sqm. 3,402.00 3,402.00",BITM_BOQ,12,text
BITM_BOQ_p12_l26,"7.6Supply, fitting&fixingsteelrollingshutterprofiletype",BITM_BOQ,12,text
BITM_BOQ_p12_l27,"with 18 BG approve type steel latch section 75mm wide,",BITM_BOQ,12,text
BITM_BOQ_p12_l28,fitted with coil wire spring to necessitate the fitting of,BITM_BOQ,12,text
BITM_BOQ_p12_l30,seamless steel tube complete with locking arrangements,BITM_BOQ,12,text
BITM_BOQ_p12_l32,channels including providing a hood for the steel rolling,BITM_BOQ,12,text
BITM_BOQ_p12_l33,"shutter in the room, painting two coats of approved",BITM_BOQ,12,text
BITM_BOQ_p12_l34,aluminium paint over a coat of red lead primer complete.,BITM_BOQ,12,text
BITM_BOQ_p12_l37,"7.7Supplying fittingandfixingsteelrollinggrillslinktype,",BITM_BOQ,12,text
BITM_BOQ_p12_l38,shutter with 18 B.G .of approved type steel to the section,BITM_BOQ,12,text
BITM_BOQ_p12_l40,fitting of required Nos. of C.I. Pulleys on heavy type solid,BITM_BOQ,12,text
BITM_BOQ_p12_l41,drawn seamless steel tube complete with locking,BITM_BOQ,12,text
BITM_BOQ_p12_l43,guide channels including providing a hood for the steel,BITM_BOQ,12,text
BITM_BOQ_p12_l44,"rolling shutter in the room, painting two coats of approved",BITM_BOQ,12,text
BITM_BOQ_p12_l45,aluminium paint over a coat of red lead primer complete.,BITM_BOQ,12,text
BITM_BOQ_p12_l51,with new rivets and fitting in position and painting two,BITM_BOQ,12,text
BITM_BOQ_p13_l7,dismantling by parts for repair or (replacement of damaged,BITM_BOQ,13,text
BITM_BOQ_p13_l8,"parts only), rehanging and refitting the same in position",BITM_BOQ,13,text
BITM_BOQ_p13_l11,7.12Renewing seampipeforrollingshutterasperexisting size,BITM_BOQ,13,text
BITM_BOQ_p13_l12,"and shape fitting, fixing complete3Mtr. 210.00 630.00",BITM_BOQ,13,text
BITM_BOQ_p13_l13,7.13Renewing side split pin for seam pipe for rolling shutter. 2Each 26.00 52.00,BITM_BOQ,13,text
BITM_BOQ_p13_l16,7.15Renewing profileofrollingshutterincluding fittingfixing,BITM_BOQ,13,text
BITM_BOQ_p13_l19,shape including fitting fixing complete1Each 609.00 609.00,BITM_BOQ,13,text
BITM_BOQ_p13_l20,7.17Renewing steelplatedoroxidized casement stayorpegstay,BITM_BOQ,13,text
BITM_BOQ_p13_l21,of steel window frames including painting two coats,BITM_BOQ,13,text
BITM_BOQ_p13_l22,approved paint complete. 5Each 70.00 350.00,BITM_BOQ,13,text
BITM_BOQ_p13_l23,7.18Renewing onepointsteel(oxidised) handleofsteeldoor,BITM_BOQ,13,text
BITM_BOQ_p13_l24,and windows as directed including painting complete.5Each 61.00 305.00,BITM_BOQ,13,text
BITM_BOQ_p13_l25,7.19Repairing steelshutterwithnewrivetsincluding takingout,BITM_BOQ,13,text
BITM_BOQ_p13_l28,7.20Renewing hingeofsteelshutterincluding takingoutold,BITM_BOQ,13,text
BITM_BOQ_p13_l31,7.21Providing &fixingsteelpegstay300mmlongincluding,BITM_BOQ,13,text
BITM_BOQ_p13_l32,fitting and fixing.10Each 25.00 250.00,BITM_BOQ,13,text
BITM_BOQ_p13_l36,"8.0Painting, White washing, Polishing etc. :::",BITM_BOQ,13,text
BITM_BOQ_p13_l39,should be used in the finishing coat) all floors. Two coats,BITM_BOQ,13,text
BITM_BOQ_p13_l41,8.2Applying Decorative cement basedpaintofapproved,BITM_BOQ,13,text
BITM_BOQ_p13_l43,thoroughly on plastered or concreted surface,BITM_BOQ,13,text
BITM_BOQ_p13_l44,(manufacturers specifications to be followed) at any floor.,BITM_BOQ,13,text
BITM_BOQ_p14_l4,"8.3AcrylicDistemper tointerior wall,ceilingwithacoatof",BITM_BOQ,14,text
BITM_BOQ_p14_l10,approved quality and brand on plastered or concrete,BITM_BOQ,14,text
BITM_BOQ_p14_l11,surface old or new surface to receive Distemper/Acrylic,BITM_BOQ,14,text
BITM_BOQ_p14_l12,emulsion paint including scraping and preparing the,BITM_BOQ,14,text
BITM_BOQ_p14_l14,specification and as per direction of the EIC (At any Floor),BITM_BOQ,14,text
BITM_BOQ_p14_l16,8.5Applying Acrylicemulsion paintofapproved makeand,BITM_BOQ,14,text
BITM_BOQ_p14_l17,brand on walls and ceiling including sand papering in,BITM_BOQ,14,text
BITM_BOQ_p14_l24,Glamour/ Silk Luxury Emulsion; AsianPaints:Royale,BITM_BOQ,14,text
BITM_BOQ_p14_l29,quality and brand on plastered or concrete surface old or,BITM_BOQ,14,text
BITM_BOQ_p14_l31,smooth finish acrylic exterior emulsion paint including,BITM_BOQ,14,text
BITM_BOQ_p14_l34,"EIC. (At any Floor). (a) One Coat & more50Sqm. 31.40 1,570.00",BITM_BOQ,14,text
BITM_BOQ_p14_l35,8.7Protective andDecorative Acrylicexterior emulsion paint,BITM_BOQ,14,text
BITM_BOQ_p14_l44,8.8Priming onecoatonetimberorplastered surface with,BITM_BOQ,14,text
BITM_BOQ_p14_l46,"smoothening surfaces by sand papering etc.50Sqm. 38.00 1,900.00",BITM_BOQ,14,text
BITM_BOQ_p14_l47,8.9Priming onecoatonetimberorplastered surface with,BITM_BOQ,14,text
BITM_BOQ_p14_l49,"smoothening surfaces by sand papering etc.50Sqm. 29.00 1,450.00",BITM_BOQ,14,text
BITM_BOQ_p14_l50,8.10Painting withbestquality synthetic enamel paintof,BITM_BOQ,14,text
BITM_BOQ_p14_l52,by sand papering etc. including using of approved putty,BITM_BOQ,14,text
BITM_BOQ_p15_l5,"gloss on timber or plastered surface.20Sqm. 54.00 1,080.00",BITM_BOQ,15,text
BITM_BOQ_p15_l7,"on timber or plastered surface.50Sqm. 81.00 4,050.00",BITM_BOQ,15,text
BITM_BOQ_p15_l9,"gloss on steel or other metal surface.20Sqm. 51.00 1,020.00",BITM_BOQ,15,text
BITM_BOQ_p15_l11,"on steel or other metal surface.50Sqm. 79.00 3,950.00",BITM_BOQ,15,text
BITM_BOQ_p15_l12,8.11Painting withsuperior quality aluminium paintof,BITM_BOQ,15,text
BITM_BOQ_p15_l14,sand papering etc. on metal surface.,BITM_BOQ,15,text
BITM_BOQ_p15_l17,8.12Painting withreadymixedredleadpaintofapproved make,BITM_BOQ,15,text
BITM_BOQ_p15_l19,8.13Painting withreadymixedBlackJapanofapproved make,BITM_BOQ,15,text
BITM_BOQ_p15_l27,8.16Rendering thesurface ofwallsandceilingwithwhite,BITM_BOQ,15,text
BITM_BOQ_p15_l28,cement based wall putty of approved make and brand (1.5,BITM_BOQ,15,text
BITM_BOQ_p15_l30,"8.17Cleaning thewallsandceilingbyscraping, sandpapering",BITM_BOQ,15,text
BITM_BOQ_p15_l33,"walls,ceiling by scraping etc. and preparing smooth and",BITM_BOQ,15,text
BITM_BOQ_p15_l34,even surface with rendering or cement mortar (1:2) (as,BITM_BOQ,15,text
BITM_BOQ_p15_l36,distemper/ acrylic emulsion etc.. (Payment against this,BITM_BOQ,15,text
BITM_BOQ_p15_l40,"surface of walls necessitating the use of scraper, wire brush",BITM_BOQ,15,text
BITM_BOQ_p15_l44,8.20Scraping andremoving greasysootfromwallsorceilingof,BITM_BOQ,15,text
BITM_BOQ_p15_l47,8.21Cement washing including cleaning andsmoothening,BITM_BOQ,15,text
BITM_BOQ_p15_l48,surface thoroughly (cement to be used @25 kg./100 sq.m. of,BITM_BOQ,15,text
BITM_BOQ_p16_l4,8.22Finishing withEpoxypaint(twoormorecoats)atall,BITM_BOQ,16,text
BITM_BOQ_p16_l8,8.22.1 On steel surface (old/new) 1Sq.m 167.75 167.75,BITM_BOQ,16,text
BITM_BOQ_p16_l9,8.22.2 On concrete surface (old/new) 1Sq.m 167.40 167.40,BITM_BOQ,16,text
BITM_BOQ_p16_l11,9.1Woodworkindoorandwindow frame(Localsal)fitted,BITM_BOQ,16,text
BITM_BOQ_p16_l13,painting at the contact surface of the frame excluding cost,BITM_BOQ,16,text
BITM_BOQ_p16_l14,"of concrete, Iron Butt Hinges and M.S. clamps. Sal : Local.0.05Cu.M 77,671.00 3,883.55",BITM_BOQ,16,text
BITM_BOQ_p16_l15,"9.2Panelshutters ofdoorandwindow, asperdesign(each",BITM_BOQ,16,text
BITM_BOQ_p16_l17,fittingand fixingthe samein position butexcluding the cost,BITM_BOQ,16,text
BITM_BOQ_p16_l18,of hinge and other fittings. (In case of non-supply of single,BITM_BOQ,16,text
BITM_BOQ_p16_l24,9.3Z-batten shutterofdoorandwindow asperdesignhavings,BITM_BOQ,16,text
BITM_BOQ_p16_l26,Engineer-in-charge including fitting and fixing shutter in,BITM_BOQ,16,text
BITM_BOQ_p16_l27,"position, but excluding the cost of hinges and other fittings",BITM_BOQ,16,text
BITM_BOQ_p16_l28,in ground floor.,BITM_BOQ,16,text
BITM_BOQ_p16_l31,"9.4Supplying solidflushtypedoorsofcommercial quality,the",BITM_BOQ,16,text
BITM_BOQ_p16_l35,ways in order to make the door of solid core and internal,BITM_BOQ,16,text
BITM_BOQ_p16_l37,"formaldehyde as glue etc. complete, including fitting, fixing",BITM_BOQ,16,text
BITM_BOQ_p16_l39,other fittings in ground floor. 35 mm thick shutters (single,BITM_BOQ,16,text
BITM_BOQ_p16_l41,"9.5Supplying, fittingandfixingfiberreinforced polymer (FRP)",BITM_BOQ,16,text
BITM_BOQ_p16_l42,Composite door frame as per approved section with glass,BITM_BOQ,16,text
BITM_BOQ_p16_l44,"sandwich core, so as to impart monolithic composite",BITM_BOQ,16,text
BITM_BOQ_p16_l46,Science and Technology (DST) to satisfy IS: 4020 door,BITM_BOQ,16,text
BITM_BOQ_p17_l4,"9.6Supplying, fitting&fixingfiberreinforced polymer (FRP)",BITM_BOQ,17,text
BITM_BOQ_p17_l5,composite door shutters as per approved design with glass,BITM_BOQ,17,text
BITM_BOQ_p17_l7,"sandwich core, so as to impart monolithic composite",BITM_BOQ,17,text
BITM_BOQ_p17_l9,Science and Technology (DST) to satisfy IS:4020 door,BITM_BOQ,17,text
BITM_BOQ_p17_l10,"testing performance criteria In Ground Floor. 25 mm thick.2Sqm 2,581.00 5,162.00",BITM_BOQ,17,text
BITM_BOQ_p17_l11,9.7Supplying fittingandfixinginposition approved P.V.C.,BITM_BOQ,17,text
BITM_BOQ_p17_l12,door frame (Matt finish) made of extruded P.V.C.,BITM_BOQ,17,text
BITM_BOQ_p17_l13,multichamber hollow section having dimensions 60mm x,BITM_BOQ,17,text
BITM_BOQ_p17_l15,with vertical section by galvanised steel screws after,BITM_BOQ,17,text
BITM_BOQ_p17_l16,inserting two number steel brackets as reinforcement,BITM_BOQ,17,text
BITM_BOQ_p17_l17,"making suitable space for placing hinges, one steel tube",BITM_BOQ,17,text
BITM_BOQ_p17_l19,"vertical side of the frame (hinge side) as reinforcement, the",BITM_BOQ,17,text
BITM_BOQ_p17_l22,"steel screws including cost of all materials and labour, hire",BITM_BOQ,17,text
BITM_BOQ_p17_l25,9.8Supplying fittingandfixingP.V.C.doorshutter(30mm,BITM_BOQ,17,text
BITM_BOQ_p17_l27,rail of the P.V.C. door shutter will be made of rigid P.V.C.,BITM_BOQ,17,text
BITM_BOQ_p17_l28,multicavity hollow chamber of 59 mm x30 mm section with,BITM_BOQ,17,text
BITM_BOQ_p17_l29,2.0 mm (+/-0.2 mm) wall thickness.Horizontal & vertical,BITM_BOQ,17,text
BITM_BOQ_p17_l34,section of 120 mm x30mm with 2.0 mm (+/- 0.2 mm) wall,BITM_BOQ,17,text
BITM_BOQ_p17_l38,in by PVC panels of size 100 mmx25 mm with wall,BITM_BOQ,17,text
BITM_BOQ_p17_l42,bolt / tower bolt / door ring are required to be strong,BITM_BOQ,17,text
BITM_BOQ_p17_l44,"cost of all materials, labour, and hire of toolsand plants and",BITM_BOQ,17,text
BITM_BOQ_p17_l47,"9.9Supplying, fittingandfixingM.S.clampfordoorand",BITM_BOQ,17,text
BITM_BOQ_p17_l48,"window frame made of flat bent bar, end bifurcated with",BITM_BOQ,17,text
BITM_BOQ_p17_l49,necessary screws etc in cement concrete (1:2:4) including,BITM_BOQ,17,text
BITM_BOQ_p17_l50,cutting of brick work/ concrete work as per direction. (Cost,BITM_BOQ,17,text
BITM_BOQ_p17_l51,of concrete will be paid saperately),BITM_BOQ,17,text
BITM_BOQ_p17_l53,9.10Providing andfixingIS:12817marked stainless steelbutt,BITM_BOQ,17,text
BITM_BOQ_p17_l54,hinges with stainless steel screws etc. complete.,BITM_BOQ,17,text
BITM_BOQ_p18_l7,fitting - 300 mm long.2Each 166.00 332.00,BITM_BOQ,18,text
BITM_BOQ_p18_l10,and round fitting - 300 mm long.1Each 657.00 657.00,BITM_BOQ,18,text
BITM_BOQ_p18_l11,"9.13Supplying, fitting and fixing door stopper (Steel body) 5Each 67.00 335.00",BITM_BOQ,18,text
BITM_BOQ_p18_l12,"9.14Supplying, fittingandfixing4mmthickacrylicornamental",BITM_BOQ,18,text
BITM_BOQ_p18_l13,finger plate made of transparent acrylic sheet including,BITM_BOQ,18,text
BITM_BOQ_p18_l15,and chamfering the edges of acrylic sheet.1Sqm 699.00 699.00,BITM_BOQ,18,text
BITM_BOQ_p18_l17,"latch and keys 4 levers, including fitting and fixing",BITM_BOQ,18,text
BITM_BOQ_p18_l19,"9.16Supplying, fittingandfixingGodrej MultiLockor",BITM_BOQ,18,text
BITM_BOQ_p18_l21,9.17Hydraulic doorcloserofapproved quality asperISI,BITM_BOQ,18,text
BITM_BOQ_p18_l25,adjusting spring of different types of automatic door closer,BITM_BOQ,18,text
BITM_BOQ_p18_l27,9.19Repairstoautomatic doorcloserincluding replacement of,BITM_BOQ,18,text
BITM_BOQ_p18_l29,including taking out and refitting the same.2Each 318.00 636.00,BITM_BOQ,18,text
BITM_BOQ_p18_l30,9.20Labourfortakingoutdoorandwindow frameincluding,BITM_BOQ,18,text
BITM_BOQ_p18_l31,shutter for repair or replacement of different parts of the,BITM_BOQ,18,text
BITM_BOQ_p18_l33,damaes complete. (Concrete and brick work for mending,BITM_BOQ,18,text
BITM_BOQ_p18_l35,"9.21Takingoutshutterofdoorandwindow, dismantling by",BITM_BOQ,18,text
BITM_BOQ_p18_l36,"parts (for repair or replacement of damaged parts),",BITM_BOQ,18,text
BITM_BOQ_p18_l37,reassembling and refitting and rehanging same with old,BITM_BOQ,18,text
BITM_BOQ_p18_l38,fittings but with new screws as necessary.5Sqm 126.00 630.00,BITM_BOQ,18,text
BITM_BOQ_p18_l39,9.22Takingoutdoorandwindow shutters andrehanging the,BITM_BOQ,18,text
BITM_BOQ_p18_l40,same with old fittings but with new iron screws.5Sqm 78.00 390.00,BITM_BOQ,18,text
BITM_BOQ_p19_l4,9.25Cleaning andremoving paintmarkfromglasspanewith,BITM_BOQ,19,text
BITM_BOQ_p19_l9,"making holes in walls floor, roof and mending damages in",BITM_BOQ,19,text
BITM_BOQ_p19_l10,old and new one in cement concrete (4:2:1) with stone chips,BITM_BOQ,19,text
BITM_BOQ_p19_l11,and cement plaster (1:4) and lime washing three coats,BITM_BOQ,19,text
BITM_BOQ_p19_l18,1200 mm / 600 mm long and Wall Angle. The Wall Angle,BITM_BOQ,19,text
BITM_BOQ_p19_l20,the wall by steel screws with distance 300mm c/c. The Main,BITM_BOQ,19,text
BITM_BOQ_p19_l30,Cured Non Asbestos Fibre Cement Standard Ceiling Board,BITM_BOQ,19,text
BITM_BOQ_p19_l36,Engineer-in-charge.FalseCeiling (with6mmthickFibreCement Designer,BITM_BOQ,19,text
BITM_BOQ_p19_l43,1200 mm / 600 mm long and wall angle. The Wall Angle,BITM_BOQ,19,text
BITM_BOQ_p19_l45,the wall by steel screws with distance 300 mm c/c. The,BITM_BOQ,19,text
BITM_BOQ_p20_l9,Board (Mineral Fiber Acoustic Ceiling Tiles) of approved,BITM_BOQ,20,text
BITM_BOQ_p20_l15,Board and E-Grid U-1520). At any Floor,BITM_BOQ,20,text
BITM_BOQ_p20_l17,plaster board including G.I. perimeter channel of 0.55 mm,BITM_BOQ,20,text
BITM_BOQ_p20_l23,Cleat and steel expansion fastener ceiling section 0.55 mm,BITM_BOQ,20,text
BITM_BOQ_p20_l28,12.5mmthickGypsum plastered boardaretobefixed,BITM_BOQ,20,text
BITM_BOQ_p20_l34,"fittings and fixtures, scaffolding and labour charges etc.",BITM_BOQ,20,text
BITM_BOQ_p20_l36,9.30Ceilingofsoft-insulation boards(12mmthick)asperdesign,BITM_BOQ,20,text
BITM_BOQ_p21_l5,"steel tube of 40mm x 20mm of not less than 18 gauge,the",BITM_BOQ,21,text
BITM_BOQ_p21_l8,fixed in wall using rawlplug or gutties or screws etc. and,BITM_BOQ,21,text
BITM_BOQ_p21_l10,"necessary,the entire frame will be painted with red oxide.",BITM_BOQ,21,text
BITM_BOQ_p21_l15,frame with the help of self tapping steel screws including,BITM_BOQ,21,text
BITM_BOQ_p21_l16,"all materials and labour charges including fitting,fixing the",BITM_BOQ,21,text
BITM_BOQ_p21_l18,respect and cost of paint as required as per direction of,BITM_BOQ,21,text
BITM_BOQ_p21_l22,aluminium tower bolt for double leaf doors as per,BITM_BOQ,21,text
BITM_BOQ_p21_l43,"10.5Supplying, fittingandfixingheavydutyhydraulic (oil",BITM_BOQ,21,text
BITM_BOQ_p21_l44,check) double action floor door spring along with top,BITM_BOQ,21,text
BITM_BOQ_p21_l52,provided where floor spring not used)2Pair 297.00 594.00,BITM_BOQ,21,text
BITM_BOQ_p22_l7,10.7.2Weather gasket/ wool pile for door vertical. 20Mtr 19.00 380.00,BITM_BOQ,22,text
BITM_BOQ_p22_l10,10.9Supplying aluminium castedbodyhydraulic doorcloseras,BITM_BOQ,22,text
BITM_BOQ_p22_l12,10.10Supplying 250mmlongHeavyTypeAluminium window,BITM_BOQ,22,text
BITM_BOQ_p22_l19,10.13Supplying stainless steelfrictional hingeforcasement,BITM_BOQ,22,text
BITM_BOQ_p22_l20,window as per approved brand as directed by Engineer-in-,BITM_BOQ,22,text
BITM_BOQ_p22_l24,10.14Removing aluminium doorandwindow frame/shutters,BITM_BOQ,22,text
BITM_BOQ_p22_l27,"floor spring, rubber, felt, fitting & fixtures etc. 5Sqm. 82.00 410.00",BITM_BOQ,22,text
BITM_BOQ_p22_l29,windows (excluding glass and gasket) after removing the,BITM_BOQ,22,text
BITM_BOQ_p22_l32,10.16Supplying PVCrollersforslidingwindows asperdirection,BITM_BOQ,22,text
BITM_BOQ_p22_l35,hinge for casement window as per approved brand and,BITM_BOQ,22,text
BITM_BOQ_p22_l37,10.18Supplying & fitting Zinc powered coated star lock,BITM_BOQ,22,text
BITM_BOQ_p23_l4,"10.19Providing andfixingaluminium workfordoors,windows,",BITM_BOQ,23,text
BITM_BOQ_p23_l9,"necessary filling up the gaps at junctions, i.e. at top, bottom",BITM_BOQ,23,text
BITM_BOQ_p23_l14,"/ paneling, C.P. brass / stainless steel screws, all complete",BITM_BOQ,23,text
BITM_BOQ_p23_l22,"10.20Forshutters ofdoors,windows &ventilators including",BITM_BOQ,23,text
BITM_BOQ_p23_l24,for fixing & fittings wherever required including the cost of,BITM_BOQ,23,text
BITM_BOQ_p23_l25,EPDM rubber / neoprene gasket required (Fittings shall be,BITM_BOQ,23,text
BITM_BOQ_p24_l5,11.1Supplying atsiteorstackyard orasdirected PCC(1:2:4),BITM_BOQ,24,text
BITM_BOQ_p24_l9,"reinforcement and 6 mm dia binders @ 200 mm centres,",BITM_BOQ,24,text
BITM_BOQ_p24_l11,"11.2Supply, fitting&fixingG.I.chainlinkfencing75mmx75",BITM_BOQ,24,text
BITM_BOQ_p24_l12,"mm xmesh 12 SWGto the RCC posts, wooden posts or iron",BITM_BOQ,24,text
BITM_BOQ_p24_l15,"11.3Supplying, fittingandfixinginposition fibreglasspanesof",BITM_BOQ,24,text
BITM_BOQ_p24_l17,1989. (In all floors for internal wall & upto 6 m height for,BITM_BOQ,24,text
BITM_BOQ_p24_l18,external wall),BITM_BOQ,24,text
BITM_BOQ_p24_l25,11.4Repairing crackinwallbycementgrouting (1:2)including,BITM_BOQ,24,text
BITM_BOQ_p24_l27,and packing the same with cement mortar (1:2) and,BITM_BOQ,24,text
BITM_BOQ_p24_l28,finishing off to match with adjacent surface.25Mtr. 13.92 348.00,BITM_BOQ,24,text
BITM_BOQ_p24_l30,"joint, window glass, polycarbonate sheets to make joints",BITM_BOQ,24,text
BITM_BOQ_p24_l34,11.6Extrarateforusingwaterproofing andplasticising,BITM_BOQ,24,text
BITM_BOQ_p24_l35,admixture @ 0.2% by weight of cement (or at,BITM_BOQ,24,text
BITM_BOQ_p24_l36,manufacturer's specified rate)for concrete of variousgrades,BITM_BOQ,24,text
BITM_BOQ_p24_l37,or plaster.5Kg. 119.00 595.00,BITM_BOQ,24,text
BITM_BOQ_p24_l39,11.7.1a)Skilled(Mason/ Carpenter/ Fitter/Painter/ Plumber/,BITM_BOQ,24,text
BITM_BOQ_p24_l44,11.8.1Bricks (1st Class) 50Nos 12.00 600.00,BITM_BOQ,24,text
BITM_BOQ_p24_l45,"11.8.2Medium Sand 0.1Cum. 1,978.00 197.80",BITM_BOQ,24,text
BITM_BOQ_p24_l46,11.8.3Silver Sand 0.1Cum. 848.00 84.80,BITM_BOQ,24,text
BITM_BOQ_p24_l47,"11.8.4Coarse Aggregate (Pakur varity) 20mm size 0.1Cum. 2,826.00 282.60",BITM_BOQ,24,text
BITM_BOQ_p24_l49,11.8.6White Cement 25Kg. 25.00 625.00,BITM_BOQ,24,text
BITM_BOQ_p24_l50,11.8.7Reinforcement (TMTBar)TorSteelRods/HYSD/Fe 415/Fe,BITM_BOQ,24,text
BITM_BOQ_p24_l52,11.8.8Cement OPC/ PSC/ PPC (53 Grade) 50Kg. 7.00 350.00,BITM_BOQ,24,text
BITM_BOQ_p25_l4,"11.9Supplying, fitting and fixing C.I. Grating (heavy Type)",BITM_BOQ,25,text
BITM_BOQ_p25_l7,11.10Providing andapplying microconcrete ofapproved make,BITM_BOQ,25,text
BITM_BOQ_p25_l8,"as per manufacturer""s specification over RCC work or brick",BITM_BOQ,25,text
BITM_BOQ_p25_l16,window film (3 M) having acrylic pressure sensitive,BITM_BOQ,25,text
BITM_BOQ_p26_l9,"1.2Earthwork inexcavation offoundation trenches ordrains,",BITM_BOQ,26,text
BITM_BOQ_p26_l11,heterogenic soil but excluding laterite or sandstone),BITM_BOQ,26,text
BITM_BOQ_p26_l16,complete. Depth of excavation not exceeding 1500mm.5Cum. 119.27 596.35,BITM_BOQ,26,text
BITM_BOQ_p26_l17,1.3Earthwork infillinginfoundation trenches orplinthwith,BITM_BOQ,26,text
BITM_BOQ_p26_l22,With earth obtained from excavation of foundation.5Cum. 77.54 387.70,BITM_BOQ,26,text
BITM_BOQ_p26_l23,1.4Fillinginfoundation orplinthbysilver sand inlayersnot,BITM_BOQ,26,text
BITM_BOQ_p26_l26,including the cost of supply of sand. (Payment to be made,BITM_BOQ,26,text
BITM_BOQ_p26_l29,2.1Dismantling alltypesofmasonry excepting cement,BITM_BOQ,26,text
BITM_BOQ_p26_l30,"concrete plain or reinforced, stacking serviceable materials",BITM_BOQ,26,text
BITM_BOQ_p26_l32,150m. At any floor including roof.0.5Cum 447.00 223.50,BITM_BOQ,26,text
BITM_BOQ_p26_l33,"2.2Dismantling alltypesofplaincement concrete works,",BITM_BOQ,26,text
BITM_BOQ_p26_l38,"2.3Dismantling R.C.floor,roof,beamsetc.including cutting",BITM_BOQ,26,text
BITM_BOQ_p26_l40,"150m. Including stacking of steel bars.0.1Cum 1,956.00 195.60",BITM_BOQ,26,text
BITM_BOQ_p26_l41,2.4Stripping offwornoutplasterandrakingoutjointsof,BITM_BOQ,26,text
BITM_BOQ_p26_l42,"walls, ceilings etc upto any height and in any floor",BITM_BOQ,26,text
BITM_BOQ_p26_l45,2.5Cutting holesandsubsequent mending goodofdamages.,BITM_BOQ,26,text
BITM_BOQ_p26_l47,2.5.1a) In brick work [Cement - 4.0 kg/Mtr] 1Mtr. 111.00 111.00,BITM_BOQ,26,text
BITM_BOQ_p26_l48,2.5.2b) In concrete work (plain or R.C) [Cement - 3.0 Kg/Mtr.] 1Mtr. 137.00 137.00 BILL OF QUANTITIES (CIVIL WORK),BITM_BOQ,26,text
BITM_BOQ_p26_l49,"Name of work: Annual maintenance contract for Civil, Sanitary & Plumbing works at",BITM_BOQ,26,text
BITM_BOQ_p27_l9,3.0Plain and Reinforced Concrete and Allied Works :::,BITM_BOQ,27,text
BITM_BOQ_p27_l10,3.1Ordinary cementconcrete (mix1:2:4)withgradedstone,BITM_BOQ,27,text
BITM_BOQ_p27_l11,chips (20mm nominal Size) excluding shuttering and,BITM_BOQ,27,text
BITM_BOQ_p27_l12,"reinforcement, if any at any floor/level.1Cum. 5,449.81 5,449.81",BITM_BOQ,27,text
BITM_BOQ_p27_l13,3.2Ordinary cementconcrete (mix1:1.5:3)withgradedstone,BITM_BOQ,27,text
BITM_BOQ_p27_l14,chips (20mm nominal Size) excluding shuttering and,BITM_BOQ,27,text
BITM_BOQ_p27_l15,"reinforcement, if any at any floor/level.0.5Cum. 5,999.81 2,999.91",BITM_BOQ,27,text
BITM_BOQ_p27_l16,3.3Hireandlabourcharges forshuttering withcentering and,BITM_BOQ,27,text
BITM_BOQ_p27_l19,"required bracing for concrete slabs, beams, columns, lintels,",BITM_BOQ,27,text
BITM_BOQ_p27_l20,"curved or straight including fitting, fixing and striking out",BITM_BOQ,27,text
BITM_BOQ_p27_l21,after completion of works.In any floor.,BITM_BOQ,27,text
BITM_BOQ_p27_l22,3.3.1a)25mmto30mmthickwooden shuttering asperdecision,BITM_BOQ,27,text
BITM_BOQ_p27_l24,3.3.2b)Steelshuttering or9to12mmthickapproved qualityply,BITM_BOQ,27,text
BITM_BOQ_p27_l25,board shuttering in any concrete work.1Sqm. 369.00 369.00,BITM_BOQ,27,text
BITM_BOQ_p27_l26,3.3.3c)25mmto30mmthickwooden shuttering without staging,BITM_BOQ,27,text
BITM_BOQ_p27_l27,"in foundation/ floor.5Sqm. 209.00 1,045.00",BITM_BOQ,27,text
BITM_BOQ_p27_l28,3.4Extraforstaging inanyfloor(Modeofmeasurement: area,BITM_BOQ,27,text
BITM_BOQ_p27_l30,3.5Reinforcement forreinforced concrete workinallsortsof,BITM_BOQ,27,text
BITM_BOQ_p27_l37,"For works in foundation, basement and upto any floor &",BITM_BOQ,27,text
BITM_BOQ_p27_l38,"any height, using Tor/ Mild Steel",BITM_BOQ,27,text
BITM_BOQ_p27_l40,"BMASL/ELECTROSTEEL/SSL0.1MT 68,200.00 6,820.00",BITM_BOQ,27,text
BITM_BOQ_p27_l41,3.6Supplying andlayingPolythene sheet(150gm/ Sqm)over,BITM_BOQ,27,text
BITM_BOQ_p27_l42,damp proof course or below flooring or roof terracing or in,BITM_BOQ,27,text
BITM_BOQ_p27_l43,foundation or in foundation trenches.5Sqm. 24.00 120.00,BITM_BOQ,27,text
BITM_BOQ_p28_l4,3.740mm.thickdampproofcoursewithcement concrete,BITM_BOQ,28,text
BITM_BOQ_p28_l6,water proofing compound of approved brand @ 0.2%,BITM_BOQ,28,text
BITM_BOQ_p28_l7,weight of cement including cost of materials over two coats,BITM_BOQ,28,text
BITM_BOQ_p28_l8,of non toxic acrylic polymer modified cementitious,BITM_BOQ,28,text
BITM_BOQ_p28_l9,waterproofing slurry coat complete [cost of water proofing,BITM_BOQ,28,text
BITM_BOQ_p28_l10,compound and non toxic paint to be paid seperately) for,BITM_BOQ,28,text
BITM_BOQ_p28_l12,4.0Masonry and Allied Works :::,BITM_BOQ,28,text
BITM_BOQ_p28_l13,4.1Singlebrickflatsolingwithpickedjhamabricksincluding,BITM_BOQ,28,text
BITM_BOQ_p28_l14,ramming and dressing bed to proper level and filling joints,BITM_BOQ,28,text
BITM_BOQ_p28_l15,"with local sand.5Sqm. 361.00 1,805.00",BITM_BOQ,28,text
BITM_BOQ_p28_l16,4.2Labourforlayingsinglebrickflatsolingwithdepartmental,BITM_BOQ,28,text
BITM_BOQ_p28_l17,bricks including carriage of departmental bricks within a,BITM_BOQ,28,text
BITM_BOQ_p28_l19,brick joints properly filled in and packed with local sand or,BITM_BOQ,28,text
BITM_BOQ_p28_l22,obtaining local sand or powdered earth)10Sqm. 40.00 400.00,BITM_BOQ,28,text
BITM_BOQ_p28_l23,4.3Brickworkwith1stclassbricks(Classdesignation 75)in,BITM_BOQ,28,text
BITM_BOQ_p28_l24,cement mortar (1:6),BITM_BOQ,28,text
BITM_BOQ_p28_l25,"4.3.1a) In foundation and plinth 0.5Cum. 5,413.00 2,706.50",BITM_BOQ,28,text
BITM_BOQ_p28_l26,"4.3.2b) In superstructure at any floor. 0.5Cum. 5,636.00 2,818.00",BITM_BOQ,28,text
BITM_BOQ_p28_l27,4.4125mm thickbrickworkwith1stclassbricksincement,BITM_BOQ,28,text
BITM_BOQ_p28_l28,"mortar (1:4) in any floor.5Sqm. 736.00 3,680.00",BITM_BOQ,28,text
BITM_BOQ_p28_l29,"4.575mmthickbrickworkwith1stclassbrickssetincement,",BITM_BOQ,28,text
BITM_BOQ_p28_l30,sand morter (1:4) in ground floor including H.B. netting in,BITM_BOQ,28,text
BITM_BOQ_p28_l31,"every alternate layer. In any floor.2Sqm. 504.00 1,008.00",BITM_BOQ,28,text
BITM_BOQ_p28_l32,"4.6Plaster(towall,floor,ceilingetc.)withsandandcement",BITM_BOQ,28,text
BITM_BOQ_p28_l36,(Ground floor). [Excluding cost of chipping over concrete,BITM_BOQ,28,text
BITM_BOQ_p28_l38,"4.6.1With 1:6 cement mortar 15mm. Thick. 60Sqm. 151.00 9,060.00",BITM_BOQ,28,text
BITM_BOQ_p28_l39,"4.6.2With 1:4 cement mortar 10mm. Thick. 20Sqm. 133.00 2,660.00",BITM_BOQ,28,text
BITM_BOQ_p28_l40,4.7LabourforChipping ofconcrete surfacebeforetakingup,BITM_BOQ,28,text
BITM_BOQ_p28_l41,Plastering work.10 Sqm. 21.00 210.00,BITM_BOQ,28,text
BITM_BOQ_p28_l42,4.8Ornamental brickedging(75mmwide)incompound,BITM_BOQ,28,text
BITM_BOQ_p28_l43,"roads, gardens etc. with 1st class or picked jhama bricks",BITM_BOQ,28,text
BITM_BOQ_p28_l46,appearance including cutting trench laying bricks and,BITM_BOQ,28,text
BITM_BOQ_p29_l4,"4.9Bricksedging75mmwidewithpickedjhamabricks,laid",BITM_BOQ,29,text
BITM_BOQ_p29_l6,"soil or in hard metalled surface, laying the bricks and",BITM_BOQ,29,text
BITM_BOQ_p29_l9,direction. Brick-on- end edging (125 mm ) depth5Mtr. 46.16 230.80,BITM_BOQ,29,text
BITM_BOQ_p29_l10,4.10Labourfortakingoutbrickon-edge ofherringbonebond,BITM_BOQ,29,text
BITM_BOQ_p29_l13,5.0 Floor Finish and Allied Works :::,BITM_BOQ,29,text
BITM_BOQ_p29_l14,"5.1Neatcementpunning about1.5mmthickinwall,dado,",BITM_BOQ,29,text
BITM_BOQ_p29_l15,"window sill, floor etc.",BITM_BOQ,29,text
BITM_BOQ_p29_l16,(cement 0.152 cum per 100 Sqm)20Sqm. 34.00 680.00,BITM_BOQ,29,text
BITM_BOQ_p29_l17,"5.2Artificial stoneinfloor,dado,staircase etcwithcement",BITM_BOQ,29,text
BITM_BOQ_p29_l18,"concrete (1:2:4) with stone chips, laid in panels as directed",BITM_BOQ,29,text
BITM_BOQ_p29_l19,with topping made with ordinary or white cement (as,BITM_BOQ,29,text
BITM_BOQ_p29_l21,smooth finishing and rounding off corners including raking,BITM_BOQ,29,text
BITM_BOQ_p29_l22,out joints or roughening of concrete surface and application,BITM_BOQ,29,text
BITM_BOQ_p29_l23,of cement slurry before flooring works using cement @ 1.75,BITM_BOQ,29,text
BITM_BOQ_p29_l25,ground floor 3 mm. thick topping (High polishing grinding,BITM_BOQ,29,text
BITM_BOQ_p29_l26,on this item is not permitted with ordinary cement). Using,BITM_BOQ,29,text
BITM_BOQ_p29_l27,"grey cement, 25 mm. thick.1Sqm. 273.00 273.00",BITM_BOQ,29,text
BITM_BOQ_p29_l28,"5.3Supplying, fittingandfixingBlackStoneslabusedin",BITM_BOQ,29,text
BITM_BOQ_p29_l29,"Kitchen slab, alcove, wardrobe etc. laid and jointed with",BITM_BOQ,29,text
BITM_BOQ_p29_l30,necessary adhesive Cement mortar (1:2) including grinding,BITM_BOQ,29,text
BITM_BOQ_p29_l32,Ground Floor. Slab thickness 20 to 25 mm.1Sqm. 643.00 643.00,BITM_BOQ,29,text
BITM_BOQ_p29_l33,"5.4Supplying, fittingandfixing20mm.to37mm.thickchunar",BITM_BOQ,29,text
BITM_BOQ_p29_l34,/Mirzapur /Dholpur slab in floor set in 20 mm thick(avg.),BITM_BOQ,29,text
BITM_BOQ_p29_l35,cement mortar (1:4) bed and pointing with cement mortar,BITM_BOQ,29,text
BITM_BOQ_p29_l36,"(1:2) (cement 1, stone dust 2) with admixture of pigment",BITM_BOQ,29,text
BITM_BOQ_p29_l38,complete as per direction of Engg.-in-Charge (Usingcement,BITM_BOQ,29,text
BITM_BOQ_p29_l41,"5.518mmto22mmthick,kotastoneslabsetin20mm",BITM_BOQ,29,text
BITM_BOQ_p29_l42,"thick(avg) cement mortar (1:4) in floor, stair & lobby",BITM_BOQ,29,text
BITM_BOQ_p29_l43,including pointing in cement slurry with admixture of,BITM_BOQ,29,text
BITM_BOQ_p30_l4,"5.6Supplying, fittingandfixing18mm.To22mm.Thickkota",BITM_BOQ,30,text
BITM_BOQ_p30_l5,"stone slabin wall, dado in 15 mm thick[avg] cement mortar",BITM_BOQ,30,text
BITM_BOQ_p30_l8,cement mortar(1:2)(1 cement : 2 marble dust) with,BITM_BOQ,30,text
BITM_BOQ_p30_l12,"scaffolding, staging, curing complete. [Using cement slurry",BITM_BOQ,30,text
BITM_BOQ_p30_l14,"5.7Supplying, fittingandfixingMarbleslab/tileof15to18",BITM_BOQ,30,text
BITM_BOQ_p30_l15,"mm thick in floor, lobby, dado, stair, landing & trades etc",BITM_BOQ,30,text
BITM_BOQ_p30_l16,over 20 mm thick (Avg.) base of cement mortar (1:2) laid,BITM_BOQ,30,text
BITM_BOQ_p30_l17,with white cement slurry @ 4.4 Kg/Sqm. before placing,BITM_BOQ,30,text
BITM_BOQ_p30_l18,marble & jointed with white cement slurry @ 2.0 kg/Sqm,BITM_BOQ,30,text
BITM_BOQ_p30_l24,"5.8Supplying, fitting&fixinggranitetiles10mmto12mm",BITM_BOQ,30,text
BITM_BOQ_p30_l25,"thick in columns, wall, facia etc. with 15 thick [avg] cement",BITM_BOQ,30,text
BITM_BOQ_p30_l28,pointing in cement mortar (1:2) (1 white cement : 2 marble,BITM_BOQ,30,text
BITM_BOQ_p30_l32,curing and roughening of concrete surface complete.,BITM_BOQ,30,text
BITM_BOQ_p30_l33,[Using cement slurry at back side of tiles @ 4.4 kg/sq.m &,BITM_BOQ,30,text
BITM_BOQ_p30_l34,"white cement slurry for joint filling @ 1.8 kg/sq.m]1Sqm. 1,762.00 1,762.00",BITM_BOQ,30,text
BITM_BOQ_p30_l35,"5.9Supplying, fitting&fixinggraniteslabs15mmto18mm",BITM_BOQ,30,text
BITM_BOQ_p30_l37,"columns, wall, facia, riser etc. with 15 mm thick [avg]",BITM_BOQ,30,text
BITM_BOQ_p30_l38,cement mortar (1:2) including making suitable,BITM_BOQ,30,text
BITM_BOQ_p30_l40,hooks including pointing in cement mortar (1:2) (1 white,BITM_BOQ,30,text
BITM_BOQ_p30_l41,cement : 2 marble dust) with admixture of pigment,BITM_BOQ,30,text
BITM_BOQ_p30_l45,concrete surface complete. [Using cement slurry at back,BITM_BOQ,30,text
BITM_BOQ_p30_l46,side of granite @ 4.4 kg/sq.m & white cement slurry for,BITM_BOQ,30,text
BITM_BOQ_p30_l47,joint filling @ 1.8 kg/sq.m],BITM_BOQ,30,text
BITM_BOQ_p30_l48,"Area of each Granite slab 0.6 to 1.0 Square meter.1Sqm. 2,936.00 2,936.00",BITM_BOQ,30,text
BITM_BOQ_p30_l49,"5.10Supplying, fitting&fixing1stqualityCeramic tilesinwalls",BITM_BOQ,30,text
BITM_BOQ_p30_l50,and floors to match with the existing work & 4 nos. of key,BITM_BOQ,30,text
BITM_BOQ_p30_l51,stones (10 mm) fixed with araldite at the back of each tile &,BITM_BOQ,30,text
BITM_BOQ_p30_l52,finishing the joints with white cement mixed with colouring,BITM_BOQ,30,text
BITM_BOQ_p30_l53,oxide if required to match the colour of tiles including,BITM_BOQ,30,text
BITM_BOQ_p30_l54,"roughening of concrete surface, if necessary or by synthetic",BITM_BOQ,30,text
BITM_BOQ_p31_l4,5.10.1(A)Floor :WithSandCementMortar(1:4)20mmthick&2,BITM_BOQ,31,text
BITM_BOQ_p31_l5,mm thick cement slurry at back side of tiles using cement @,BITM_BOQ,31,text
BITM_BOQ_p31_l6,2.91 kg/Sq.m & joint filling using white cement slurry @,BITM_BOQ,31,text
BITM_BOQ_p31_l8,5.10.1.1 (a) Area of each tile upto 0.09 sqm,BITM_BOQ,31,text
BITM_BOQ_p31_l10,5.10.1.2 (b) Area of each tile above 0.09 sq m,BITM_BOQ,31,text
BITM_BOQ_p31_l12,5.10.2(B)Wall :withSandCement Mortar(1:3)15mmthick&2,BITM_BOQ,31,text
BITM_BOQ_p31_l13,mm thick cement slurry at back side of tiles using cement @,BITM_BOQ,31,text
BITM_BOQ_p31_l14,2.91 kg/Sq.m & joint filling using white cement slurry @,BITM_BOQ,31,text
BITM_BOQ_p31_l16,5.10.2.1 (a) Area of each tile upto 0.09 sq m,BITM_BOQ,31,text
BITM_BOQ_p31_l18,5.10.2.2 (b) Area of each tile above 0.09 sq m,BITM_BOQ,31,text
BITM_BOQ_p31_l21,vitrified tiles of approved brand (sizenot less than 600mm x,BITM_BOQ,31,text
BITM_BOQ_p31_l22,"600mm x 10mm thick) in floor, skirting etc. set in 20 mm.",BITM_BOQ,31,text
BITM_BOQ_p31_l23,sand cement mortar (1:4) and 2 mm thick cement slurry,BITM_BOQ,31,text
BITM_BOQ_p31_l24,back side of tiles using cement @ 2.91 Kg/Sqmt. Or using,BITM_BOQ,31,text
BITM_BOQ_p31_l26,over finished artificial stone floor/ mosaic etc. with out any,BITM_BOQ,31,text
BITM_BOQ_p31_l28,"of cement per Sqm. below mortar only, joins grouted with",BITM_BOQ,31,text
BITM_BOQ_p31_l29,admixture of white cement and colouring pigment to match,BITM_BOQ,31,text
BITM_BOQ_p31_l30,with colour of tiles/epoxy grout material of approved make,BITM_BOQ,31,text
BITM_BOQ_p31_l32,tiles with warm water and polishing the tiles using soft and,BITM_BOQ,31,text
BITM_BOQ_p31_l37,"5.11.1Withapplication slurry@1.75kg/Sqm, 20mmsandcement",BITM_BOQ,31,text
BITM_BOQ_p31_l38,mortar (1:4) & 2 mm thick cement slurry at back side of,BITM_BOQ,31,text
BITM_BOQ_p31_l39,"tiles, 0.2 kg/Sqm white cement for joint filling with",BITM_BOQ,31,text
BITM_BOQ_p31_l44,materials for filling joints including spacer 2 mm (Applied,BITM_BOQ,31,text
BITM_BOQ_p31_l45,directly over finished artificial stone floor/ mosaic etc.),BITM_BOQ,31,text
BITM_BOQ_p31_l48,"5.12Supplying, fitting&fixingGlassmosaictilesatfinished",BITM_BOQ,31,text
BITM_BOQ_p31_l49,plain wall surface of size 20 mm x 20 mm x 4 mm in all,BITM_BOQ,31,text
BITM_BOQ_p31_l51,of Engineer in- Charge. The glass mosaic tiles to be fixed on,BITM_BOQ,31,text
BITM_BOQ_p31_l52,thewallsurface with the help of approved adhesive applied,BITM_BOQ,31,text
BITM_BOQ_p32_l5,5.13Supplying &laying20mmdesigner chequered tilesofany,BITM_BOQ,32,text
BITM_BOQ_p32_l8,including necessary underlay 25 mm thick average cement,BITM_BOQ,32,text
BITM_BOQ_p32_l10,materials [using cement slurry @ 4.4 kg/Sq.m at back side,BITM_BOQ,32,text
BITM_BOQ_p32_l11,of tiles.]1Sqm. 836.00 836.00,BITM_BOQ,32,text
BITM_BOQ_p32_l13,"proof, flexible & homogeneous P.V.C. Vinyle flooring 2",BITM_BOQ,32,text
BITM_BOQ_p32_l16,"floor, levelling & smothaning when necessary with suitable",BITM_BOQ,32,text
BITM_BOQ_p32_l19,5.1550mmthickinterlocking designer concrete paverblockM-,BITM_BOQ,32,text
BITM_BOQ_p32_l22,2006(over 20-30 mm medium sand bed on 200mm thk,BITM_BOQ,32,text
BITM_BOQ_p32_l23,bound gnaular /granular base course includingcost of sand,BITM_BOQ,32,text
BITM_BOQ_p32_l24,for sand bed but excluding cost of base course & subgrade,BITM_BOQ,32,text
BITM_BOQ_p32_l28,5.16Layingoldcementcocreteinterlocking paverblocksofany,BITM_BOQ,32,text
BITM_BOQ_p32_l31,"of coarse sand, filling the joints with fine sand etc. all",BITM_BOQ,32,text
BITM_BOQ_p32_l35,5.17Providing andfixingatorneargroundlevelprecastcement,BITM_BOQ,32,text
BITM_BOQ_p32_l36,concrete in kerbs (size: 450 mm x 350 mm x width 150 mm,BITM_BOQ,32,text
BITM_BOQ_p32_l37,at bottom with bevelled nosing at top) of cement concreat,BITM_BOQ,32,text
BITM_BOQ_p32_l38,"M20 Grade without reinforcement,",BITM_BOQ,32,text
BITM_BOQ_p32_l40,after preparing the bed grade and slopes by laying Cement,BITM_BOQ,32,text
BITM_BOQ_p32_l41,concrete with jhama khoa (1:4:8) as per specification and,BITM_BOQ,32,text
BITM_BOQ_p32_l42,direction of Engineer-in- Charge including filling of joints,BITM_BOQ,32,text
BITM_BOQ_p32_l43,with 10 mm thick cement morter (3:1) and back filling the,BITM_BOQ,32,text
BITM_BOQ_p32_l46,carriage of all materials complete. (Pre-cast Cement,BITM_BOQ,32,text
BITM_BOQ_p32_l47,Concrete kerbstone shall be approved by Engineer-in-,BITM_BOQ,32,text
BITM_BOQ_p32_l48,charge) including earthwork in excavation etc complete.1Rm 636.00 636.00,BITM_BOQ,32,text
BITM_BOQ_p32_l49,5.18Labour forsettingtilesinfloor/pavement incement,BITM_BOQ,32,text
BITM_BOQ_p32_l50,mortar (1:4) and joints finished with white cement.1Sqm. 101.00 101.00,BITM_BOQ,32,text
BITM_BOQ_p33_l4,5.19Repairing cracksinfloorwithcementmortar(1:2)with,BITM_BOQ,33,text
BITM_BOQ_p33_l9,5.20.1a) Marble floor / marble dado 50Sqm. 6.96 348.00,BITM_BOQ,33,text
BITM_BOQ_p33_l10,5.20.2b) Floor / dado other than marble. 50Sqm. 5.52 276.00,BITM_BOQ,33,text
BITM_BOQ_p33_l14,5.22Grinding toMarble/ mosaicfloorincluding remaining,BITM_BOQ,33,text
BITM_BOQ_p33_l17,5.23Resetting ofoldKota/Dungri/ Mirzapur/ sandstoneslab,BITM_BOQ,33,text
BITM_BOQ_p33_l18,"in 20 mm thick (avg.) cement mortar (1:4) bed, joints",BITM_BOQ,33,text
BITM_BOQ_p33_l19,finished with necessary pigments or with white cement,BITM_BOQ,33,text
BITM_BOQ_p33_l21,5.24TakingoutMirzapur orglazedporcelain tilescarefully by,BITM_BOQ,33,text
BITM_BOQ_p33_l22,chiselling from walls or floor including stacking serviceable,BITM_BOQ,33,text
BITM_BOQ_p33_l24,5.25Resetting oldglazedporcelain/ ceramictilesin20mmthick,BITM_BOQ,33,text
BITM_BOQ_p33_l25,cement mortar (1:4) including 4 nos of key stone (10mm),BITM_BOQ,33,text
BITM_BOQ_p33_l27,cement slurry using cement @ 2.91 Kg/Sqm at the back of,BITM_BOQ,33,text
BITM_BOQ_p33_l28,tiles and finishing joints with white cement & colouring,BITM_BOQ,33,text
BITM_BOQ_p33_l29,oxide (if required) to match the colour of tiles over,BITM_BOQ,33,text
BITM_BOQ_p33_l30,application slurry @ 1.75 kg/sqm below cement mortar,BITM_BOQ,33,text
BITM_BOQ_p33_l32,"6.0Roofing, Down pipes etc :::",BITM_BOQ,33,text
BITM_BOQ_p33_l34,sheet (6 mm. thick) work (excluding the supporting,BITM_BOQ,33,text
BITM_BOQ_p33_l40,"6.2Supplying, fitting&fixingZn-Alalloy(55%Al&45%Zn)",BITM_BOQ,33,text
BITM_BOQ_p33_l42,coated on both side) steel sheet work having minimum,BITM_BOQ,33,text
BITM_BOQ_p33_l49,coated sheet of Tata Blue Scope Steel Brand 0.5 mm thick,BITM_BOQ,33,text
BITM_BOQ_p33_l50,sheet (Payment to be made on area of finished work).1Sqm. 787.00 787.00,BITM_BOQ,33,text
BITM_BOQ_p33_l51,"6.3Galvanised ironsheetridgingfittedwithnecessary bolts,",BITM_BOQ,33,text
BITM_BOQ_p33_l53,mm lapping each way with 0.63 mm sheet.1Mtr 380.00 380.00,BITM_BOQ,33,text
BITM_BOQ_p34_l4,6.4Galvanised ironsheeteavesgutterfittedandfixedwith,BITM_BOQ,34,text
BITM_BOQ_p34_l6,"design, bolts, nuts, washers etc. complete. Eaves gutter",BITM_BOQ,34,text
BITM_BOQ_p34_l7,made of 0.63 mm. sheets.(300mm End lapping) 225 mm,BITM_BOQ,34,text
BITM_BOQ_p34_l8,wide gutter.1Mtr 342.00 342.00,BITM_BOQ,34,text
BITM_BOQ_p34_l9,"6.5Supplying, fittingandfixingglassreinforced polyester",BITM_BOQ,34,text
BITM_BOQ_p34_l10,translucent fiber glass sheet to match with GCI Corrugation,BITM_BOQ,34,text
BITM_BOQ_p34_l15,mm thick sheet. (3.25 kg/sq.m) Coloured other than natural,BITM_BOQ,34,text
BITM_BOQ_p34_l17,"6.6Supplying, fittingandfixingglassreinforced polyester",BITM_BOQ,34,text
BITM_BOQ_p34_l20,bitumen washers complete. 1.6mm +/- 0.2 mm thick sheet.,BITM_BOQ,34,text
BITM_BOQ_p34_l22,"6.7Supplying, fitting&fixingpolycarbonate sheetofapproved",BITM_BOQ,34,text
BITM_BOQ_p34_l27,"and bottom member in dry-glaze sandwitch system, (unit",BITM_BOQ,34,text
BITM_BOQ_p34_l33,"without anyway puncturing the polycarbonate sheet,",BITM_BOQ,34,text
BITM_BOQ_p34_l39,"6.7.1With2wall6mmoverallthickness (wt.1.30kg/sqm,",BITM_BOQ,34,text
BITM_BOQ_p34_l42,"6.7.2With2wall8mmoverall thickness (wt.1.50kg/sqm,",BITM_BOQ,34,text
BITM_BOQ_p34_l45,"6.7.3With2wall10mmoverall thickness (wt.1.70kg/sqm,",BITM_BOQ,34,text
BITM_BOQ_p34_l48,"6.7.4With4wall8mmoverall thickness (wt.1.60kg/sqm,",BITM_BOQ,34,text
BITM_BOQ_p34_l51,"6.7.5With4wall10mmoverall thickness (wt.1.75kg/sqm,",BITM_BOQ,34,text
BITM_BOQ_p34_l54,"6.8Galvanised orpainted windtiemadeofM.S.flats,fitted",BITM_BOQ,34,text
BITM_BOQ_p34_l55,"and fixed complete including cost of necessary fitting,",BITM_BOQ,34,text
BITM_BOQ_p35_l13,water proofing membrane conforming to EN 12311-1 &,BITM_BOQ,35,text
BITM_BOQ_p35_l17,reinforcement @160 gms per sqm & both faces covered with,BITM_BOQ,35,text
BITM_BOQ_p35_l22,cement mortar (1:2) admixing Sika Latex etc. Lap joint shall,BITM_BOQ,35,text
BITM_BOQ_p35_l36,6.12Repairs toroofcrackswithsandandcementmortar(1:4),BITM_BOQ,35,text
BITM_BOQ_p35_l38,the cracks with net cement before repairs (cement 0.63,BITM_BOQ,35,text
BITM_BOQ_p35_l40,"6.13Fittingandfixingoldpiecesofasbestos, G.C.I.orC.I.sheets",BITM_BOQ,35,text
BITM_BOQ_p35_l41,or plain sheets including closing old holes with washers,BITM_BOQ,35,text
BITM_BOQ_p35_l42,"and sheet-bolts and nuts, etc. and including fixing the same",BITM_BOQ,35,text
BITM_BOQ_p35_l44,putty etc. (excluding cost of sheets). (Payment to be made,BITM_BOQ,35,text
BITM_BOQ_p35_l46,(ii) With all new fittings including the cost thereof. (a) In,BITM_BOQ,35,text
BITM_BOQ_p35_l52,6.15Removing chockage of rain water pipes with split bamboo. 50Mtr. 7.51 375.501 Sq.m 407.00 407.00,BITM_BOQ,35,text
BITM_BOQ_p36_l4,"6.16Supplying, fitting&fixingUPVCpipesA-Typeandfittings",BITM_BOQ,36,text
BITM_BOQ_p36_l6,"nails, including making holes in walls, floor etc. cutting",BITM_BOQ,36,text
BITM_BOQ_p36_l7,trenches in any soil through masonry concrete structures,BITM_BOQ,36,text
BITM_BOQ_p36_l11,6.16.1UPVC Pipes : 75 mm Dia 3Mtr. 188.00 564.00,BITM_BOQ,36,text
BITM_BOQ_p36_l12,6.16.2UPVC Pipes : 110 mm Dia 3Mtr. 251.00 753.00,BITM_BOQ,36,text
BITM_BOQ_p36_l13,6.16.3UPVC Fittings: Plain tee 75 mm. Dia. 2Nos 102.00 204.00,BITM_BOQ,36,text
BITM_BOQ_p36_l14,6.16.4UPVC Fittings: Plain tee 110 mm. Dia. 2Nos 172.00 344.00,BITM_BOQ,36,text
BITM_BOQ_p36_l15,6.16.5UPVC Fittings : Plain Y 75 mm. Dia. 2Nos 125.00 250.00,BITM_BOQ,36,text
BITM_BOQ_p36_l16,6.16.6UPVC Fittings : Plain Y 110 mm. Dia. 2Nos 223.00 446.00,BITM_BOQ,36,text
BITM_BOQ_p36_l17,"6.16.7UPVC Fittings : Bend 87.5 degree, 75 mm Dia 2Nos 84.00 168.00",BITM_BOQ,36,text
BITM_BOQ_p36_l18,"6.16.8UPVC Fittings : Bend 87.5 degree, 110 mm Dia 2Nos 140.00 280.00",BITM_BOQ,36,text
BITM_BOQ_p36_l19,6.16.9UPVC Fittings : Shoe : 75 mm. dia 2Nos 78.00 156.00,BITM_BOQ,36,text
BITM_BOQ_p36_l20,6.16.10UPVC Fittings : Shoe : 110 mm. dia 2Nos 111.00 222.00,BITM_BOQ,36,text
BITM_BOQ_p36_l21,"7.0Structural Steel, Grills, Gates etc. :::",BITM_BOQ,36,text
BITM_BOQ_p36_l41,rates are considered for a hight of erection 8 m. / 2nd floor,BITM_BOQ,36,text
BITM_BOQ_p36_l43,each additional floor or 4m. beyond the initial 8 m. or part,BITM_BOQ,36,text
BITM_BOQ_p36_l49,"windows, railing etc. fitted and fixed with necessary screws",BITM_BOQ,36,text
BITM_BOQ_p36_l50,and lugs in any floor. (The weight of grill per sq.m. will be,BITM_BOQ,36,text
BITM_BOQ_p37_l9,/ square bars or angles. M.S. sheet (not less than 14 gauge),BITM_BOQ,37,text
BITM_BOQ_p37_l11,"welding, locking and hanging arrangements, fitting and",BITM_BOQ,37,text
BITM_BOQ_p37_l13,7.4Supplying 1.5mmthickM.S.sheetfittedandfixedononeor,BITM_BOQ,37,text
BITM_BOQ_p37_l17,"7.5Supply, fitting&fixingofcollapsible gatewith40mmx",BITM_BOQ,37,text
BITM_BOQ_p37_l22,"steel rollers including locking arrangements, fitted and",BITM_BOQ,37,text
BITM_BOQ_p37_l23,fixed in position with lugs set in cement concrete and,BITM_BOQ,37,text
BITM_BOQ_p37_l24,"including cutting necessary holes, chasing etc. in walls,",BITM_BOQ,37,text
BITM_BOQ_p37_l25,"floors etc. and making good damage complete.1Sqm. 3,402.00 3,402.00",BITM_BOQ,37,text
BITM_BOQ_p37_l26,"7.6Supply, fitting&fixingsteelrollingshutterprofiletype",BITM_BOQ,37,text
BITM_BOQ_p37_l27,"with 18 BG approve type steel latch section 75mm wide,",BITM_BOQ,37,text
BITM_BOQ_p37_l28,fitted with coil wire spring to necessitate the fitting of,BITM_BOQ,37,text
BITM_BOQ_p37_l30,seamless steel tube complete with locking arrangements,BITM_BOQ,37,text
BITM_BOQ_p37_l32,channels including providing a hood for the steel rolling,BITM_BOQ,37,text
BITM_BOQ_p37_l33,"shutter in the room, painting two coats of approved",BITM_BOQ,37,text
BITM_BOQ_p37_l34,aluminium paint over a coat of red lead primer complete.,BITM_BOQ,37,text
BITM_BOQ_p37_l37,"7.7Supplying fittingandfixingsteelrollinggrillslinktype,",BITM_BOQ,37,text
BITM_BOQ_p37_l38,shutter with 18 B.G .of approved type steel to the section,BITM_BOQ,37,text
BITM_BOQ_p37_l40,fitting of required Nos. of C.I. Pulleys on heavy type solid,BITM_BOQ,37,text
BITM_BOQ_p37_l41,drawn seamless steel tube complete with locking,BITM_BOQ,37,text
BITM_BOQ_p37_l43,guide channels including providing a hood for the steel,BITM_BOQ,37,text
BITM_BOQ_p37_l44,"rolling shutter in the room, painting two coats of approved",BITM_BOQ,37,text
BITM_BOQ_p37_l45,aluminium paint over a coat of red lead primer complete.,BITM_BOQ,37,text
BITM_BOQ_p37_l51,with new rivets and fitting in position and painting two,BITM_BOQ,37,text
BITM_BOQ_p38_l7,dismantling by parts for repair or (replacement of damaged,BITM_BOQ,38,text
BITM_BOQ_p38_l8,"parts only), rehanging and refitting the same in position",BITM_BOQ,38,text
BITM_BOQ_p38_l11,7.12Renewing seampipeforrollingshutterasperexisting size,BITM_BOQ,38,text
BITM_BOQ_p38_l12,"and shape fitting, fixing complete3Mtr. 210.00 630.00",BITM_BOQ,38,text
BITM_BOQ_p38_l13,7.13Renewing side split pin for seam pipe for rolling shutter. 5Each 26.00 130.00,BITM_BOQ,38,text
BITM_BOQ_p38_l16,7.15Renewing profileofrollingshutterincluding fittingfixing,BITM_BOQ,38,text
BITM_BOQ_p38_l19,shape including fitting fixing complete1Each 609.00 609.00,BITM_BOQ,38,text
BITM_BOQ_p38_l20,7.17Renewing steelplatedoroxidized casement stayorpegstay,BITM_BOQ,38,text
BITM_BOQ_p38_l21,of steel window frames including painting two coats,BITM_BOQ,38,text
BITM_BOQ_p38_l22,approved paint complete. 5Each 70.00 350.00,BITM_BOQ,38,text
BITM_BOQ_p38_l23,7.18Renewing onepointsteel(oxidised) handleofsteeldoor,BITM_BOQ,38,text
BITM_BOQ_p38_l24,and windows as directed including painting complete.5Each 61.00 305.00,BITM_BOQ,38,text
BITM_BOQ_p38_l25,7.19Repairing steelshutterwithnewrivetsincluding takingout,BITM_BOQ,38,text
BITM_BOQ_p38_l28,7.20Renewing hingeofsteelshutterincluding takingoutold,BITM_BOQ,38,text
BITM_BOQ_p38_l31,7.21Providing &fixingsteelpegstay300mmlongincluding,BITM_BOQ,38,text
BITM_BOQ_p38_l32,fitting and fixing.10Each 25.00 250.00,BITM_BOQ,38,text
BITM_BOQ_p38_l36,"8.0Painting, White washing, Polishing etc. :::",BITM_BOQ,38,text
BITM_BOQ_p38_l39,should be used in the finishing coat) all floors. Two coats,BITM_BOQ,38,text
BITM_BOQ_p38_l41,8.2Applying Decorative cement basedpaintofapproved,BITM_BOQ,38,text
BITM_BOQ_p38_l43,thoroughly on plastered or concreted surface,BITM_BOQ,38,text
BITM_BOQ_p38_l44,(manufacturers specifications to be followed) at any floor.,BITM_BOQ,38,text
BITM_BOQ_p39_l4,"8.3AcrylicDistemper tointerior wall,ceilingwithacoatof",BITM_BOQ,39,text
BITM_BOQ_p39_l10,approved quality and brand on plastered or concrete,BITM_BOQ,39,text
BITM_BOQ_p39_l11,surface old or new surface to receive Distemper/Acrylic,BITM_BOQ,39,text
BITM_BOQ_p39_l12,emulsion paint including scraping and preparing the,BITM_BOQ,39,text
BITM_BOQ_p39_l14,specification and as per direction of the EIC (At any Floor),BITM_BOQ,39,text
BITM_BOQ_p39_l16,8.5Applying Acrylicemulsion paintofapproved makeand,BITM_BOQ,39,text
BITM_BOQ_p39_l17,brand on walls and ceiling including sand papering in,BITM_BOQ,39,text
BITM_BOQ_p39_l24,Glamour/ Silk Luxury Emulsion; AsianPaints:Royale,BITM_BOQ,39,text
BITM_BOQ_p39_l29,quality and brand on plastered or concrete surface old or,BITM_BOQ,39,text
BITM_BOQ_p39_l31,smooth finish acrylic exterior emulsion paint including,BITM_BOQ,39,text
BITM_BOQ_p39_l34,"EIC. (At any Floor). (a) One Coat & more300Sqm. 31.40 9,420.00",BITM_BOQ,39,text
BITM_BOQ_p39_l35,8.7Protective andDecorative Acrylicexterior emulsion paint,BITM_BOQ,39,text
BITM_BOQ_p39_l44,8.8Priming onecoatonetimberorplastered surface with,BITM_BOQ,39,text
BITM_BOQ_p39_l46,"smoothening surfaces by sand papering etc.100Sqm. 38.00 3,800.00",BITM_BOQ,39,text
BITM_BOQ_p39_l47,8.9Priming onecoatonetimberorplastered surface with,BITM_BOQ,39,text
BITM_BOQ_p39_l49,"smoothening surfaces by sand papering etc.100Sqm. 29.00 2,900.00",BITM_BOQ,39,text
BITM_BOQ_p39_l50,8.10Painting withbestquality synthetic enamel paintof,BITM_BOQ,39,text
BITM_BOQ_p39_l52,by sand papering etc. including using of approved putty,BITM_BOQ,39,text
BITM_BOQ_p40_l5,"gloss on timber or plastered surface.50Sqm. 54.00 2,700.00",BITM_BOQ,40,text
BITM_BOQ_p40_l7,"on timber or plastered surface.100Sqm. 81.00 8,100.00",BITM_BOQ,40,text
BITM_BOQ_p40_l9,"gloss on steel or other metal surface.50Sqm. 51.00 2,550.00",BITM_BOQ,40,text
BITM_BOQ_p40_l11,"on steel or other metal surface.100Sqm. 79.00 7,900.00",BITM_BOQ,40,text
BITM_BOQ_p40_l12,8.11Painting withsuperior quality aluminium paintof,BITM_BOQ,40,text
BITM_BOQ_p40_l14,sand papering etc. on metal surface.,BITM_BOQ,40,text
BITM_BOQ_p40_l17,8.12Painting withreadymixedredleadpaintofapproved make,BITM_BOQ,40,text
BITM_BOQ_p40_l19,8.13Painting withreadymixedBlackJapanofapproved make,BITM_BOQ,40,text
BITM_BOQ_p40_l27,8.16Rendering thesurface ofwallsandceilingwithwhite,BITM_BOQ,40,text
BITM_BOQ_p40_l28,cement based wall putty of approved make and brand (1.5,BITM_BOQ,40,text
BITM_BOQ_p40_l30,"8.17Cleaning thewallsandceilingbyscraping, sandpapering",BITM_BOQ,40,text
BITM_BOQ_p40_l33,"walls,ceiling by scraping etc. and preparing smooth and",BITM_BOQ,40,text
BITM_BOQ_p40_l34,even surface with rendering or cement mortar (1:2) (as,BITM_BOQ,40,text
BITM_BOQ_p40_l36,distemper/ acrylic emulsion etc.. (Payment against this,BITM_BOQ,40,text
BITM_BOQ_p40_l40,"surface of walls necessitating the use of scraper, wire brush",BITM_BOQ,40,text
BITM_BOQ_p40_l44,8.20Scraping andremoving greasysootfromwallsorceilingof,BITM_BOQ,40,text
BITM_BOQ_p40_l47,8.21Cement washing including cleaning andsmoothening,BITM_BOQ,40,text
BITM_BOQ_p40_l48,surface thoroughly (cement to be used @25 kg./100 sq.m. of,BITM_BOQ,40,text
BITM_BOQ_p41_l4,8.22Finishing withEpoxypaint(twoormorecoats)atall,BITM_BOQ,41,text
BITM_BOQ_p41_l8,"8.22.1 On steel surface (old/new) 10Sq.m 167.75 1,677.50",BITM_BOQ,41,text
BITM_BOQ_p41_l9,"8.22.2 On concrete surface (old/new) 10Sq.m 167.40 1,674.00",BITM_BOQ,41,text
BITM_BOQ_p41_l11,9.1Woodworkindoorandwindow frame(Localsal)fitted,BITM_BOQ,41,text
BITM_BOQ_p41_l13,painting at the contact surface of the frame excluding cost,BITM_BOQ,41,text
BITM_BOQ_p41_l14,"of concrete, Iron Butt Hinges and M.S. clamps. Sal : Local.0.05Cu.M 77,671.00 3,883.55",BITM_BOQ,41,text
BITM_BOQ_p41_l15,"9.2Panelshutters ofdoorandwindow, asperdesign(each",BITM_BOQ,41,text
BITM_BOQ_p41_l17,fittingand fixingthe samein position butexcluding the cost,BITM_BOQ,41,text
BITM_BOQ_p41_l18,of hinge and other fittings. (In case of non-supply of single,BITM_BOQ,41,text
BITM_BOQ_p41_l24,9.3Z-batten shutterofdoorandwindow asperdesignhavings,BITM_BOQ,41,text
BITM_BOQ_p41_l26,Engineer-in-charge including fitting and fixing shutter in,BITM_BOQ,41,text
BITM_BOQ_p41_l27,"position, but excluding the cost of hinges and other fittings",BITM_BOQ,41,text
BITM_BOQ_p41_l28,in ground floor.,BITM_BOQ,41,text
BITM_BOQ_p41_l31,"9.4Supplying solidflushtypedoorsofcommercial quality,the",BITM_BOQ,41,text
BITM_BOQ_p41_l35,ways in order to make the door of solid core and internal,BITM_BOQ,41,text
BITM_BOQ_p41_l37,"formaldehyde as glue etc. complete, including fitting, fixing",BITM_BOQ,41,text
BITM_BOQ_p41_l39,other fittings in ground floor. 35 mm thick shutters (single,BITM_BOQ,41,text
BITM_BOQ_p41_l41,"9.5Supplying, fittingandfixingfiberreinforced polymer (FRP)",BITM_BOQ,41,text
BITM_BOQ_p41_l42,Composite door frame as per approved section with glass,BITM_BOQ,41,text
BITM_BOQ_p41_l44,"sandwich core, so as to impart monolithic composite",BITM_BOQ,41,text
BITM_BOQ_p41_l46,Science and Technology (DST) to satisfy IS: 4020 door,BITM_BOQ,41,text
BITM_BOQ_p42_l4,"9.6Supplying, fitting&fixingfiberreinforced polymer (FRP)",BITM_BOQ,42,text
BITM_BOQ_p42_l5,composite door shutters as per approved design with glass,BITM_BOQ,42,text
BITM_BOQ_p42_l7,"sandwich core, so as to impart monolithic composite",BITM_BOQ,42,text
BITM_BOQ_p42_l9,Science and Technology (DST) to satisfy IS:4020 door,BITM_BOQ,42,text
BITM_BOQ_p42_l10,"testing performance criteria In Ground Floor. 25 mm thick.2Sqm 2,581.00 5,162.00",BITM_BOQ,42,text
BITM_BOQ_p42_l11,9.7Supplying fittingandfixinginposition approved P.V.C.,BITM_BOQ,42,text
BITM_BOQ_p42_l12,door frame (Matt finish) made of extruded P.V.C.,BITM_BOQ,42,text
BITM_BOQ_p42_l13,multichamber hollow section having dimensions 60mm x,BITM_BOQ,42,text
BITM_BOQ_p42_l15,with vertical section by galvanised steel screws after,BITM_BOQ,42,text
BITM_BOQ_p42_l16,inserting two number steel brackets as reinforcement,BITM_BOQ,42,text
BITM_BOQ_p42_l17,"making suitable space for placing hinges, one steel tube",BITM_BOQ,42,text
BITM_BOQ_p42_l19,"vertical side of the frame (hinge side) as reinforcement, the",BITM_BOQ,42,text
BITM_BOQ_p42_l22,"steel screws including cost of all materials and labour, hire",BITM_BOQ,42,text
BITM_BOQ_p42_l25,9.8Supplying fittingandfixingP.V.C.doorshutter(30mm,BITM_BOQ,42,text
BITM_BOQ_p42_l27,rail of the P.V.C. door shutter will be made of rigid P.V.C.,BITM_BOQ,42,text
BITM_BOQ_p42_l28,multicavity hollow chamber of 59 mm x30 mm section with,BITM_BOQ,42,text
BITM_BOQ_p42_l29,2.0 mm (+/-0.2 mm) wall thickness.Horizontal & vertical,BITM_BOQ,42,text
BITM_BOQ_p42_l34,section of 120 mm x30mm with 2.0 mm (+/- 0.2 mm) wall,BITM_BOQ,42,text
BITM_BOQ_p42_l38,in by PVC panels of size 100 mmx25 mm with wall,BITM_BOQ,42,text
BITM_BOQ_p42_l42,bolt / tower bolt / door ring are required to be strong,BITM_BOQ,42,text
BITM_BOQ_p42_l44,"cost of all materials, labour, and hire of toolsand plants and",BITM_BOQ,42,text
BITM_BOQ_p42_l47,"9.9Supplying, fittingandfixingM.S.clampfordoorand",BITM_BOQ,42,text
BITM_BOQ_p42_l48,"window frame made of flat bent bar, end bifurcated with",BITM_BOQ,42,text
BITM_BOQ_p42_l49,necessary screws etc in cement concrete (1:2:4) including,BITM_BOQ,42,text
BITM_BOQ_p42_l50,cutting of brick work/ concrete work as per direction. (Cost,BITM_BOQ,42,text
BITM_BOQ_p42_l51,of concrete will be paid saperately),BITM_BOQ,42,text
BITM_BOQ_p42_l53,9.10Providing andfixingIS:12817marked stainless steelbutt,BITM_BOQ,42,text
BITM_BOQ_p42_l54,hinges with stainless steel screws etc. complete.,BITM_BOQ,42,text
BITM_BOQ_p43_l7,fitting - 300 mm long.3Each 166.00 498.00,BITM_BOQ,43,text
BITM_BOQ_p43_l10,and round fitting - 300 mm long.1Each 657.00 657.00,BITM_BOQ,43,text
BITM_BOQ_p43_l11,"9.13Supplying, fitting and fixing door stopper (Steel body) 5Each 67.00 335.00",BITM_BOQ,43,text
BITM_BOQ_p43_l12,"9.14Supplying, fittingandfixing4mmthickacrylicornamental",BITM_BOQ,43,text
BITM_BOQ_p43_l13,finger plate made of transparent acrylic sheet including,BITM_BOQ,43,text
BITM_BOQ_p43_l15,and chamfering the edges of acrylic sheet.1Sqm 699.00 699.00,BITM_BOQ,43,text
BITM_BOQ_p43_l17,"latch and keys 4 levers, including fitting and fixing",BITM_BOQ,43,text
BITM_BOQ_p43_l19,"9.16Supplying, fittingandfixingGodrej MultiLockor",BITM_BOQ,43,text
BITM_BOQ_p43_l21,9.17Hydraulic doorcloserofapproved quality asperISI,BITM_BOQ,43,text
BITM_BOQ_p43_l25,adjusting spring of different types of automatic door closer,BITM_BOQ,43,text
BITM_BOQ_p43_l27,9.19Repairstoautomatic doorcloserincluding replacement of,BITM_BOQ,43,text
BITM_BOQ_p43_l29,including taking out and refitting the same.2Each 318.00 636.00,BITM_BOQ,43,text
BITM_BOQ_p43_l30,9.20Labourfortakingoutdoorandwindow frameincluding,BITM_BOQ,43,text
BITM_BOQ_p43_l31,shutter for repair or replacement of different parts of the,BITM_BOQ,43,text
BITM_BOQ_p43_l33,damaes complete. (Concrete and brick work for mending,BITM_BOQ,43,text
BITM_BOQ_p43_l35,"9.21Takingoutshutterofdoorandwindow, dismantling by",BITM_BOQ,43,text
BITM_BOQ_p43_l36,"parts (for repair or replacement of damaged parts),",BITM_BOQ,43,text
BITM_BOQ_p43_l37,reassembling and refitting and rehanging same with old,BITM_BOQ,43,text
BITM_BOQ_p43_l38,fittings but with new screws as necessary.5Sqm 126.00 630.00,BITM_BOQ,43,text
BITM_BOQ_p43_l39,9.22Takingoutdoorandwindow shutters andrehanging the,BITM_BOQ,43,text
BITM_BOQ_p43_l40,same with old fittings but with new iron screws.5Sqm 78.00 390.00,BITM_BOQ,43,text
BITM_BOQ_p44_l4,9.25Cleaning andremoving paintmarkfromglasspanewith,BITM_BOQ,44,text
BITM_BOQ_p44_l9,"making holes in walls floor, roof and mending damages in",BITM_BOQ,44,text
BITM_BOQ_p44_l10,old and new one in cement concrete (4:2:1) with stone chips,BITM_BOQ,44,text
BITM_BOQ_p44_l11,and cement plaster (1:4) and lime washing three coats,BITM_BOQ,44,text
BITM_BOQ_p44_l18,1200 mm / 600 mm long and Wall Angle. The Wall Angle,BITM_BOQ,44,text
BITM_BOQ_p44_l20,the wall by steel screws with distance 300mm c/c. The Main,BITM_BOQ,44,text
BITM_BOQ_p44_l30,Cured Non Asbestos Fibre Cement Standard Ceiling Board,BITM_BOQ,44,text
BITM_BOQ_p44_l36,Engineer-in-charge.FalseCeiling (with6mmthickFibreCement Designer,BITM_BOQ,44,text
BITM_BOQ_p44_l43,1200 mm / 600 mm long and wall angle. The Wall Angle,BITM_BOQ,44,text
BITM_BOQ_p44_l45,the wall by steel screws with distance 300 mm c/c. The,BITM_BOQ,44,text
BITM_BOQ_p45_l9,Board (Mineral Fiber Acoustic Ceiling Tiles) of approved,BITM_BOQ,45,text
BITM_BOQ_p45_l15,Board and E-Grid U-1520). At any Floor,BITM_BOQ,45,text
BITM_BOQ_p45_l17,plaster board including G.I. perimeter channel of 0.55 mm,BITM_BOQ,45,text
BITM_BOQ_p45_l23,Cleat and steel expansion fastener ceiling section 0.55 mm,BITM_BOQ,45,text
BITM_BOQ_p45_l28,12.5mmthickGypsum plastered boardaretobefixed,BITM_BOQ,45,text
BITM_BOQ_p45_l34,"fittings and fixtures, scaffolding and labour charges etc.",BITM_BOQ,45,text
BITM_BOQ_p45_l36,9.30Ceilingofsoft-insulation boards(12mmthick)asperdesign,BITM_BOQ,45,text
BITM_BOQ_p46_l5,"steel tube of 40mm x 20mm of not less than 18 gauge,the",BITM_BOQ,46,text
BITM_BOQ_p46_l8,fixed in wall using rawlplug or gutties or screws etc. and,BITM_BOQ,46,text
BITM_BOQ_p46_l10,"necessary,the entire frame will be painted with red oxide.",BITM_BOQ,46,text
BITM_BOQ_p46_l15,frame with the help of self tapping steel screws including,BITM_BOQ,46,text
BITM_BOQ_p46_l16,"all materials and labour charges including fitting,fixing the",BITM_BOQ,46,text
BITM_BOQ_p46_l18,respect and cost of paint as required as per direction of,BITM_BOQ,46,text
BITM_BOQ_p46_l22,aluminium tower bolt for double leaf doors as per,BITM_BOQ,46,text
BITM_BOQ_p46_l43,"10.5Supplying, fittingandfixingheavydutyhydraulic (oil",BITM_BOQ,46,text
BITM_BOQ_p46_l44,check) double action floor door spring along with top,BITM_BOQ,46,text
BITM_BOQ_p46_l52,provided where floor spring not used)2Pair 297.00 594.00,BITM_BOQ,46,text
BITM_BOQ_p47_l7,10.7.2Weather gasket/ wool pile for door vertical. 20Mtr 19.00 380.00,BITM_BOQ,47,text
BITM_BOQ_p47_l10,10.9Supplying aluminium castedbodyhydraulic doorcloseras,BITM_BOQ,47,text
BITM_BOQ_p47_l12,10.10Supplying 250mmlongHeavyTypeAluminium window,BITM_BOQ,47,text
BITM_BOQ_p47_l19,10.13Supplying stainless steelfrictional hingeforcasement,BITM_BOQ,47,text
BITM_BOQ_p47_l20,window as per approved brand as directed by Engineer-in-,BITM_BOQ,47,text
BITM_BOQ_p47_l24,10.14Removing aluminium doorandwindow frame/shutters,BITM_BOQ,47,text
BITM_BOQ_p47_l27,"floor spring, rubber, felt, fitting & fixtures etc. 5Sqm. 82.00 410.00",BITM_BOQ,47,text
BITM_BOQ_p47_l29,windows (excluding glass and gasket) after removing the,BITM_BOQ,47,text
BITM_BOQ_p47_l32,10.16Supplying PVCrollersforslidingwindows asperdirection,BITM_BOQ,47,text
BITM_BOQ_p47_l35,hinge for casement window as per approved brand and,BITM_BOQ,47,text
BITM_BOQ_p47_l37,10.18Supplying & fitting Zinc powered coated star lock,BITM_BOQ,47,text
BITM_BOQ_p48_l4,"10.19Providing andfixingaluminium workfordoors,windows,",BITM_BOQ,48,text
BITM_BOQ_p48_l9,"necessary filling up the gaps at junctions, i.e. at top, bottom",BITM_BOQ,48,text
BITM_BOQ_p48_l14,"/ paneling, C.P. brass / stainless steel screws, all complete",BITM_BOQ,48,text
BITM_BOQ_p48_l22,"10.20Forshutters ofdoors,windows &ventilators including",BITM_BOQ,48,text
BITM_BOQ_p48_l24,for fixing & fittings wherever required including the cost of,BITM_BOQ,48,text
BITM_BOQ_p48_l25,EPDM rubber / neoprene gasket required (Fittings shall be,BITM_BOQ,48,text
BITM_BOQ_p49_l5,11.1Supplying atsiteorstackyard orasdirected PCC(1:2:4),BITM_BOQ,49,text
BITM_BOQ_p49_l9,"reinforcement and 6 mm dia binders @ 200 mm centres,",BITM_BOQ,49,text
BITM_BOQ_p49_l11,"11.2Supply, fitting&fixingG.I.chainlinkfencing75mmx75",BITM_BOQ,49,text
BITM_BOQ_p49_l12,"mm xmesh 12 SWGto the RCC posts, wooden posts or iron",BITM_BOQ,49,text
BITM_BOQ_p49_l15,"11.3Supplying, fittingandfixinginposition fibreglasspanesof",BITM_BOQ,49,text
BITM_BOQ_p49_l17,1989. (In all floors for internal wall & upto 6 m height for,BITM_BOQ,49,text
BITM_BOQ_p49_l18,external wall),BITM_BOQ,49,text
BITM_BOQ_p49_l25,11.4Repairing crackinwallbycementgrouting (1:2)including,BITM_BOQ,49,text
BITM_BOQ_p49_l27,and packing the same with cement mortar (1:2) and,BITM_BOQ,49,text
BITM_BOQ_p49_l28,finishing off to match with adjacent surface.25Mtr. 13.92 348.00,BITM_BOQ,49,text
BITM_BOQ_p49_l30,"joint, window glass, polycarbonate sheets to make joints",BITM_BOQ,49,text
BITM_BOQ_p49_l34,11.6Extrarateforusingwaterproofing andplasticising,BITM_BOQ,49,text
BITM_BOQ_p49_l35,admixture @ 0.2% by weight of cement (or at,BITM_BOQ,49,text
BITM_BOQ_p49_l36,manufacturer's specified rate)for concrete of variousgrades,BITM_BOQ,49,text
BITM_BOQ_p49_l37,"or plaster.10Kg. 119.00 1,190.00",BITM_BOQ,49,text
BITM_BOQ_p49_l39,11.7.1a)Skilled(Mason/ Carpenter/ Fitter/Painter/ Plumber/,BITM_BOQ,49,text
BITM_BOQ_p49_l44,11.8.1Bricks (1st Class) 50Nos 12.00 600.00,BITM_BOQ,49,text
BITM_BOQ_p49_l45,"11.8.2Medium Sand 0.5Cum. 1,978.00 989.00",BITM_BOQ,49,text
BITM_BOQ_p49_l46,11.8.3Silver Sand 0.5Cum. 848.00 424.00,BITM_BOQ,49,text
BITM_BOQ_p49_l47,"11.8.4Coarse Aggregate (Pakur varity) 20mm size 0.5Cum. 2,826.00 1,413.00",BITM_BOQ,49,text
BITM_BOQ_p49_l49,11.8.6White Cement 25Kg. 25.00 625.00,BITM_BOQ,49,text
BITM_BOQ_p49_l50,11.8.7Reinforcement (TMTBar)TorSteelRods/HYSD/Fe 415/Fe,BITM_BOQ,49,text
BITM_BOQ_p49_l52,11.8.8Cement OPC/ PSC/ PPC (53 Grade) 50Kg. 7.00 350.00,BITM_BOQ,49,text
BITM_BOQ_p50_l4,"11.9Supplying, fitting and fixing C.I. Grating (heavy Type)",BITM_BOQ,50,text
BITM_BOQ_p50_l7,11.10Providing andapplying microconcrete ofapproved make,BITM_BOQ,50,text
BITM_BOQ_p50_l8,"as per manufacturer""s specification over RCC work or brick",BITM_BOQ,50,text
BITM_BOQ_p50_l16,window film (3 M) having acrylic pressure sensitive,BITM_BOQ,50,text
BITM_BOQ_p51_l4,1.0 G.I./ P.V.C. Pipe works and its Fittings :::,BITM_BOQ,51,text
BITM_BOQ_p51_l5,"1.1 Supplying, fitting & fixing G.I. pipe TATA make with all",BITM_BOQ,51,text
BITM_BOQ_p51_l9,"including cutting pipes, making threads, fitting, fixing etc.",BITM_BOQ,51,text
BITM_BOQ_p51_l11,"fittings as required, jointing materials and two coats of",BITM_BOQ,51,text
BITM_BOQ_p51_l12,painting with approved paint in any position above ground .,BITM_BOQ,51,text
BITM_BOQ_p51_l21,"1.2 Supplying, fitting & fixing in position G.I. pipes TATA",BITM_BOQ,51,text
BITM_BOQ_p51_l25,"materials, cutting pipes, making threads, cutting trenches",BITM_BOQ,51,text
BITM_BOQ_p51_l26,upto 1.5 metre below surface in all sorts of soils and refilling,BITM_BOQ,51,text
BITM_BOQ_p51_l27,the sameasdirected with two coats of paintingon G.I. pipes,BITM_BOQ,51,text
BITM_BOQ_p51_l28,& specials with bituminous paint complete in all respect.,BITM_BOQ,51,text
BITM_BOQ_p51_l36,1.2.8 80mm dia medium quality. 1 Mtr. 798.00 798.00BILL OF QUANTITIES (PLUMBING & SANITARY WORK),BITM_BOQ,51,text
BITM_BOQ_p51_l37,"Name of work: Annual maintenance contract for Civil, Sanitary & Plumbing works",BITM_BOQ,51,text
BITM_BOQ_p52_l4,1.3 Labour for fitting and fixing high density poly-ethylene,BITM_BOQ,52,text
BITM_BOQ_p52_l5,"pipes or PVC pipes including cost of jointing materials,",BITM_BOQ,52,text
BITM_BOQ_p52_l6,"paints etc., fitting and fixing all necessary accessories,",BITM_BOQ,52,text
BITM_BOQ_p52_l9,"cutting pipes, making threads, cutting holes in walls or",BITM_BOQ,52,text
BITM_BOQ_p52_l10,R.C.C floor where necessary and mending good all damages,BITM_BOQ,52,text
BITM_BOQ_p52_l11,"excluding the cost of masonry or concrete work, if",BITM_BOQ,52,text
BITM_BOQ_p52_l12,"necessary, but including the cost of fitting and fixing holder",BITM_BOQ,52,text
BITM_BOQ_p52_l15,will be made on the centre line measurements of total pipe,BITM_BOQ,52,text
BITM_BOQ_p52_l25,1.4 Labour for fitting and fixing high density poly-ethylene,BITM_BOQ,52,text
BITM_BOQ_p52_l26,"pipes or PVC pipes including cost of jointing materials,",BITM_BOQ,52,text
BITM_BOQ_p52_l27,"paints etc., fitting and fixing all necessary accessories,",BITM_BOQ,52,text
BITM_BOQ_p52_l30,"cutting pipes, making threads, cutting holes in walls or",BITM_BOQ,52,text
BITM_BOQ_p52_l31,R.C.C floor where necessary and mending good all damages,BITM_BOQ,52,text
BITM_BOQ_p52_l32,"excluding the cost of masonry or concrete work, if",BITM_BOQ,52,text
BITM_BOQ_p52_l33,"necessary, but including the cost of fitting and fixing holder",BITM_BOQ,52,text
BITM_BOQ_p52_l35,including cutting trenches upto 1.5 metre and refilling the,BITM_BOQ,52,text
BITM_BOQ_p52_l38,total pipe line including all specials).,BITM_BOQ,52,text
BITM_BOQ_p55_l30,1.17 Labour for fitting and fixing GI specials including cost of,BITM_BOQ,55,text
BITM_BOQ_p55_l38,1.18 Labour for dismantling/ refixing G.I. pipe with fittings.,BITM_BOQ,55,text
BITM_BOQ_p55_l42,"1.19 Supplying , fitting and fixing Gun metal check valve tested",BITM_BOQ,55,text
BITM_BOQ_p56_l5,"1.20 Supplying, fitting and fixing gunmetal wheel valve of",BITM_BOQ,56,text
BITM_BOQ_p56_l15,1.21 Opening out leaky water supply pipe and making the joints,BITM_BOQ,56,text
BITM_BOQ_p56_l29,1.25Supply of PVC pipes of approved make (medium duty/,BITM_BOQ,56,text
BITM_BOQ_p56_l31,match with GI pipes as per IS: 1239 (Part-I).,BITM_BOQ,56,text
BITM_BOQ_p59_l4,1.36 Renewing C.I. clamp for pipe including cutting hole in wall,BITM_BOQ,59,text
BITM_BOQ_p59_l17,1.38Removing chokage in G.I. pipe including cleaning pipe.,BITM_BOQ,59,text
BITM_BOQ_p59_l21,"1.39Supplying, fitting and fixing of CPVC Ball Valve",BITM_BOQ,59,text
BITM_BOQ_p59_l43,"2.0Cisterns, P.V.C. tanks etc :::",BITM_BOQ,59,text
BITM_BOQ_p60_l4,"2.1Supplying, fitting and fixing 10 lit porcelain low down",BITM_BOQ,60,text
BITM_BOQ_p60_l7,"fittings.1 Each 2,297.00 2,297.00",BITM_BOQ,60,text
BITM_BOQ_p60_l8,"2.2Supplying, fitting and fixing 10 ltr. PVC low down cistern",BITM_BOQ,60,text
BITM_BOQ_p60_l9,"conforming to IS specification with PVC fittings complete,",BITM_BOQ,60,text
BITM_BOQ_p60_l10,"C.I. brackets including two coats of painting to bracket etc.1 Each 1,015.00 1,015.00",BITM_BOQ,60,text
BITM_BOQ_p60_l11,"2.3Supplying, fitting and fixing of low down cistern parts of",BITM_BOQ,60,text
BITM_BOQ_p60_l13,2.3.1 Internal fitting for cistern complete. 2 Each,BITM_BOQ,60,text
BITM_BOQ_p60_l20,for pipe of dia.,BITM_BOQ,60,text
BITM_BOQ_p60_l31,"2.7 Supply, fitting and fixing PVC water storage tank of",BITM_BOQ,60,text
BITM_BOQ_p60_l37,2.8 Cleaning and removing mud upto 2000 litre Water Tank,BITM_BOQ,60,text
BITM_BOQ_p60_l38,"including masonry reservior.50 Each 110.00 5,500.00",BITM_BOQ,60,text
BITM_BOQ_p60_l39,2.9 Cleaning and removing mud above 2000 litre Water Tank,BITM_BOQ,60,text
BITM_BOQ_p60_l40,"including masonry reservior.100 Cum 67.00 6,700.00",BITM_BOQ,60,text
BITM_BOQ_p60_l41,"3.0Wash Basins, Sinks etc and Fittings :::",BITM_BOQ,60,text
BITM_BOQ_p61_l4,"3.1 Supplying, fitting and fixing white vitreous china best",BITM_BOQ,61,text
BITM_BOQ_p61_l6,75mm x 75mm x 75mm. Wooden blocks C.P. waste fittings,BITM_BOQ,61,text
BITM_BOQ_p61_l9,"approved quality PVC waste pipe with C.P. nut 32mm dia,",BITM_BOQ,61,text
BITM_BOQ_p61_l10,900mm long approved quality PVC connection pipe with,BITM_BOQ,61,text
BITM_BOQ_p61_l12,all damages and painting the brackets with two coats of,BITM_BOQ,61,text
BITM_BOQ_p61_l13,approved paints.,BITM_BOQ,61,text
BITM_BOQ_p61_l16,"3.2 Supplying, fitting and fixing pedestal of approved make for",BITM_BOQ,61,text
BITM_BOQ_p61_l19,position on C.I. brackets including two coats of painting of,BITM_BOQ,61,text
BITM_BOQ_p61_l23,"3.4 Supplying, fitting & fixing stainless steel (SS 304 grade) sink",BITM_BOQ,61,text
BITM_BOQ_p61_l24,complete with waste fittings and two coats of painting C.I.,BITM_BOQ,61,text
BITM_BOQ_p61_l27,"3.4.2 Sink with drain board 1050 mm x 450 mm x 180 mm 1 Each 5,006.00 5,006.00",BITM_BOQ,61,text
BITM_BOQ_p61_l28,"3.5 Supplying, fitting and fixing complete Bottle waste trap",BITM_BOQ,61,text
BITM_BOQ_p61_l31,connecting pipe and wall flange (Equivalent to Code No.,BITM_BOQ,61,text
BITM_BOQ_p61_l34,3.5.2 PTMT Bottle trap 32 mm with connecting pipe ( Prayag or,BITM_BOQ,61,text
BITM_BOQ_p61_l36,"3.6 Supplying, fitting & fixing approved brand PVC connector",BITM_BOQ,61,text
BITM_BOQ_p62_l4,"3.7 Supplying, fitting and fixing approved brand 32 mm dia.",BITM_BOQ,62,text
BITM_BOQ_p62_l5,"P.V.C. waste pipe, with PVC coupling at one end fitted with",BITM_BOQ,62,text
BITM_BOQ_p62_l10,"3.8 Supplying, fitting and fixing Waste fittings complete.",BITM_BOQ,62,text
BITM_BOQ_p62_l13,"3.8.2 Supply, Fitting & Fixing of 32 mm PVC Waste Nozzle with",BITM_BOQ,62,text
BITM_BOQ_p62_l16,3.8.3 Flexible waste pipe of 32 mm dia. for wash basin / urinal,BITM_BOQ,62,text
BITM_BOQ_p62_l18,"3.9 Supplying, fitting and fixing C.I. bracket including two",BITM_BOQ,62,text
BITM_BOQ_p62_l19,coats of painting,BITM_BOQ,62,text
BITM_BOQ_p62_l21,"(b) Sink, Drain board 2 Each 149.00 298.00",BITM_BOQ,62,text
BITM_BOQ_p62_l23,"3.10 Supplying, fitting and fixing pillar cock, bib cock & stop",BITM_BOQ,62,text
BITM_BOQ_p62_l32,3.10.4Chromium plated Bib Cock long body with wall flange with,BITM_BOQ,62,text
BITM_BOQ_p62_l35,3.10.5 Chromium plated Bib Cock (angular shape with wall,BITM_BOQ,62,text
BITM_BOQ_p62_l38,3.10.6 Chromium plated angular Stop Cock with wall flange,BITM_BOQ,62,text
BITM_BOQ_p63_l6,"3.10.9 Supplying, fitting and fixing alloy iron with brass spindle",BITM_BOQ,63,text
BITM_BOQ_p63_l8,painted and tested to 21 kg per sq.cm. - 15 mm.1 Each 169.00 169.00,BITM_BOQ,63,text
BITM_BOQ_p63_l14,Wall Hook(Equivalent to Code No.573 & Model -ALLIED of,BITM_BOQ,63,text
BITM_BOQ_p63_l19,"3.10.13 Supplying, fitting and fixing 15 mm swan neck tap with left",BITM_BOQ,63,text
BITM_BOQ_p63_l23,"3.11 Supplying, fitting and fixing C.P. Extension pipe 5 Each 106.00 530.00",BITM_BOQ,63,text
BITM_BOQ_p63_l24,"3.12 Supplying, fitting and fixing C.P. wall flange 5 Each 64.00 320.00",BITM_BOQ,63,text
BITM_BOQ_p63_l25,3.13 Re-fixing washbasin with or without waste fittings with,BITM_BOQ,63,text
BITM_BOQ_p63_l29,3.15 Re-fixing sink with or without waste fittings with brackets.,BITM_BOQ,63,text
BITM_BOQ_p63_l31,3.16 Dismantling sink with or without waste fittings with,BITM_BOQ,63,text
BITM_BOQ_p64_l5,"3.19 Supplying, fitting and fixing bevelled edged mirror 5.5 mm",BITM_BOQ,64,text
BITM_BOQ_p64_l8,"3.20 Supplying, fitting and fixing liquid soap container.",BITM_BOQ,64,text
BITM_BOQ_p64_l11,"3.21 Supply, fitting and fixing towel rail with two brackets C.P.",BITM_BOQ,64,text
BITM_BOQ_p64_l13,"3.22 Supplying, fitting and fixing PTMT smart shelf of approved",BITM_BOQ,64,text
BITM_BOQ_p64_l17,of sandy soils with drey brickwork upto 1.6 mtr. from the,BITM_BOQ,64,text
BITM_BOQ_p64_l18,bottom having 150mm intermediate cement brick work (1:4),BITM_BOQ,64,text
BITM_BOQ_p64_l19,band all round and cement brick work (1:4) upto 0.90 mtr.,BITM_BOQ,64,text
BITM_BOQ_p64_l20,from top with 19mm thick cement plastering (4:1) to inside,BITM_BOQ,64,text
BITM_BOQ_p64_l21,"face upto the depth of cement brickwork, 15mm thick",BITM_BOQ,64,text
BITM_BOQ_p64_l22,cement plaster (4:1) on outer face from top of the well upto,BITM_BOQ,64,text
BITM_BOQ_p64_l23,G.L. and 6mm thick cement plaster (4:1) on top of the RCC,BITM_BOQ,64,text
BITM_BOQ_p64_l24,cover slab including filling bottom 1.00 mtr. of inside of the,BITM_BOQ,64,text
BITM_BOQ_p64_l25,well with brick metal (50mm to 63mm size) including RCC,BITM_BOQ,64,text
BITM_BOQ_p64_l26,cover slab of 100mm thick with cement concrete (1:1.5:3),BITM_BOQ,64,text
BITM_BOQ_p64_l27,with stone chips with necessary reinforcement and,BITM_BOQ,64,text
BITM_BOQ_p64_l28,shuttering including one 560mm dia RCC manhole cover,BITM_BOQ,64,text
BITM_BOQ_p64_l30,"the cover slab with necessary fittings making necessary,",BITM_BOQ,64,text
BITM_BOQ_p64_l31,"arrangements for pipe connection, excavation of well",BITM_BOQ,64,text
BITM_BOQ_p64_l35,With 250mm thick dry brick work and 250mm thick cement,BITM_BOQ,64,text
BITM_BOQ_p64_l36,"brick work (6:1) and 1.00m inside dia. (SAIL/TATA/RINL)Each 16,577.00 0.00",BITM_BOQ,64,text
BITM_BOQ_p64_l37,"4.2 Removing sludge from septic tank, soak well etc. by methor",BITM_BOQ,64,text
BITM_BOQ_p65_l6,"4.4 Supplying, fitting and fixing in position RCC manhole / pit",BITM_BOQ,65,text
BITM_BOQ_p65_l10,"4.5 Supplying, fitting and fixing in position C.I manhole / pit",BITM_BOQ,65,text
BITM_BOQ_p65_l14,"4.6 Supplying, fitting and fixing in position reinforced cement",BITM_BOQ,65,text
BITM_BOQ_p65_l15,polymer concrete manhole/ gully pit cover with matching,BITM_BOQ,65,text
BITM_BOQ_p65_l21,4.6.2 15 MT load bearing capacity round manhole cover provided,BITM_BOQ,65,text
BITM_BOQ_p65_l25,4.6.3 5 MT load bearing capacity round manhole cover provided,BITM_BOQ,65,text
BITM_BOQ_p65_l29,4.6.4 3 MT load bearing capacity round manhole cover provided,BITM_BOQ,65,text
BITM_BOQ_p65_l33,5 Soil Pipe and Fittings :::,BITM_BOQ,65,text
BITM_BOQ_p66_l4,"5.0 Supplying, fitting and fixing UPVC pipes (B-Type) &",BITM_BOQ,66,text
BITM_BOQ_p66_l5,fittings conforming to IS:13592-1992 for above ground work,BITM_BOQ,66,text
BITM_BOQ_p66_l7,"cutting pipes, cutting holes in wall or RCC floor where",BITM_BOQ,66,text
BITM_BOQ_p66_l9,"of masonry or concrete work, if necessary, but including the",BITM_BOQ,66,text
BITM_BOQ_p66_l10,cost and fitting and fixing holder bat clamps (any floor) or,BITM_BOQ,66,text
BITM_BOQ_p66_l12,metre and refilling the same complete as per direction of the,BITM_BOQ,66,text
BITM_BOQ_p66_l14,measurement of the total pipeline including specials.),BITM_BOQ,66,text
BITM_BOQ_p66_l15,5.1 Single socketed 3.0 metre length UPVC pipes - Above,BITM_BOQ,66,text
BITM_BOQ_p66_l20,5.2 Single socketed 3.0 metre length UPVC pipes - Under,BITM_BOQ,66,text
BITM_BOQ_p66_l33,5.5 Door Tee,BITM_BOQ,66,text
BITM_BOQ_p67_l4,5.8 Door Bend (T.S),BITM_BOQ,67,text
BITM_BOQ_p67_l16,5.10 Pipe Clip,BITM_BOQ,67,text
BITM_BOQ_p67_l21,5.13 Plain floor trap with Top tile & Strainer - 75 mm 2 Each 144.00 288.00,BITM_BOQ,67,text
BITM_BOQ_p67_l22,"5.14 Supplying, fitting and fixing with cement jointing (1:3) salt",BITM_BOQ,67,text
BITM_BOQ_p67_l23,glazed stoneware pipe including excavation of earth upto,BITM_BOQ,67,text
BITM_BOQ_p67_l25,refilling (but excluding concreting at bottom and sides).,BITM_BOQ,67,text
BITM_BOQ_p67_l28,5.15 Renewing cast iron inspection door with bolts and nuts,BITM_BOQ,67,text
BITM_BOQ_p67_l29,complete for fittings of 50mm dia to 150mm dia HCI pipe. 2 Each 86.00 172.00,BITM_BOQ,67,text
BITM_BOQ_p67_l30,"5.16 Supply, fitting and fixing C.I. round grating.",BITM_BOQ,67,text
BITM_BOQ_p67_l33,"5.17 Supply, fitting and fixing C.I. square jalli.",BITM_BOQ,67,text
BITM_BOQ_p68_l4,5.20 Removing chokage of H.C.I. or S.W. pipe or R.C.C. Hume,BITM_BOQ,68,text
BITM_BOQ_p68_l5,pipe with split bamboo etc.,BITM_BOQ,68,text
BITM_BOQ_p68_l9,"6.1 Supplying, fitting and fixing EWC in white glazed vitreous",BITM_BOQ,68,text
BITM_BOQ_p68_l13,"6.2 Supplying, fitting and fixing Anglo-Indian W.C. in white",BITM_BOQ,68,text
BITM_BOQ_p68_l17,"6.3 Supplying, fitting and fixing Orissa pattern water closet in",BITM_BOQ,68,text
BITM_BOQ_p68_l20,"concrete for fixing). (i) 580 mm X 440 mm.1 Each 1,613.00 1,613.00",BITM_BOQ,68,text
BITM_BOQ_p68_l21,"6.4 Supplying, fitting and fixing Flat back urinal (half stall",BITM_BOQ,68,text
BITM_BOQ_p68_l27,"6.5 Supplying, fitting and fixing 32 mm dia. flush pipe of",BITM_BOQ,68,text
BITM_BOQ_p68_l30,"6.5.1 a) Polythene flush pipe 10 Each 155.00 1,550.00",BITM_BOQ,68,text
BITM_BOQ_p68_l31,"6.6 Supplying, fitting and fixing 18mm thick marble partition",BITM_BOQ,68,text
BITM_BOQ_p68_l32,"slab with white chawk doongri marbel square cut, both",BITM_BOQ,68,text
BITM_BOQ_p68_l35,"6.7 Supplying, fitting and fixing porcelain partition wall of",BITM_BOQ,68,text
BITM_BOQ_p68_l38,"6.8 Supplying, fitting and fixing Closet seat of approved make",BITM_BOQ,68,text
BITM_BOQ_p68_l43,"6.9 Supplying, fitting and fixing porcelain toilet paper holder of",BITM_BOQ,68,text
BITM_BOQ_p69_l4,"6.10 Supplying, fitting and fixing dome shaped C.P. waste",BITM_BOQ,69,text
BITM_BOQ_p69_l12,6.15 Re-fixing flush pipe/ MS bend/ CP flush pipe with I.R.,BITM_BOQ,69,text
BITM_BOQ_p69_l22,"7.3 Supplying, fitting and fixing 15mm dia, 450mm long C.P.",BITM_BOQ,69,text
BITM_BOQ_p70_l5,etc.from road side masonary drain/ hume pipe drain/,BITM_BOQ,70,text
BITM_BOQ_p70_l6,culvert etc. by mathor labour after removing concrete.,BITM_BOQ,70,text
BITM_BOQ_p70_l7,Slab/manhole cover etc. without damaging the same and,BITM_BOQ,70,text
BITM_BOQ_p70_l19,"2,38,388.00 Cost of plumbing and sanitary work (BITM) ::::",BITM_BOQ,70,text
BITM_BOQ_p71_l4,1.0 G.I./ P.V.C. Pipe works and its Fittings :::,BITM_BOQ,71,text
BITM_BOQ_p71_l5,"1.1 Supplying, fitting & fixing G.I. pipe TATA make with all",BITM_BOQ,71,text
BITM_BOQ_p71_l9,"including cutting pipes, making threads, fitting, fixing etc.",BITM_BOQ,71,text
BITM_BOQ_p71_l11,"fittings as required, jointing materials and two coats of",BITM_BOQ,71,text
BITM_BOQ_p71_l12,painting with approved paint in any position above ground .,BITM_BOQ,71,text
BITM_BOQ_p71_l21,"1.2 Supplying, fitting & fixing in position G.I. pipes TATA",BITM_BOQ,71,text
BITM_BOQ_p71_l25,"materials, cutting pipes, making threads, cutting trenches",BITM_BOQ,71,text
BITM_BOQ_p71_l26,upto 1.5 metre below surface in all sorts of soils and refilling,BITM_BOQ,71,text
BITM_BOQ_p71_l27,the sameasdirected with two coats of paintingon G.I. pipes,BITM_BOQ,71,text
BITM_BOQ_p71_l28,& specials with bituminous paint complete in all respect.,BITM_BOQ,71,text
BITM_BOQ_p71_l36,1.2.8 80mm dia medium quality. 1 Mtr. 798.00 798.00BILL OF QUANTITIES (PLUMBING & SANITARY WORK),BITM_BOQ,71,text
BITM_BOQ_p71_l37,"Name of work: Annual maintenance contract for Civil, Sanitary & Plumbing works",BITM_BOQ,71,text
BITM_BOQ_p72_l4,1.3 Labour for fitting and fixing high density poly-ethylene,BITM_BOQ,72,text
BITM_BOQ_p72_l5,"pipes or PVC pipes including cost of jointing materials,",BITM_BOQ,72,text
BITM_BOQ_p72_l6,"paints etc., fitting and fixing all necessary accessories,",BITM_BOQ,72,text
BITM_BOQ_p72_l9,"cutting pipes, making threads, cutting holes in walls or",BITM_BOQ,72,text
BITM_BOQ_p72_l10,R.C.C floor where necessary and mending good all damages,BITM_BOQ,72,text
BITM_BOQ_p72_l11,"excluding the cost of masonry or concrete work, if",BITM_BOQ,72,text
BITM_BOQ_p72_l12,"necessary, but including the cost of fitting and fixing holder",BITM_BOQ,72,text
BITM_BOQ_p72_l15,will be made on the centre line measurements of total pipe,BITM_BOQ,72,text
BITM_BOQ_p72_l25,1.4 Labour for fitting and fixing high density poly-ethylene,BITM_BOQ,72,text
BITM_BOQ_p72_l26,"pipes or PVC pipes including cost of jointing materials,",BITM_BOQ,72,text
BITM_BOQ_p72_l27,"paints etc., fitting and fixing all necessary accessories,",BITM_BOQ,72,text
BITM_BOQ_p72_l30,"cutting pipes, making threads, cutting holes in walls or",BITM_BOQ,72,text
BITM_BOQ_p72_l31,R.C.C floor where necessary and mending good all damages,BITM_BOQ,72,text
BITM_BOQ_p72_l32,"excluding the cost of masonry or concrete work, if",BITM_BOQ,72,text
BITM_BOQ_p72_l33,"necessary, but including the cost of fitting and fixing holder",BITM_BOQ,72,text
BITM_BOQ_p72_l35,including cutting trenches upto 1.5 metre and refilling the,BITM_BOQ,72,text
BITM_BOQ_p72_l38,total pipe line including all specials).,BITM_BOQ,72,text
BITM_BOQ_p75_l30,1.17 Labour for fitting and fixing GI specials including cost of,BITM_BOQ,75,text
BITM_BOQ_p75_l38,1.18 Labour for dismantling/ refixing G.I. pipe with fittings.,BITM_BOQ,75,text
BITM_BOQ_p75_l42,"1.19 Supplying , fitting and fixing Gun metal check valve tested",BITM_BOQ,75,text
BITM_BOQ_p76_l5,"1.20 Supplying, fitting and fixing gunmetal wheel valve of",BITM_BOQ,76,text
BITM_BOQ_p76_l15,1.21 Opening out leaky water supply pipe and making the joints,BITM_BOQ,76,text
BITM_BOQ_p76_l29,1.25Supply of PVC pipes of approved make (medium duty/,BITM_BOQ,76,text
BITM_BOQ_p76_l31,match with GI pipes as per IS: 1239 (Part-I).,BITM_BOQ,76,text
BITM_BOQ_p79_l4,1.36 Renewing C.I. clamp for pipe including cutting hole in wall,BITM_BOQ,79,text
BITM_BOQ_p79_l17,1.38Removing chokage in G.I. pipe including cleaning pipe.,BITM_BOQ,79,text
BITM_BOQ_p79_l21,"1.39Supplying, fitting and fixing of CPVC Ball Valve",BITM_BOQ,79,text
BITM_BOQ_p79_l43,"2.0Cisterns, P.V.C. tanks etc :::",BITM_BOQ,79,text
BITM_BOQ_p80_l4,"2.1Supplying, fitting and fixing 10 lit porcelain low down",BITM_BOQ,80,text
BITM_BOQ_p80_l7,"fittings.1 Each 2,297.00 2,297.00",BITM_BOQ,80,text
BITM_BOQ_p80_l8,"2.2Supplying, fitting and fixing 10 ltr. PVC low down cistern",BITM_BOQ,80,text
BITM_BOQ_p80_l9,"conforming to IS specification with PVC fittings complete,",BITM_BOQ,80,text
BITM_BOQ_p80_l10,"C.I. brackets including two coats of painting to bracket etc.1 Each 1,015.00 1,015.00",BITM_BOQ,80,text
BITM_BOQ_p80_l11,"2.3Supplying, fitting and fixing of low down cistern parts of",BITM_BOQ,80,text
BITM_BOQ_p80_l13,2.3.1 Internal fitting for cistern complete. 1 Each,BITM_BOQ,80,text
BITM_BOQ_p80_l20,for pipe of dia.,BITM_BOQ,80,text
BITM_BOQ_p80_l31,"2.7 Supply, fitting and fixing PVC water storage tank of",BITM_BOQ,80,text
BITM_BOQ_p80_l37,2.8 Cleaning and removing mud upto 2000 litre Water Tank,BITM_BOQ,80,text
BITM_BOQ_p80_l38,"including masonry reservior.10 Each 110.00 1,100.00",BITM_BOQ,80,text
BITM_BOQ_p80_l39,2.9 Cleaning and removing mud above 2000 litre Water Tank,BITM_BOQ,80,text
BITM_BOQ_p80_l40,"including masonry reservior.100 Cum 67.00 6,700.00",BITM_BOQ,80,text
BITM_BOQ_p80_l41,"3.0Wash Basins, Sinks etc and Fittings :::",BITM_BOQ,80,text
BITM_BOQ_p81_l4,"3.1 Supplying, fitting and fixing white vitreous china best",BITM_BOQ,81,text
BITM_BOQ_p81_l6,75mm x 75mm x 75mm. Wooden blocks C.P. waste fittings,BITM_BOQ,81,text
BITM_BOQ_p81_l9,"approved quality PVC waste pipe with C.P. nut 32mm dia,",BITM_BOQ,81,text
BITM_BOQ_p81_l10,900mm long approved quality PVC connection pipe with,BITM_BOQ,81,text
BITM_BOQ_p81_l12,all damages and painting the brackets with two coats of,BITM_BOQ,81,text
BITM_BOQ_p81_l13,approved paints.,BITM_BOQ,81,text
BITM_BOQ_p81_l16,"3.2 Supplying, fitting and fixing pedestal of approved make for",BITM_BOQ,81,text
BITM_BOQ_p81_l19,position on C.I. brackets including two coats of painting of,BITM_BOQ,81,text
BITM_BOQ_p81_l23,"3.4 Supplying, fitting & fixing stainless steel (SS 304 grade) sink",BITM_BOQ,81,text
BITM_BOQ_p81_l24,complete with waste fittings and two coats of painting C.I.,BITM_BOQ,81,text
BITM_BOQ_p81_l27,"3.4.2 Sink with drain board 1050 mm x 450 mm x 180 mm 0 Each 5,006.00 0.00",BITM_BOQ,81,text
BITM_BOQ_p81_l28,"3.5 Supplying, fitting and fixing complete Bottle waste trap",BITM_BOQ,81,text
BITM_BOQ_p81_l31,connecting pipe and wall flange (Equivalent to Code No.,BITM_BOQ,81,text
BITM_BOQ_p81_l34,3.5.2 PTMT Bottle trap 32 mm with connecting pipe ( Prayag or,BITM_BOQ,81,text
BITM_BOQ_p81_l36,"3.6 Supplying, fitting & fixing approved brand PVC connector",BITM_BOQ,81,text
BITM_BOQ_p82_l4,"3.7 Supplying, fitting and fixing approved brand 32 mm dia.",BITM_BOQ,82,text
BITM_BOQ_p82_l5,"P.V.C. waste pipe, with PVC coupling at one end fitted with",BITM_BOQ,82,text
BITM_BOQ_p82_l10,"3.8 Supplying, fitting and fixing Waste fittings complete.",BITM_BOQ,82,text
BITM_BOQ_p82_l13,"3.8.2 Supply, Fitting & Fixing of 32 mm PVC Waste Nozzle with",BITM_BOQ,82,text
BITM_BOQ_p82_l16,3.8.3 Flexible waste pipe of 32 mm dia. for wash basin / urinal,BITM_BOQ,82,text
BITM_BOQ_p82_l18,"3.9 Supplying, fitting and fixing C.I. bracket including two",BITM_BOQ,82,text
BITM_BOQ_p82_l19,coats of painting,BITM_BOQ,82,text
BITM_BOQ_p82_l21,"(b) Sink, Drain board 2 Each 149.00 298.00",BITM_BOQ,82,text
BITM_BOQ_p82_l23,"3.10 Supplying, fitting and fixing pillar cock, bib cock & stop",BITM_BOQ,82,text
BITM_BOQ_p82_l32,3.10.4Chromium plated Bib Cock long body with wall flange with,BITM_BOQ,82,text
BITM_BOQ_p82_l35,3.10.5 Chromium plated Bib Cock (angular shape with wall,BITM_BOQ,82,text
BITM_BOQ_p82_l38,3.10.6 Chromium plated angular Stop Cock with wall flange,BITM_BOQ,82,text
BITM_BOQ_p83_l6,"3.10.9 Supplying, fitting and fixing alloy iron with brass spindle",BITM_BOQ,83,text
BITM_BOQ_p83_l8,painted and tested to 21 kg per sq.cm. - 15 mm.1 Each 169.00 169.00,BITM_BOQ,83,text
BITM_BOQ_p83_l14,Wall Hook(Equivalent to Code No.573 & Model -ALLIED of,BITM_BOQ,83,text
BITM_BOQ_p83_l19,"3.10.13 Supplying, fitting and fixing 15 mm swan neck tap with left",BITM_BOQ,83,text
BITM_BOQ_p83_l23,"3.11 Supplying, fitting and fixing C.P. Extension pipe 2 Each 106.00 212.00",BITM_BOQ,83,text
BITM_BOQ_p83_l24,"3.12 Supplying, fitting and fixing C.P. wall flange 5 Each 64.00 320.00",BITM_BOQ,83,text
BITM_BOQ_p83_l25,3.13 Re-fixing washbasin with or without waste fittings with,BITM_BOQ,83,text
BITM_BOQ_p83_l29,3.15 Re-fixing sink with or without waste fittings with brackets.,BITM_BOQ,83,text
BITM_BOQ_p83_l31,3.16 Dismantling sink with or without waste fittings with,BITM_BOQ,83,text
BITM_BOQ_p84_l5,"3.19 Supplying, fitting and fixing bevelled edged mirror 5.5 mm",BITM_BOQ,84,text
BITM_BOQ_p84_l8,"3.20 Supplying, fitting and fixing liquid soap container.",BITM_BOQ,84,text
BITM_BOQ_p84_l11,"3.21 Supply, fitting and fixing towel rail with two brackets C.P.",BITM_BOQ,84,text
BITM_BOQ_p84_l13,"3.22 Supplying, fitting and fixing PTMT smart shelf of approved",BITM_BOQ,84,text
BITM_BOQ_p84_l17,of sandy soils with drey brickwork upto 1.6 mtr. from the,BITM_BOQ,84,text
BITM_BOQ_p84_l18,bottom having 150mm intermediate cement brick work (1:4),BITM_BOQ,84,text
BITM_BOQ_p84_l19,band all round and cement brick work (1:4) upto 0.90 mtr.,BITM_BOQ,84,text
BITM_BOQ_p84_l20,from top with 19mm thick cement plastering (4:1) to inside,BITM_BOQ,84,text
BITM_BOQ_p84_l21,"face upto the depth of cement brickwork, 15mm thick",BITM_BOQ,84,text
BITM_BOQ_p84_l22,cement plaster (4:1) on outer face from top of the well upto,BITM_BOQ,84,text
BITM_BOQ_p84_l23,G.L. and 6mm thick cement plaster (4:1) on top of the RCC,BITM_BOQ,84,text
BITM_BOQ_p84_l24,cover slab including filling bottom 1.00 mtr. of inside of the,BITM_BOQ,84,text
BITM_BOQ_p84_l25,well with brick metal (50mm to 63mm size) including RCC,BITM_BOQ,84,text
BITM_BOQ_p84_l26,cover slab of 100mm thick with cement concrete (1:1.5:3),BITM_BOQ,84,text
BITM_BOQ_p84_l27,with stone chips with necessary reinforcement and,BITM_BOQ,84,text
BITM_BOQ_p84_l28,shuttering including one 560mm dia RCC manhole cover,BITM_BOQ,84,text
BITM_BOQ_p84_l30,"the cover slab with necessary fittings making necessary,",BITM_BOQ,84,text
BITM_BOQ_p84_l31,"arrangements for pipe connection, excavation of well",BITM_BOQ,84,text
BITM_BOQ_p84_l35,With 250mm thick dry brick work and 250mm thick cement,BITM_BOQ,84,text
BITM_BOQ_p84_l36,"brick work (6:1) and 1.00m inside dia. (SAIL/TATA/RINL)0 Each 16,577.00 0.00",BITM_BOQ,84,text
BITM_BOQ_p84_l37,"4.2 Removing sludge from septic tank, soak well etc. by methor",BITM_BOQ,84,text
BITM_BOQ_p85_l5,"4.4 Supplying, fitting and fixing in position RCC manhole / pit",BITM_BOQ,85,text
BITM_BOQ_p85_l9,"4.5 Supplying, fitting and fixing in position C.I manhole / pit",BITM_BOQ,85,text
BITM_BOQ_p85_l13,"4.6 Supplying, fitting and fixing in position reinforced cement",BITM_BOQ,85,text
BITM_BOQ_p85_l14,polymer concrete manhole/ gully pit cover with matching,BITM_BOQ,85,text
BITM_BOQ_p85_l20,4.6.2 15 MT load bearing capacity round manhole cover provided,BITM_BOQ,85,text
BITM_BOQ_p85_l24,4.6.3 5 MT load bearing capacity round manhole cover provided,BITM_BOQ,85,text
BITM_BOQ_p85_l28,4.6.4 3 MT load bearing capacity round manhole cover provided,BITM_BOQ,85,text
BITM_BOQ_p85_l32,5 Soil Pipe and Fittings :::,BITM_BOQ,85,text
BITM_BOQ_p85_l33,"5.0 Supplying, fitting and fixing UPVC pipes (B-Type) &",BITM_BOQ,85,text
BITM_BOQ_p85_l34,fittings conforming to IS:13592-1992 for above ground work,BITM_BOQ,85,text
BITM_BOQ_p85_l36,"cutting pipes, cutting holes in wall or RCC floor where",BITM_BOQ,85,text
BITM_BOQ_p85_l38,"of masonry or concrete work, if necessary, but including the",BITM_BOQ,85,text
BITM_BOQ_p85_l39,cost and fitting and fixing holder bat clamps (any floor) or,BITM_BOQ,85,text
BITM_BOQ_p85_l41,metre and refilling the same complete as per direction of the,BITM_BOQ,85,text
BITM_BOQ_p85_l43,measurement of the total pipeline including specials.),BITM_BOQ,85,text
BITM_BOQ_p86_l4,5.1 Single socketed 3.0 metre length UPVC pipes - Above,BITM_BOQ,86,text
BITM_BOQ_p86_l9,5.2 Single socketed 3.0 metre length UPVC pipes - Under,BITM_BOQ,86,text
BITM_BOQ_p86_l22,5.5 Door Tee,BITM_BOQ,86,text
BITM_BOQ_p86_l34,5.8 Door Bend (T.S),BITM_BOQ,86,text
BITM_BOQ_p87_l4,5.10 Pipe Clip,BITM_BOQ,87,text
BITM_BOQ_p87_l9,5.13 Plain floor trap with Top tile & Strainer - 75 mm 1 Each 144.00 144.00,BITM_BOQ,87,text
BITM_BOQ_p87_l10,"5.14 Supplying, fitting and fixing with cement jointing (1:3) salt",BITM_BOQ,87,text
BITM_BOQ_p87_l11,glazed stoneware pipe including excavation of earth upto,BITM_BOQ,87,text
BITM_BOQ_p87_l13,refilling (but excluding concreting at bottom and sides).,BITM_BOQ,87,text
BITM_BOQ_p87_l16,5.15 Renewing cast iron inspection door with bolts and nuts,BITM_BOQ,87,text
BITM_BOQ_p87_l17,complete for fittings of 50mm dia to 150mm dia HCI pipe. 2 Each 86.00 172.00,BITM_BOQ,87,text
BITM_BOQ_p87_l18,"5.16 Supply, fitting and fixing C.I. round grating.",BITM_BOQ,87,text
BITM_BOQ_p87_l21,"5.17 Supply, fitting and fixing C.I. square jalli.",BITM_BOQ,87,text
BITM_BOQ_p87_l27,5.20 Removing chokage of H.C.I. or S.W. pipe or R.C.C. Hume,BITM_BOQ,87,text
BITM_BOQ_p87_l28,pipe with split bamboo etc.,BITM_BOQ,87,text
BITM_BOQ_p87_l32,"6.1 Supplying, fitting and fixing EWC in white glazed vitreous",BITM_BOQ,87,text
BITM_BOQ_p88_l4,"6.2 Supplying, fitting and fixing Anglo-Indian W.C. in white",BITM_BOQ,88,text
BITM_BOQ_p88_l8,"6.3 Supplying, fitting and fixing Orissa pattern water closet in",BITM_BOQ,88,text
BITM_BOQ_p88_l11,"concrete for fixing). (i) 580 mm X 440 mm.1 Each 1,613.00 1,613.00",BITM_BOQ,88,text
BITM_BOQ_p88_l12,"6.4 Supplying, fitting and fixing Flat back urinal (half stall",BITM_BOQ,88,text
BITM_BOQ_p88_l18,"6.5 Supplying, fitting and fixing 32 mm dia. flush pipe of",BITM_BOQ,88,text
BITM_BOQ_p88_l21,6.5.1 a) Polythene flush pipe 3 Each 155.00 465.00,BITM_BOQ,88,text
BITM_BOQ_p88_l22,"6.6 Supplying, fitting and fixing 18mm thick marble partition",BITM_BOQ,88,text
BITM_BOQ_p88_l23,"slab with white chawk doongri marbel square cut, both",BITM_BOQ,88,text
BITM_BOQ_p88_l26,"6.7 Supplying, fitting and fixing porcelain partition wall of",BITM_BOQ,88,text
BITM_BOQ_p88_l29,"6.8 Supplying, fitting and fixing Closet seat of approved make",BITM_BOQ,88,text
BITM_BOQ_p88_l34,"6.9 Supplying, fitting and fixing porcelain toilet paper holder of",BITM_BOQ,88,text
BITM_BOQ_p88_l37,"6.10 Supplying, fitting and fixing dome shaped C.P. waste",BITM_BOQ,88,text
BITM_BOQ_p89_l8,6.15 Re-fixing flush pipe/ MS bend/ CP flush pipe with I.R.,BITM_BOQ,89,text
BITM_BOQ_p89_l18,"7.3 Supplying, fitting and fixing 15mm dia, 450mm long C.P.",BITM_BOQ,89,text
BITM_BOQ_p90_l5,etc.from road side masonary drain/ hume pipe drain/,BITM_BOQ,90,text
BITM_BOQ_p90_l6,culvert etc. by mathor labour after removing concrete.,BITM_BOQ,90,text
BITM_BOQ_p90_l7,Slab/manhole cover etc. without damaging the same and,BITM_BOQ,90,text
BITM_BOQ_p90_l19,"1,58,103.00 Cost of plumbing and sanitary work (Staff Quarter) ::::",BITM_BOQ,90,text
BITM_BOQ_p91_l9,(Rupees Eleven lacs Eleven thousand Three hundred & Seventy Four Only)Summary,BITM_BOQ,91,text
BITM_BOQ_p91_l10,"Name of work:Annual maintenance contract for Civil, Sanitary &",BITM_BOQ,91,text
BITM_BOQ_p91_l11,"Plumbing works at BITM, Kolkata & Staff quarters (Karmi Abas),",BITM_BOQ,91,text
BITM_BOQ_p91_l15,"Total Cost of Civil, Sanitary & Plumbing Works for BITM, Kolkata & Staff",BITM_BOQ,91,text
BITM_BOQ_p91_l19,"Add Labour Welfare Cess @ 1 % on Rs. Cost of Plumbing & Sanitary Work for BITM, Kolkata = Rs.",BITM_BOQ,91,text
BITM_BOQ_p91_l20,"Cost of Plumbing & Sanitary for Staff Quarters, Kasba, Kolkata = Rs.",BITM_BOQ,91,text
BITM_BOQ_p92_l31,"Water Proofing Compound: Sika, SWC, Pedilite, CICOAluminium Section: Hindalco, Indalco, Beco",BITM_BOQ,92,text
BITM_BOQ_p92_l32,Floor Spring : Godrej/ Ozone/ Hardwin / Garnish/ DORMAVitrified Tiles: Kajaria/ Johnson & Johnson/ Marbonite/ Nitco,BITM_BOQ,92,text
BITM_BOQ_p92_l33,Ceramic Tiles: Kajaria/ Orient/ Somany/ Vermora,BITM_BOQ,92,text
BITM_BOQ_p92_l34,Cement Based Paint: Duracem (Berger)/ Snowcem,BITM_BOQ,92,text
BITM_BOQ_p92_l35,"Oil Bound Paint, Plastic paint, Synthetic Enamel: Berger/ Asian paints/ ICI.",BITM_BOQ,92,text
BITM_BOQ_p92_l36,"Weather Coat: Asian paint Apex Ultima, Weather shield Max of Dulux (ICI)",BITM_BOQ,92,text
BITM_BOQ_p92_l38,"UPVC Pipe for rain water down pipe: Ori-plast, Supreme, Ashirvad, Astral",BITM_BOQ,92,text
BITM_BOQ_p92_l40,GI Pipe fittings: Tata/ Jindal,BITM_BOQ,92,text
BITM_BOQ_p92_l41,"PVC Sanitary fixtures : PRAYAG, WtaertecMicro concrete : Pidilite, CICO, SIKA",BITM_BOQ,92,text
BITM_BOQ_p92_l43,"CPVC Ball Valve : Supreme, Ashirvad, AstralHydraulic Door Closer: Godrej/ Ozone/ Hardwin/Garnish/ DORMA",BITM_BOQ,92,text
BITM_BOQ_p92_l45,"Gate Valve: Leader, HM, LakshmiPVC Pipe: Ori-plast, Supreme, Ashirvad, Astral",BITM_BOQ,92,text
BITM_BOQ_p92_l46,"PVC Water Tank: Sintex, Patton",BITM_BOQ,92,text
BITM_BOQ_p92_l47,"PVC Cistern & Fittings: Reliance Classic/ Hindware/ ParrywareVitreous Chinaware fixture: Hindustan, Parry ware, CERA, Hindware, NeycerCement: OPC 53 Grade of Ultratech/ ACC/ Lafarge/ Ambuja make",BITM_BOQ,92,text
BITM_BOQ_p92_l51,Suncontrol film : M/S Garware Polyester limited or equivalent of M/S 3M Window,BITM_BOQ,92,text
IITB_COPT_BOQ_p1_l3,"PART - II PLUMBING WORK 1,06,19,122 B",IITB_COPT_BOQ,1,text
IITB_COPT_BOQ_p1_l7,"PART - V ELECTRICAL WORKS 10,69,99,407",IITB_COPT_BOQ,1,text
IITB_COPT_BOQ_p1_l16,"(GROUND PLUS 6 UPPER FLOORS) INCLUDING FINISHING WORKS, INTERNAL WATER SUPPLY, SANITARY AND",IITB_COPT_BOQ,1,text
IITB_COPT_BOQ_p1_l17,"ELECTRICAL INSTALLATIONS, FIRE FIGHTING, FIRE ALARM & ELV SYSTEMS, LIFTS, AIRCONDITIONING,",IITB_COPT_BOQ,1,text
IITB_COPT_BOQ_p2_l3,"2 CONCRETE WORK 22,77,32,040",IITB_COPT_BOQ,2,text
IITB_COPT_BOQ_p2_l4,"3MASONRY WORK 2,32,45,535",IITB_COPT_BOQ,2,text
IITB_COPT_BOQ_p2_l6,"5STEEL WORK 59,90,448",IITB_COPT_BOQ,2,text
IITB_COPT_BOQ_p2_l7,"6FLOORING & WALL LINING WORKS 5,96,77,407",IITB_COPT_BOQ,2,text
IITB_COPT_BOQ_p2_l8,"7ROOFING 1,75,30,289",IITB_COPT_BOQ,2,text
IITB_COPT_BOQ_p2_l9,"8FINISHING 2,74,77,381",IITB_COPT_BOQ,2,text
IITB_COPT_BOQ_p2_l12,"11WATER PROOFING 73,62,824",IITB_COPT_BOQ,2,text
IITB_COPT_BOQ_p2_l17,IIPLUMBING WORK,IITB_COPT_BOQ,2,text
IITB_COPT_BOQ_p2_l18,"ASANITARY WARES AND CP APPURTENANCES 43,23,572",IITB_COPT_BOQ,2,text
IITB_COPT_BOQ_p2_l20,"CINTERNAL DRAINAGE (SOIL, WASTE & VENT, RAIN WATER ) 22,83,012",IITB_COPT_BOQ,2,text
IITB_COPT_BOQ_p2_l21,"DEXTERNAL SEWERAGE & STORM WATER DRAINAGE SYSTEM 7,84,308",IITB_COPT_BOQ,2,text
IITB_COPT_BOQ_p2_l22,"EWATER SUPPLY PUMPS AND ACCESSORIES / EQUIPMENT 4,07,005",IITB_COPT_BOQ,2,text
IITB_COPT_BOQ_p2_l23,"TOTAL OF PLUMBING WORKS (B) 1,06,19,122",IITB_COPT_BOQ,2,text
IITB_COPT_BOQ_p2_l24,"TOTAL OF CIVIL AND PLUMBING WORK (C=A+B) 44,85,28,832",IITB_COPT_BOQ,2,text
IITB_COPT_BOQ_p2_l26,"AFIRE PUMPS & RELATED EQUIPMENT / ACCESSORIES 28,77,431",IITB_COPT_BOQ,2,text
IITB_COPT_BOQ_p2_l34,"CSHEET METAL WORK 1,42,62,959",IITB_COPT_BOQ,2,text
IITB_COPT_BOQ_p2_l37,"BUILDING (GROUND PLUS 6 UPPER FLOORS) INCLUDING FINISHING WORKS, INTERNAL WATER",IITB_COPT_BOQ,2,text
IITB_COPT_BOQ_p2_l38,"SUPPLY, SANITARY AND ELECTRICAL INSTALLATIONS, FIRE FIGHTING, FIRE ALARM & ELV",IITB_COPT_BOQ,2,text
IITB_COPT_BOQ_p3_l1,VELECTRICAL WORKS,IITB_COPT_BOQ,3,text
IITB_COPT_BOQ_p3_l6,"4POINT WIRING IN PVC CONDUIT, ETC. 3,53,88,521",IITB_COPT_BOQ,3,text
IITB_COPT_BOQ_p3_l7,"5LIGHT FIXTURES AND FITTINGS, CEILING FANS, EXHAUST FANS,",IITB_COPT_BOQ,3,text
IITB_COPT_BOQ_p3_l12,"9SAFETY EQUIPMENTS FOR ELECTRICAL INSTALLATION 2,55,600",IITB_COPT_BOQ,3,text
IITB_COPT_BOQ_p3_l13,"TOTAL OF ELECTRICAL WORKS (F) 10,69,99,407",IITB_COPT_BOQ,3,text
IITB_COPT_BOQ_p4_l5,"to visit site of work to acquaint themselves about the level of subsoil water, drainage facility",IITB_COPT_BOQ,4,text
IITB_COPT_BOQ_p4_l11,1.1Earth work in excavation by mechanical means (Hydraulic excavator)/ manual means over,IITB_COPT_BOQ,4,text
IITB_COPT_BOQ_p4_l16,1.2 Earth work in excavation by mechanical means (Hydraulic excavator)/ manual means over,IITB_COPT_BOQ,4,text
IITB_COPT_BOQ_p4_l23,1.3 Earth work in excavation by mechanical means (Hydraulic excavator) / manual means in,IITB_COPT_BOQ,4,text
IITB_COPT_BOQ_p4_l24,"foundation trenches or drains (not exceeding 1.5 m in width or 10 sqm on plan), including",IITB_COPT_BOQ,4,text
IITB_COPT_BOQ_p4_l28,"1.4Excavating trenches of required width for pipes, cables, etc including excavation for sockets,",IITB_COPT_BOQ,4,text
IITB_COPT_BOQ_p4_l34,"1.4.1.1 Pipes, cables etc, not exceeding 80 mm dia. Rmt 15 277.00 4,154.94",IITB_COPT_BOQ,4,text
IITB_COPT_BOQ_p4_l35,"1.4.1.2 Pipes, cables etc. exceeding 80 mm dia. but not exceeding 300 mm dia. Rmt 18 452.38 8,142.88",IITB_COPT_BOQ,4,text
IITB_COPT_BOQ_p4_l36,"1.5.2 For excavating trenches for pipes, cables etc. in all kinds of soil for depth exceeding 1.5 m,",IITB_COPT_BOQ,4,text
IITB_COPT_BOQ_p4_l38,1.6 Filling availableexcavated earthforfillingshallbefrom the approved borrowpitswithin IITB,IITB_COPT_BOQ,4,text
IITB_COPT_BOQ_p4_l39,"campus, including excavation, transportation, stacking, filling, compaction etc.(excluding",IITB_COPT_BOQ,4,text
IITB_COPT_BOQ_p4_l40,"rock)in trenches, plinth, sides of foundations etc. in layers not exceeding 20cm in depth,",IITB_COPT_BOQ,4,text
IITB_COPT_BOQ_p4_l46,"size, transporting, by hand packing and filling the gaps with smaller stones and stone dust /",IITB_COPT_BOQ,4,text
IITB_COPT_BOQ_p4_l49,1.9 Filling in plinth with soil approved by approved by Engineer-in-Charge with soil brought from,IITB_COPT_BOQ,4,text
IITB_COPT_BOQ_p4_l50,borrow pitsidentified by the Contractor outside IITB campusand filling in layers of 15 cm to,IITB_COPT_BOQ,4,text
IITB_COPT_BOQ_p4_l51,"20 cm including all the required lead, excavations, loading, unloading, laying, borrowing",IITB_COPT_BOQ,4,text
IITB_COPT_BOQ_p4_l58,Along external wall where the apron is not provided using chemical emulsion @ 7.5 litres /,IITB_COPT_BOQ,4,text
IITB_COPT_BOQ_p4_l59,sqm of the vertical surface of the substructure to a depth of 300 mm including excavation,IITB_COPT_BOQ,4,text
IITB_COPT_BOQ_p4_l60,channel along the wall & rodding etc. complete:,IITB_COPT_BOQ,4,text
IITB_COPT_BOQ_p4_l62,"39,67,952.08 NAME OF PROJECT - CONSTRUCTION OF CENTRE FOR PROPULSION TECHNOLOGY (COPT) BUILDING (GROUND PLUS 6 UPPER FLOORS) INCLUDING",IITB_COPT_BOQ,4,text
IITB_COPT_BOQ_p4_l63,"FINISHING WORKS, INTERNAL WATER SUPPLY, SANITARY AND ELECTRICAL INSTALLATIONS, FIRE FIGHTING, FIRE ALARM & ELV SYSTEMS, LIFTS,",IITB_COPT_BOQ,4,text
IITB_COPT_BOQ_p5_l1,2CONCRETE WORK,IITB_COPT_BOQ,5,text
IITB_COPT_BOQ_p5_l2,2.1 Providing and laying in position ready mixed concrete (RMC) or batched design mix cement,IITB_COPT_BOQ,5,text
IITB_COPT_BOQ_p5_l3,"concrete (BMC) of specified grade for cement concrete work, using fly ash and cement",IITB_COPT_BOQ,5,text
IITB_COPT_BOQ_p5_l6,"manufactured as per mix design of specified grade for cement concrete work, including",IITB_COPT_BOQ,5,text
IITB_COPT_BOQ_p5_l7,"pumping of R.M.C. from transit mixer to site of laying, including the cost of centering,",IITB_COPT_BOQ,5,text
IITB_COPT_BOQ_p5_l8,"shuttering,finishing,admixturesinrecommended proportionsasper IS:9103toaccelerate/",IITB_COPT_BOQ,5,text
IITB_COPT_BOQ_p5_l9,"retardsettingof concrete,improveworkability withoutimpairing strengthand durabilityetc.",IITB_COPT_BOQ,5,text
IITB_COPT_BOQ_p5_l12,(1) The cementitious content will be as per approved design mix .,IITB_COPT_BOQ,5,text
IITB_COPT_BOQ_p5_l14,only be used as part replacement of OPC as per IS :,IITB_COPT_BOQ,5,text
IITB_COPT_BOQ_p5_l15,456.Uniformblendingwithcementtobeensured inaccordance withclauses5.2and5.2.1of,IITB_COPT_BOQ,5,text
IITB_COPT_BOQ_p5_l17,2.1.1 Plain Cement Concrete M15 (zone-III) derived from natural sources : 4 graded stone,IITB_COPT_BOQ,5,text
IITB_COPT_BOQ_p5_l18,"aggregate 20 mm nominal size derived from natural sources)cum 1092 7,257.62 79,25,319.74",IITB_COPT_BOQ,5,text
IITB_COPT_BOQ_p5_l19,Reinforcement Cement Concrete Work,IITB_COPT_BOQ,5,text
IITB_COPT_BOQ_p5_l20,a) All RCC shall be as specified and shall be carried out strictly in accordance with the,IITB_COPT_BOQ,5,text
IITB_COPT_BOQ_p5_l22,b) The rates for RCC works shall be inclusive of all depths below grade / ground levelsand,IITB_COPT_BOQ,5,text
IITB_COPT_BOQ_p5_l23,at all heights as detailed in the drawing but exclusive of cost of reinforcement unless,IITB_COPT_BOQ,5,text
IITB_COPT_BOQ_p5_l25,c)All coarse aggregateto be 20mm maximum sizeand uniformlygradedunlessotherwise,IITB_COPT_BOQ,5,text
IITB_COPT_BOQ_p5_l27,"d) For all RCC items, the rates quoted shall include the following without any extra cost to",IITB_COPT_BOQ,5,text
IITB_COPT_BOQ_p5_l29,i) Spacers to maintain clear cover for reinforcement.,IITB_COPT_BOQ,5,text
IITB_COPT_BOQ_p5_l30,"ii) Fixing at correct level & in proper alignment the inserts, pipe sleeves, pipe bends, fan",IITB_COPT_BOQ,5,text
IITB_COPT_BOQ_p5_l31,"hooks, otherpipespecials etc.suppliedIITB or Contractorunlessotherwisementioned asa",IITB_COPT_BOQ,5,text
IITB_COPT_BOQ_p5_l33,iii)Testfor concreteshallbe done asperIS456-2000and the cost ofthe testingtobecarried,IITB_COPT_BOQ,5,text
IITB_COPT_BOQ_p5_l35,d) Precaution to be taken to avoid uplifting forces on the raft of water tanks.,IITB_COPT_BOQ,5,text
IITB_COPT_BOQ_p5_l37,"advised to use following sequence during concreting in water tanks, and Sub-Structure and",IITB_COPT_BOQ,5,text
IITB_COPT_BOQ_p5_l40,2) Plum concrete to be completed as shown in the drawing.,IITB_COPT_BOQ,5,text
IITB_COPT_BOQ_p5_l41,3) Keeping the tank filled with water for at least half the depth.,IITB_COPT_BOQ,5,text
IITB_COPT_BOQ_p5_l42,2.2 Providing and laying in position ready mixed concrete (RMC) or batched design mix cement,IITB_COPT_BOQ,5,text
IITB_COPT_BOQ_p5_l43,"concrete (BMC) of specified grade for reinforced cement concrete work, using fly ash and",IITB_COPT_BOQ,5,text
IITB_COPT_BOQ_p5_l44,"cement content as per approved design mix, and manufactured in fully automatic batching",IITB_COPT_BOQ,5,text
IITB_COPT_BOQ_p5_l46,"mixer, manufactured as per mix design of specified grade for reinforced cement concrete",IITB_COPT_BOQ,5,text
IITB_COPT_BOQ_p5_l47,"work,including pumpingofR.M.C.fromtransitmixerto siteoflaying,finishing,excludingthe",IITB_COPT_BOQ,5,text
IITB_COPT_BOQ_p5_l48,"cost of centering, shuttering, reinforcement, including cost of admixtures in recommended",IITB_COPT_BOQ,5,text
IITB_COPT_BOQ_p5_l49,"proportions as per IS : 9103 to accelerate / retard setting of concrete, improve workability",IITB_COPT_BOQ,5,text
IITB_COPT_BOQ_p5_l52,(1) The cementitious content shall be as per,IITB_COPT_BOQ,5,text
IITB_COPT_BOQ_p5_l54,(2) Fly ash conforming to grade I of IS 3812 (Part-1) only be used as part replacement of OPC,IITB_COPT_BOQ,5,text
IITB_COPT_BOQ_p5_l56,(3) Uniform blending with cement to be ensured in accordance with clauses 5.2 and 5.2.1 of,IITB_COPT_BOQ,5,text
IITB_COPT_BOQ_p5_l59,"2.2.1.2 Concrete of M20 grade cum507 8,264.70 41,90,201.69",IITB_COPT_BOQ,5,text
IITB_COPT_BOQ_p5_l60,"2.2.1.3 Concrete of M25 grade cum430 8,557.02 36,79,517.10",IITB_COPT_BOQ,5,text
IITB_COPT_BOQ_p5_l61,"2.2.1.4 Concrete of M30 grade cum1213 8,696.50 1,05,48,854.37",IITB_COPT_BOQ,5,text
IITB_COPT_BOQ_p5_l62,"2.2.1.5 Concrete of M40 grade cum328 8,975.52 29,43,969.22",IITB_COPT_BOQ,5,text
IITB_COPT_BOQ_p5_l63,2.2.2 All works above plinth level up to floor V level.,IITB_COPT_BOQ,5,text
IITB_COPT_BOQ_p5_l64,"2.2.2.1 Concrete of M25 grade cum 70 10,155.73 7,10,901.06",IITB_COPT_BOQ,5,text
IITB_COPT_BOQ_p5_l65,"2.2.2.2 Concrete of M30 grade cum2792 10,324.77 2,88,26,771.38",IITB_COPT_BOQ,5,text
IITB_COPT_BOQ_p5_l66,"2.2.2.3 Concrete of M40 grade cum893 10,574.23 94,42,786.37",IITB_COPT_BOQ,5,text
IITB_COPT_BOQ_p5_l67,2.2.3 All works above floor V level.,IITB_COPT_BOQ,5,text
IITB_COPT_BOQ_p5_l68,"2.2.3.1 Concrete of M30 grade cum1864 10,601.62 1,97,61,425.23",IITB_COPT_BOQ,5,text
IITB_COPT_BOQ_p5_l69,2.5 Providing and laying Damp-proof course 40mm thickwith cement concrete 1:2:4(1cement :,IITB_COPT_BOQ,5,text
IITB_COPT_BOQ_p5_l70,2 coarse sand (zone-III) derived from natural sources : 4 graded stone aggregate 12.5mm,IITB_COPT_BOQ,5,text
IITB_COPT_BOQ_p5_l72,"finishing etc. complete.sqm 110 365.44 40,197.91",IITB_COPT_BOQ,5,text
IITB_COPT_BOQ_p6_l1,2.6Making plinth protection 50mm thick of cement concrete 1:3:6 (1 cement : 3 coarse sand,IITB_COPT_BOQ,6,text
IITB_COPT_BOQ_p6_l2,(zone-III) derived from natural sources : 6 graded stone aggregate 20 mm nominal size,IITB_COPT_BOQ,6,text
IITB_COPT_BOQ_p6_l3,"derived from natural sources) over 75mm thick bed of dry brick ballast 40 mm nominal size,",IITB_COPT_BOQ,6,text
IITB_COPT_BOQ_p6_l4,"well rammed and consolidated and grouted with fine sand, including necessary excavation,",IITB_COPT_BOQ,6,text
IITB_COPT_BOQ_p6_l5,"levelling , dressing , finishing the top smooth or as directed.sqm 278 671.70 1,86,732.02",IITB_COPT_BOQ,6,text
IITB_COPT_BOQ_p6_l6,"2.7Centering and shuttering where ever required with adequate bracing, propping etc.,",IITB_COPT_BOQ,6,text
IITB_COPT_BOQ_p6_l7,"including cost of de-shuttering and de-centering at all levels, including strutting, propping",IITB_COPT_BOQ,6,text
IITB_COPT_BOQ_p6_l9,"2.7.1 Foundations, footings, bases of columns, etc. for mass concrete sqm2602 303.45 7,89,587.13",IITB_COPT_BOQ,6,text
IITB_COPT_BOQ_p6_l10,"2.7.2 Walls (of any thickness) including attached pilasters, buttresses, plinth and string courses etcsqm 1541 659.77 10,16,712.61",IITB_COPT_BOQ,6,text
IITB_COPT_BOQ_p6_l11,"2.7.3 Suspended floors, roofs, landings, balconies and access platforms. sqm12407 755.36 93,71,731.30",IITB_COPT_BOQ,6,text
IITB_COPT_BOQ_p6_l12,"2.7.4 Lintels, beams, plinth beams, girders, bressummers and cantilevers. sqm15467 599.47 92,71,972.95",IITB_COPT_BOQ,6,text
IITB_COPT_BOQ_p6_l13,"2.7.5 Columns, Pillars, Piers, Abutments, Posts and Struts sqm9979 792.51 79,08,436.83",IITB_COPT_BOQ,6,text
IITB_COPT_BOQ_p6_l14,"2.8 Centering and shuttering where ever required with adequate bracing, propping etc.,",IITB_COPT_BOQ,6,text
IITB_COPT_BOQ_p6_l15,"including costofde-shuttering andde-centering atalllevels,over a height of3.5m,forevery",IITB_COPT_BOQ,6,text
IITB_COPT_BOQ_p6_l18,"2.8.1 Suspended floors, roofs, landing, beams and balconies (Plan area to be measured).",IITB_COPT_BOQ,6,text
IITB_COPT_BOQ_p6_l19,"2.8.1.1 For 1st Floor with floor to floor height of 6m. sqm1872 943.77 17,66,731.54",IITB_COPT_BOQ,6,text
IITB_COPT_BOQ_p6_l20,2.8.1.2 For 2ndFloorwithfloortofloorheightof4.2mand for thirdtoterracefloorwithfloortofloor,IITB_COPT_BOQ,6,text
IITB_COPT_BOQ_p6_l21,"height of 3.84m, including staircase cap slab.sqm 11969 314.59 37,65,315.14",IITB_COPT_BOQ,6,text
IITB_COPT_BOQ_p6_l22,"2.9 Steel reinforcement for R.C.C. work including straightening, cutting, bending, placing in",IITB_COPT_BOQ,6,text
IITB_COPT_BOQ_p6_l23,positionand binding with two strands annealed steel wire of 0.90 mm to 1.6mm twisted,IITB_COPT_BOQ,6,text
IITB_COPT_BOQ_p6_l27,2.10 Providing and fixing in positionStainless steelGrade 304plate-1.0 mm thick asper designfor,IITB_COPT_BOQ,6,text
IITB_COPT_BOQ_p6_l31,2.11 Providing and fixing of expansion joint system related with floor location as per drawings.,IITB_COPT_BOQ,6,text
IITB_COPT_BOQ_p6_l32,"Thejointssystem shallbe ofextrudedaluminium basemembers,selfaligning/ selfcentering",IITB_COPT_BOQ,6,text
IITB_COPT_BOQ_p6_l34,provides floor to floor /floor to wall expansion control system for various vertical location in,IITB_COPT_BOQ,6,text
IITB_COPT_BOQ_p6_l37,base member designed to accommodate various project conditions and finish floor,IITB_COPT_BOQ,6,text
IITB_COPT_BOQ_p6_l40,manufacturer'spre-engineered self- centering arrangement that freely rotates / moves in all,IITB_COPT_BOQ,6,text
IITB_COPT_BOQ_p6_l42,The Self - centering arrangement shall exhibit circular sphere ends that lock and slide inside,IITB_COPT_BOQ,6,text
IITB_COPT_BOQ_p6_l44,all directions including vertical displacement. Provision of Moisture Barrier Membrane in the,IITB_COPT_BOQ,6,text
IITB_COPT_BOQ_p6_l48,"2.11.1 Floor expansion Joint of 100 mm wide Rmt121 5,715.47 6,91,571.61",IITB_COPT_BOQ,6,text
IITB_COPT_BOQ_p6_l49,2.12 Providing and fixing of expansion joint system related with wall joint (internal/external),IITB_COPT_BOQ,6,text
IITB_COPT_BOQ_p6_l51,"aluminium base members, self aligning / centering arrangement and support plates as per",IITB_COPT_BOQ,6,text
IITB_COPT_BOQ_p6_l53,"suitable for vertical wall to wall/ wall to corner application, both new and existing",IITB_COPT_BOQ,6,text
IITB_COPT_BOQ_p6_l58,"2.12.1 Wall expansion Joint of 100 mm wide RMT 63 4,764.90 3,00,188.81",IITB_COPT_BOQ,6,text
IITB_COPT_BOQ_p6_l61,"joints shall be of extruded aluminium base members with, self aligning and self centering",IITB_COPT_BOQ,6,text
IITB_COPT_BOQ_p6_l69,engineered self-centering arrangement that freely rotates /,IITB_COPT_BOQ,6,text
IITB_COPT_BOQ_p7_l1,movesinalldirections.The Selfcentering arrangementshallexhibitcircular sphereendsthat,IITB_COPT_BOQ,7,text
IITB_COPT_BOQ_p7_l3,movement andflexureinalldirectionsincludingverticaldisplacement.TheJoint Systemshall,IITB_COPT_BOQ,7,text
IITB_COPT_BOQ_p7_l5,contaminantsand occasional foot traffic from maintenance personnel. Provision of Moisture,IITB_COPT_BOQ,7,text
IITB_COPT_BOQ_p7_l10,2.14 Providing and laying non-pressure NP2 class (light duty) R.C.C. pipes with collars jointed with,IITB_COPT_BOQ,7,text
IITB_COPT_BOQ_p7_l11,stiff mixture of cement mortar in the proportion of 1:2 (1 cement : 2 fine sand) including,IITB_COPT_BOQ,7,text
IITB_COPT_BOQ_p7_l14,"2.14.1 300 mm dia. R.C.C. pipe Rmt 20 888.88 17,777.60",IITB_COPT_BOQ,7,text
IITB_COPT_BOQ_p7_l16,"mixedPrecast RCC Rectangular Covers on drains of footpath of various sizes, of M-25 grade",IITB_COPT_BOQ,7,text
IITB_COPT_BOQ_p7_l17,"cement concrete for RCC work, Precast concrete Trench cover slab for Heavy Vehicular load",IITB_COPT_BOQ,7,text
IITB_COPT_BOQ_p7_l18,"including costofcentering,shuttering, reinforcement of 8mm dia TMT barsof Fe550Dgrade",IITB_COPT_BOQ,7,text
IITB_COPT_BOQ_p7_l19,"@ maximum 100mm c/c on both ways , neat cement punning on finished surface, properly",IITB_COPT_BOQ,7,text
IITB_COPT_BOQ_p7_l20,"encased on all edges with 1.6 mm thick , 100 mm wide MS sheet duly painted over priming",IITB_COPT_BOQ,7,text
IITB_COPT_BOQ_p7_l21,"coat, reinforcement to be welded at edges with MS sheet and providing 2 Nos. 12 mm dia",IITB_COPT_BOQ,7,text
IITB_COPT_BOQ_p7_l24,"TOTAL OF CONCRETE WORK 22,77,32,040.06",IITB_COPT_BOQ,7,text
IITB_COPT_BOQ_p7_l25,3MASONRY WORK,IITB_COPT_BOQ,7,text
IITB_COPT_BOQ_p7_l32,"b)NecessaryOpenings/niches/cut-outs,whereverrequiredasperdrawingsand instructedby",IITB_COPT_BOQ,7,text
IITB_COPT_BOQ_p7_l34,"c) The rate shall include cost of AAC Blocks/ bricks, labour and making to all geometrical",IITB_COPT_BOQ,7,text
IITB_COPT_BOQ_p7_l38,with the manufacturing of concrete block if precast blocks casted at site are used for,IITB_COPT_BOQ,7,text
IITB_COPT_BOQ_p7_l40,3.1 Providing and laying Autoclaved Aerated concrete (AAC) blocks masonry with 150mm and,IITB_COPT_BOQ,7,text
IITB_COPT_BOQ_p7_l42,"conforming to IS: 2185 (Part 3) in super structure, with RCC band at sill level and lintel level",IITB_COPT_BOQ,7,text
IITB_COPT_BOQ_p7_l44,of Engineer-in-Charge. (The payment of RCC band and reinforcement shall be made for,IITB_COPT_BOQ,7,text
IITB_COPT_BOQ_p7_l46,"3.1.1 From plinth level up to floor V level cum2930 6,892.04 2,01,93,663.75",IITB_COPT_BOQ,7,text
IITB_COPT_BOQ_p7_l47,"3.1.2 In super structure above V floor cum434 7,031.96 30,51,871.60",IITB_COPT_BOQ,7,text
IITB_COPT_BOQ_p7_l48,"TOTAL OF MASONRY WORK 2,32,45,535.35",IITB_COPT_BOQ,7,text
IITB_COPT_BOQ_p7_l51,a) The item door / window frames shall include sealing the joints all round the brick work /,IITB_COPT_BOQ,7,text
IITB_COPT_BOQ_p7_l52,concrete / block masonry and doors or windows with approved mastic filler or by any other,IITB_COPT_BOQ,7,text
IITB_COPT_BOQ_p7_l55,b) The work contemplated under the item for supplying and fixing the windows / door,IITB_COPT_BOQ,7,text
IITB_COPT_BOQ_p7_l58,"c) One sample, each of the door frame, shutter and window with all fittings and fixtures",IITB_COPT_BOQ,7,text
IITB_COPT_BOQ_p7_l62,"submit copies of shop drawings for windows, ventilators and steel door frames showing",IITB_COPT_BOQ,7,text
IITB_COPT_BOQ_p8_l1,"d) Door frames, shutters and the windows to be supplied and fixed in position should cater",IITB_COPT_BOQ,8,text
IITB_COPT_BOQ_p8_l4,e) Test shall be conducted for the flush doors as per IS-2202-latest revision Part-I from each,IITB_COPT_BOQ,8,text
IITB_COPT_BOQ_p8_l6,"f) For bonding the flush doors, block boards, ply wood and all types of wood works, phenol",IITB_COPT_BOQ,8,text
IITB_COPT_BOQ_p8_l9,h) Door shutters size mentioned in the item description for structural opening. Shutters size,IITB_COPT_BOQ,8,text
IITB_COPT_BOQ_p8_l10,as per drawing shall be provided after taking consideration of door frames and bottom,IITB_COPT_BOQ,8,text
IITB_COPT_BOQ_p8_l12,4.1 Providing and fixing Door frame of 143mm x 57mm and Shutter made of 45mm thick steel,IITB_COPT_BOQ,8,text
IITB_COPT_BOQ_p8_l13,fire check door of 120 minutes fire rating confirming to BS: 476 Part 22 and IS: 3614 Part II,IITB_COPT_BOQ,8,text
IITB_COPT_BOQ_p8_l14,"forstability and integrity , fabricated with 2 nos. 18 BWG thick galvanized steel sheet with",IITB_COPT_BOQ,8,text
IITB_COPT_BOQ_p8_l15,infill of fire rated Acrylic Sealant and non-combustible core bonded to both faces of sheet,IITB_COPT_BOQ,8,text
IITB_COPT_BOQ_p8_l16,"withlockseam jointsatstileedgesand internalreinforcement attop,bottomand stileedges",IITB_COPT_BOQ,8,text
IITB_COPT_BOQ_p8_l17,for Fire Rating. The door frames are manufactured from 16 BWG thickgalvanized steelsheet,IITB_COPT_BOQ,8,text
IITB_COPT_BOQ_p8_l19,canon/Hilti anchor boltsof size 10mm dia x 100mm long. The door framesand door shutters,IITB_COPT_BOQ,8,text
IITB_COPT_BOQ_p8_l22,The cost includes providing and fixing of minimum two-hour fire rated stainless steel ball,IITB_COPT_BOQ,8,text
IITB_COPT_BOQ_p8_l27,"4.1.1 Door Type D2.1, D2.3, D2.4, D3.1, D3.3 D3.5. sqm392 7,062.00 27,68,304.00",IITB_COPT_BOQ,8,text
IITB_COPT_BOQ_p8_l28,4.2Wooden Fire Door 45mm 1HR FRL (60/60) 3 Criteria - INTEGRITY / INSULATION/ STABILITY,IITB_COPT_BOQ,8,text
IITB_COPT_BOQ_p8_l29,WOODEN DOOR - Fire Door Tested in accordance to IS: 3614 Part2.,IITB_COPT_BOQ,8,text
IITB_COPT_BOQ_p8_l30,"Providing 60 min Fire rated doors system duly tested for 3 criteria - Integrity, Insulation and",IITB_COPT_BOQ,8,text
IITB_COPT_BOQ_p8_l34,"1987 to achieve the required integrity, insulation and stability (i.e. to restrict the heat",IITB_COPT_BOQ,8,text
IITB_COPT_BOQ_p8_l36,ambient temperature on the exposed surface of the shutter. The fire doors are tested with,IITB_COPT_BOQ,8,text
IITB_COPT_BOQ_p8_l39,4.2.1 a) Door Frame: Supplying frames for Fire resistant door shutters 1st class Teakwood Frame,IITB_COPT_BOQ,8,text
IITB_COPT_BOQ_p8_l43,"paintofminimum 200micron,with singlerowofBrush,the frame isfitted with intumescent",IITB_COPT_BOQ,8,text
IITB_COPT_BOQ_p8_l46,"4.2.1.1 Door Type D2.2, D3.2, D3.4 Rmt504 2,062.00 10,39,248.00",IITB_COPT_BOQ,8,text
IITB_COPT_BOQ_p8_l48,"fire, heat and smoke check Acoustic Door Shutter with flame guard of 120 minutes IS3614",IITB_COPT_BOQ,8,text
IITB_COPT_BOQ_p8_l55,"Intumescent paint of minimum 200 micron, and with 1 row of Brush- Type Astroflame®",IITB_COPT_BOQ,8,text
IITB_COPT_BOQ_p8_l59,"4.2.2.1 Door Type D2.2, D3.2, D3.4 Sqm210 7,645.00 16,05,450.00",IITB_COPT_BOQ,8,text
IITB_COPT_BOQ_p8_l60,4.2.3 c)Providing and fixing Fire Door Vision Panel: 1 HR rated E Class clear high stress fire rated,IITB_COPT_BOQ,8,text
IITB_COPT_BOQ_p8_l62,withU-glazing.Anadditional insulatedpowdercoated'Z' channelof16swagMSsheettobe,IITB_COPT_BOQ,8,text
IITB_COPT_BOQ_p8_l63,fixed for reinforcement of the joints including clear fire resistant glass panes 11mm thick,IITB_COPT_BOQ,8,text
IITB_COPT_BOQ_p8_l65,completefireratedgasketchannel&mouldingbeadingandfillingthegapbetweenmoulding,IITB_COPT_BOQ,8,text
IITB_COPT_BOQ_p8_l70,"For Door Type D2.1,D2.2,D2.3,D3.1 D3.2, D3.3 D3.4, D3.5 Sqm 87 33,539.00 29,17,893.00",IITB_COPT_BOQ,8,text
IITB_COPT_BOQ_p9_l1,4.3 Providing andfixingISImarked flushdoorshutters conforming toIS: 2202(PartI)decorative,IITB_COPT_BOQ,9,text
IITB_COPT_BOQ_p9_l5,flush door shutters. The visible external surfacesof the lipping shallbe finishedwith 3coats,IITB_COPT_BOQ,9,text
IITB_COPT_BOQ_p9_l8,4.3.1 35 mm thick shutter including ISI marked Stainless Steel butt hinges with necessary SS,IITB_COPT_BOQ,9,text
IITB_COPT_BOQ_p9_l9,"screws, stainless steel butt hinges (heavy weight) 100x60x2.5mm shall be conforming to IS :",IITB_COPT_BOQ,9,text
IITB_COPT_BOQ_p9_l11,"For Door Type D5.1 sqm 71 2,542.33 1,80,505.57",IITB_COPT_BOQ,9,text
IITB_COPT_BOQ_p9_l12,4.4 Providing and fixing ISI marked flush door shutters conforming to IS : 2202 (Part I) non-,IITB_COPT_BOQ,9,text
IITB_COPT_BOQ_p9_l19,4.5 Providing & Fixing decorative high pressure laminated sheet of plain / wood grain in gloss /,IITB_COPT_BOQ,9,text
IITB_COPT_BOQ_p9_l23,"4.5.1 For all Types of Wooden Doors 1.0 mm thick and for Partitions sqm10454 752.85 78,70,247.90",IITB_COPT_BOQ,9,text
IITB_COPT_BOQ_p9_l24,4.6 Providing andfixing 12 mmthick frameless toughenedglass door shutter of approved brand,IITB_COPT_BOQ,9,text
IITB_COPT_BOQ_p9_l26,hydraulic floor spring type fixing arrangement and making necessary holes etc. for fixing,IITB_COPT_BOQ,9,text
IITB_COPT_BOQ_p9_l27,"required door fittings, all complete as per direction of Engineer in charge (Door handle, lock",IITB_COPT_BOQ,9,text
IITB_COPT_BOQ_p9_l30,4.7 Providing and fixing 12 mm thick frameless toughened glass for Sliding door shutter of,IITB_COPT_BOQ,9,text
IITB_COPT_BOQ_p9_l32,"making necessary holes etc. for fixing required door fittings, all complete as per the drawing",IITB_COPT_BOQ,9,text
IITB_COPT_BOQ_p9_l34,"Note: Door Sliding System to be paid under relevant item.Sqm 6 3,111.89 18,671.36",IITB_COPT_BOQ,9,text
IITB_COPT_BOQ_p9_l35,4.8 Providing and fixing IS: 12817 marked Stainless steel satin finish butt hinges (heavy weight),IITB_COPT_BOQ,9,text
IITB_COPT_BOQ_p9_l39,Fittings and Fixtures,IITB_COPT_BOQ,9,text
IITB_COPT_BOQ_p9_l42,"fittings & fixtures & necessary accessories including chromium plated brass screws, bolts,",IITB_COPT_BOQ,9,text
IITB_COPT_BOQ_p9_l47,2. All fittings & fixtures shall conform to relevant IS codes & standards available.,IITB_COPT_BOQ,9,text
IITB_COPT_BOQ_p9_l48,3. Cost of supplying and fixing the fittings and fixtures included in the respective items of,IITB_COPT_BOQ,9,text
IITB_COPT_BOQ_p9_l49,doors mentioned herein above.,IITB_COPT_BOQ,9,text
IITB_COPT_BOQ_p9_l50,4.9 Providing andfixingStainlesssteel304grade satinfinishD' type handle ofapproved make19,IITB_COPT_BOQ,9,text
IITB_COPT_BOQ_p9_l52,"with rose , with adjustable fixing for wood and metal door with required brass bush insert,",IITB_COPT_BOQ,9,text
IITB_COPT_BOQ_p9_l55,4.10 Providing and fixing Stainlesssteel304grade satin finishD' type handleofapprovedmake25,IITB_COPT_BOQ,9,text
IITB_COPT_BOQ_p9_l57,"with rose , with adjustable fixing for wood and metal door with required brass bush insert,",IITB_COPT_BOQ,9,text
IITB_COPT_BOQ_p9_l60,4.11 Providing and fixing stainless steel 304 grade satin finish square Concealed tower bolt of,IITB_COPT_BOQ,9,text
IITB_COPT_BOQ_p9_l65,"cylindertype onesidekeyand knobon otherside,frontand strikeplateofstainlesssteel304",IITB_COPT_BOQ,9,text
IITB_COPT_BOQ_p10_l2,"Supplying, fitting & fixing Surface mounted Crash Bar/ panic Bar of touch pad style, made of",IITB_COPT_BOQ,10,text
IITB_COPT_BOQ_p10_l3,"heavy duty cast iron/ steel body & latches with SS,BHMA certified & conforming to ANSI A",IITB_COPT_BOQ,10,text
IITB_COPT_BOQ_p10_l5,"metal/ Aluminium framed door, with maximum operating force 8 Kilogram for unlocking",IITB_COPT_BOQ,10,text
IITB_COPT_BOQ_p10_l7,"4.14Concealed Door Closer : (For 2 Hr fire Rated EN-3 Door Closer) Supplying, fitting & fixing",IITB_COPT_BOQ,10,text
IITB_COPT_BOQ_p10_l8,Surfacemounted overheadDoor Closer for2hourfire rateddoorsofdifferent size(e.g.size-,IITB_COPT_BOQ,10,text
IITB_COPT_BOQ_p10_l12,4.14A Providing and fixing aluminium extruded section body tubular type universal hydraulic door,IITB_COPT_BOQ,10,text
IITB_COPT_BOQ_p10_l13,"closer (having brand logo with ISi, IS : 3564, embossed on the body, door weight upto 36 kg",IITB_COPT_BOQ,10,text
IITB_COPT_BOQ_p10_l14,"to 80 kg and door width from 701 mm to 1000 mm),with double speed adjustment with",IITB_COPT_BOQ,10,text
IITB_COPT_BOQ_p10_l15,"necessary accessories and screws etc. complete for Door types D4.1, D4.2 and D4.3Nos. 21 843.80 17,719.76",IITB_COPT_BOQ,10,text
IITB_COPT_BOQ_p10_l16,4.15 Providing and fixing stainlesssteel 304grade satinfinish BabyLatch ofapproved qualityand,IITB_COPT_BOQ,10,text
IITB_COPT_BOQ_p10_l18,4.16 Providing and fixing stainless steel 304 grade satin finish Door Stopper of approvedquality,IITB_COPT_BOQ,10,text
IITB_COPT_BOQ_p10_l20,4.17 Providing and fixing Automatic Sliding Single leaf Door Operator Mounted on beam : 4.15,IITB_COPT_BOQ,10,text
IITB_COPT_BOQ_p10_l22,"Floor Guide for Glass Door - 2 Nos, Nemo Motion + Nemo Dual ( Safety& Motion) Combo",IITB_COPT_BOQ,10,text
IITB_COPT_BOQ_p10_l25,"cover profile,end cover,mechanicalprogram switch,door suspension,adjustable floor guide",IITB_COPT_BOQ,10,text
IITB_COPT_BOQ_p10_l26,"for glass door, inside & outside clamping rail, glazing gasket, combined detector, for",IITB_COPT_BOQ,10,text
IITB_COPT_BOQ_p10_l27,"automatic sliding door for opening & closing safety, key operated switch, with profile half",IITB_COPT_BOQ,10,text
IITB_COPT_BOQ_p10_l29,"infrared safety beam, Glass holding bracket, bulb seal for fixed glass etc. complete as per",IITB_COPT_BOQ,10,text
IITB_COPT_BOQ_p10_l32,IS: 710 for partition / wall lining / frames etc. as required sizes and shapes and fixingto,IITB_COPT_BOQ,10,text
IITB_COPT_BOQ_p10_l33,"Aluminium frame work for partition/ wall panelling / counter using drive all, countersunk",IITB_COPT_BOQ,10,text
IITB_COPT_BOQ_p10_l34,"stainless steel screws (grade 304) on studs, members of the frame work of the partition,",IITB_COPT_BOQ,10,text
IITB_COPT_BOQ_p10_l35,"floors and ceiling channels at a spacing not more than 300 mm centre to centre, etc. all",IITB_COPT_BOQ,10,text
IITB_COPT_BOQ_p10_l44,"Indoor Air quality-Complyingwiththe FrenchregulationonVOCemissions,Alevel.Certified",IITB_COPT_BOQ,10,text
IITB_COPT_BOQ_p10_l46,"Indoor Air comfort, Product Certified under GRIHA council of India for Green Ratings,",IITB_COPT_BOQ,10,text
IITB_COPT_BOQ_p10_l55,Accessibility - The tiles are easily demountable,IITB_COPT_BOQ,10,text
IITB_COPT_BOQ_p10_l57,"4.20 Providing and fixing ThermalinsulationwithResinBondedrockwool conformingtoIS:8183,",IITB_COPT_BOQ,10,text
IITB_COPT_BOQ_p10_l59,"wall with screws, rowel plugs &washers and held in position by criss crossing GI wire etc. all",IITB_COPT_BOQ,10,text
IITB_COPT_BOQ_p10_l61,4.21 Providing &Fixing Bakelitedecorativehighpressurelaminatedsheet ofplain /wood grainin,IITB_COPT_BOQ,10,text
IITB_COPT_BOQ_p10_l66,"4.21.1 For all Type Wooden Door 2.5 mm thick sqm 71 303.00 21,513.00",IITB_COPT_BOQ,10,text
IITB_COPT_BOQ_p11_l5,"necessary hardware fittings etc. Including the complete finished work, all the materials and",IITB_COPT_BOQ,11,text
IITB_COPT_BOQ_p11_l21,4.26 Providing and fixing at all heights and all levels MDF on partition / wall lining/frames etc. as,IITB_COPT_BOQ,11,text
IITB_COPT_BOQ_p11_l22,required sizes and shapes and fixing to Aluminium frame work for partition/ wall panelling,IITB_COPT_BOQ,11,text
IITB_COPT_BOQ_p11_l23,"using drive all, countersunk stainless steel screws (grade 304) on studs, members of the",IITB_COPT_BOQ,11,text
IITB_COPT_BOQ_p11_l24,"frame work of the partition, floors and ceiling channels at a spacing not more than 300 mm",IITB_COPT_BOQ,11,text
IITB_COPT_BOQ_p11_l33,"303 BWR grade, nickel plated M.S. pipe 20 mm dia ( heavy type) curtain rod with nickel",IITB_COPT_BOQ,11,text
IITB_COPT_BOQ_p11_l37,"4.28 Providing & fixing of ISI marked wooden flush door shutter confirming to IS-2202 Part-1,",IITB_COPT_BOQ,11,text
IITB_COPT_BOQ_p11_l38,made from seasoned & chemically treated wood. All Flush doors shall be solid core,IITB_COPT_BOQ,11,text
IITB_COPT_BOQ_p11_l42,door finishing.,IITB_COPT_BOQ,11,text
IITB_COPT_BOQ_p11_l45,"ii) Door handle, Hydaulic Door Closer, lock and stopper shall be paid unbder relevant item.",IITB_COPT_BOQ,11,text
IITB_COPT_BOQ_p11_l46,35mm thick solid core Marine Ply shutter fixing with approved Stainless Steel butt Hinges.,IITB_COPT_BOQ,11,text
IITB_COPT_BOQ_p11_l56,"Steel skirting of 1 mm thick, 50 mm high, matt finish to be provided on external surface of",IITB_COPT_BOQ,11,text
IITB_COPT_BOQ_p12_l15,mattfinish1mm thickStainlessSteel (304grade )skirting of50mm height externally.Italso,IITB_COPT_BOQ,12,text
IITB_COPT_BOQ_p12_l37,approved laminate and matt finish 1 mm thick Stainless Steel ( 304 grade ) skirting of 50mm,IITB_COPT_BOQ,12,text
IITB_COPT_BOQ_p12_l59,approved laminate and matt finish 1 mm thick Stainless Steel ( 304 grade ) skirting of 50mm,IITB_COPT_BOQ,12,text
IITB_COPT_BOQ_p13_l17,mattfinish1mm thickStainlessSteel (304grade )skirting of50mm height externally.Italso,IITB_COPT_BOQ,13,text
IITB_COPT_BOQ_p13_l39,mattfinish1mm thickStainlessSteel (304grade )skirting of50mm height externally.Italso,IITB_COPT_BOQ,13,text
IITB_COPT_BOQ_p13_l64,floor level with teak wood beading fixed on both sides of the glass finished with polishing as,IITB_COPT_BOQ,13,text
IITB_COPT_BOQ_p14_l1,5STEEL WORK,IITB_COPT_BOQ,14,text
IITB_COPT_BOQ_p14_l2,"5.1Structural steel work riveted, bolted or welded in built up sections, trusses and framed",IITB_COPT_BOQ,14,text
IITB_COPT_BOQ_p14_l4,"steel primer etc. all complete as per the Architectural drawings, as specified and as directed.Kg 11495 110.32 12,68,077.02",IITB_COPT_BOQ,14,text
IITB_COPT_BOQ_p14_l5,"5.2Steelworkweldedinbuiltupsections/framedworkusingstructuralsteel, including cutting,",IITB_COPT_BOQ,14,text
IITB_COPT_BOQ_p14_l6,"hoisting, fixing in position and applying a priming coat of approved steel primer etc. as",IITB_COPT_BOQ,14,text
IITB_COPT_BOQ_p14_l9,"5.3 Providingandfixingstainless steel(Grade304)railing madeofHollowtubes,channels,plates",IITB_COPT_BOQ,14,text
IITB_COPT_BOQ_p14_l11,"and fitting the same with necessary stainless steel nuts and bolts complete, i/c fixing the",IITB_COPT_BOQ,14,text
IITB_COPT_BOQ_p14_l12,"railing with necessary accessories & stainless steel dash fasteners , stainless steel bolts etc.,",IITB_COPT_BOQ,14,text
IITB_COPT_BOQ_p14_l13,"ofrequired size,onthe top ofthe floororthe sideofwaistslabwithsuitable arrangementas",IITB_COPT_BOQ,14,text
IITB_COPT_BOQ_p14_l14,"per approval of Engineer-in-charge, (for payment purpose only weight of stainless steel",IITB_COPT_BOQ,14,text
IITB_COPT_BOQ_p14_l17,"5.4 Steel work welded in built up sections/ framed work, including cutting, hoisting, fixing in",IITB_COPT_BOQ,14,text
IITB_COPT_BOQ_p14_l18,positionand applying a priming coat of approved steel primer etc. as required all complete,IITB_COPT_BOQ,14,text
IITB_COPT_BOQ_p14_l24,"locks, mounted on speciallydesigned pipe shaft withbrackets, side guidesand arrangements",IITB_COPT_BOQ,14,text
IITB_COPT_BOQ_p14_l27,steel wire of adequate strength conforming to IS: 4454 - part 1 and M.S. top cover of,IITB_COPT_BOQ,14,text
IITB_COPT_BOQ_p14_l40,6FLOORING & WALL LINING WORKS,IITB_COPT_BOQ,14,text
IITB_COPT_BOQ_p14_l42,a) The floor finish level shall be generally in level matching with the surrounding floor finish,IITB_COPT_BOQ,14,text
IITB_COPT_BOQ_p14_l43,level & as per drawing. No extra payment shall be entertained for matching the floor,IITB_COPT_BOQ,14,text
IITB_COPT_BOQ_p14_l45,"b) Adjustment of levels in thickness of mortar bedding due to different types of flooring, if",IITB_COPT_BOQ,14,text
IITB_COPT_BOQ_p14_l47,"c)The Contractorshallsubmit and getapprovedthesamplesforflooring ,skirting,dadotiles",IITB_COPT_BOQ,14,text
IITB_COPT_BOQ_p14_l49,d) Pattern & design of flooring/ skirting/ dado shall be approved by the Engineer-in- Charge,IITB_COPT_BOQ,14,text
IITB_COPT_BOQ_p14_l50,before commencement of work.,IITB_COPT_BOQ,14,text
IITB_COPT_BOQ_p14_l55,6.1Kota stone slab flooring over 20 mm (average) thick base laid over and jointed with grey,IITB_COPT_BOQ,14,text
IITB_COPT_BOQ_p14_l56,"cement slurry mixed with pigment to match the shade of the slab, including rubbing and",IITB_COPT_BOQ,14,text
IITB_COPT_BOQ_p14_l57,polishing with three grooves as per detail drawing complete with base of cement mortar 1 :,IITB_COPT_BOQ,14,text
IITB_COPT_BOQ_p14_l58,"4 (1 cement : 4 coarse sand) :, etc. all complete as per the Architectural drawings and as",IITB_COPT_BOQ,14,text
IITB_COPT_BOQ_p14_l61,6.2 Kota stoneslabsof25mm thick fortreadsofstairs in singlepiecelaid over20mm(average),IITB_COPT_BOQ,14,text
IITB_COPT_BOQ_p14_l62,thick base and jointed with grey cement slurry mixed with pigment to match the shade of,IITB_COPT_BOQ,14,text
IITB_COPT_BOQ_p14_l63,"the slab, including rubbing and polishing with three grooves as per detail drawing complete",IITB_COPT_BOQ,14,text
IITB_COPT_BOQ_p14_l64,with base of cement mortar 1 : 4 (1 cement : 4 coarse sand) etc. all complete as per the,IITB_COPT_BOQ,14,text
IITB_COPT_BOQ_p14_l65,"Architectural drawings and as directed.sqm 403 2,474.00 9,97,022.00 TOTAL OF STEEL WORK",IITB_COPT_BOQ,14,text
IITB_COPT_BOQ_p15_l1,6.3 Kota stone of 20mm thick for risers ofstairssinglepiece with12 mm (average) thickcement,IITB_COPT_BOQ,15,text
IITB_COPT_BOQ_p15_l2,mortar 1:3(1cement:3coarsesand)backing andjointed withgreycementslurrymixedwith,IITB_COPT_BOQ,15,text
IITB_COPT_BOQ_p15_l3,"pigment to match the shade of the slabs, including rubbing and polishing complete. , etc. all",IITB_COPT_BOQ,15,text
IITB_COPT_BOQ_p15_l5,"6.4 Providing and laying River washed Granite stone in flooring, ramps, treads of steps etc. in",IITB_COPT_BOQ,15,text
IITB_COPT_BOQ_p15_l7,complete as per the architectural drawings with 18 mm thick stone slab over 20 mm,IITB_COPT_BOQ,15,text
IITB_COPT_BOQ_p15_l8,(average) thick base of cement mortar 1:4 (1 cement : 4 coarse sand) laid and jointed with,IITB_COPT_BOQ,15,text
IITB_COPT_BOQ_p15_l9,cement slurry and pointing with white cement slurry admixed with pigment of matching,IITB_COPT_BOQ,15,text
IITB_COPT_BOQ_p15_l14,"door/window thresholds, top of bund walls etc. in required design and patterns,in linear as",IITB_COPT_BOQ,15,text
IITB_COPT_BOQ_p15_l16,with 18 mm thick stone slab over 20 mm (average) thick base of cement mortar 1:4 (1,IITB_COPT_BOQ,15,text
IITB_COPT_BOQ_p15_l17,"cement : 4 coarse sand), laid and jointed with cement slurry and pointing with whitecement",IITB_COPT_BOQ,15,text
IITB_COPT_BOQ_p15_l21,"6.5.1 18mm thick Polish Granite stone slab : 'Light Grey' sqm755 2,552.09 19,26,826.03",IITB_COPT_BOQ,15,text
IITB_COPT_BOQ_p15_l23,"walllining,dado,skirting,risersofsteps,columns etc. of required design and pattern, on 12",IITB_COPT_BOQ,15,text
IITB_COPT_BOQ_p15_l24,mm (average) thick cement mortar 1:3 (1 cement : 3 coarse sand) laid and jointed with,IITB_COPT_BOQ,15,text
IITB_COPT_BOQ_p15_l25,cement slurry @ 3.3 kg/sqm including pointing with white cement slurry admixed with,IITB_COPT_BOQ,15,text
IITB_COPT_BOQ_p15_l32,"6.8 Providing and fixing machine cut, polished , Composite marble stone work for wall lining",IITB_COPT_BOQ,15,text
IITB_COPT_BOQ_p15_l34,"required, stones of different finished surface texture, on 12 mm (average) thick cement",IITB_COPT_BOQ,15,text
IITB_COPT_BOQ_p15_l35,mortar 1:3 (1 cement : 3 coarse sand) laid and jointed with white cement slurry @ 3.3,IITB_COPT_BOQ,15,text
IITB_COPT_BOQ_p15_l36,kg/sqm including pointing with white cement slurry admixed with pigment of matching,IITB_COPT_BOQ,15,text
IITB_COPT_BOQ_p15_l39,6.9 Providing and laying Vitrified floor tiles in different sizes (thickness to be specified by the,IITB_COPT_BOQ,15,text
IITB_COPT_BOQ_p15_l41,"approvedmakes,inallcoloursandshades,laid on20mm thickcementmortar1:4(1cement",IITB_COPT_BOQ,15,text
IITB_COPT_BOQ_p15_l42,": 4 coarse sand), including grouting the jointswith white cement and matching pigmentsetc.",IITB_COPT_BOQ,15,text
IITB_COPT_BOQ_p15_l44,"6.9.1 MATT finish heavy duty industrial Vitrified Tiles of size 600x600 mm sqm5655 1,462.00 82,67,610.00",IITB_COPT_BOQ,15,text
IITB_COPT_BOQ_p15_l45,"6.9.2 600X600 mm thick Soluble salt Vitrified tile below carpet sqm861 1,139.00 9,80,679.00",IITB_COPT_BOQ,15,text
IITB_COPT_BOQ_p15_l46,"6.9.3 MATT finish GVT Vitrified Tiles of size 600x600 mm sqm3760 1,151.00 43,27,760.00",IITB_COPT_BOQ,15,text
IITB_COPT_BOQ_p15_l47,6.10 Providing and laying Vitrified tiles in different sizes (thickness to be specified by,IITB_COPT_BOQ,15,text
IITB_COPT_BOQ_p15_l50,"cement mortar 1:3(1cement:3coarsesand),jointing withgreycementslurry@3.3kg/sqm",IITB_COPT_BOQ,15,text
IITB_COPT_BOQ_p15_l51,including grouting the joint with white cement & matching pigments etc. complete. etc.,IITB_COPT_BOQ,15,text
IITB_COPT_BOQ_p15_l53,"6.10.1 From heavy duty industrial Size of Tile 600x600 mm sqm3679 1,506.00 55,40,574.00",IITB_COPT_BOQ,15,text
IITB_COPT_BOQ_p15_l54,"6.10.2 From GVT Vitrified Tiles Size of Tile 600x600 mm sqm1332 1,195.00 15,91,740.00",IITB_COPT_BOQ,15,text
IITB_COPT_BOQ_p15_l55,6.11 Providing and fixing Ist quality ceramic glazed wall tiles of size 600 x 300 mm conforming to,IITB_COPT_BOQ,15,text
IITB_COPT_BOQ_p15_l58,"inskirting,risers ofsteps and dados,over 12mm thick bed of cementmortar 1:3(1 cement:",IITB_COPT_BOQ,15,text
IITB_COPT_BOQ_p15_l59,"3 coarse sand) and jointing with grey cement slurry @ 3.3kg per sqm, including pointing in",IITB_COPT_BOQ,15,text
IITB_COPT_BOQ_p15_l60,white cement mixed with pigment of matching shade etc. wherever required all complete as,IITB_COPT_BOQ,15,text
IITB_COPT_BOQ_p15_l62,"6.12 Providing and fixing Crazyceramictileflooring , withunder layer12 mm thick cementmortar",IITB_COPT_BOQ,15,text
IITB_COPT_BOQ_p15_l63,"1:4 (1 cement: 4 coarse sand), with jointsnot exceeding 5 mm, including filling the gaps with",IITB_COPT_BOQ,15,text
IITB_COPT_BOQ_p15_l64,"ordinary cement mixture & mixing with synthetic polyester fibre, triangular in shape having",IITB_COPT_BOQ,15,text
IITB_COPT_BOQ_p15_l66,"6mm , mixing fibre @ 125 grams per 50 kg of cement in cement mortar, including providing",IITB_COPT_BOQ,15,text
IITB_COPT_BOQ_p15_l67,"and mixing water proofing material in mortar @ 1 kg per 50 kg of cement, all complete as",IITB_COPT_BOQ,15,text
IITB_COPT_BOQ_p16_l1,"6.13 Providing and fixing at all heights ceramic mosaic tiles of approved make, size of 50mm x",IITB_COPT_BOQ,16,text
IITB_COPT_BOQ_p16_l3,"other cladding material including scaffolding, up to 20 mm thick CM 1:4 cement mortar",IITB_COPT_BOQ,16,text
IITB_COPT_BOQ_p16_l5,"pattern, includingnecessary adhesivesasper manufacturersspecificationsand finished with",IITB_COPT_BOQ,16,text
IITB_COPT_BOQ_p16_l10,"window sills, door jambs, soffits, facias and similar locations of required size, approved",IITB_COPT_BOQ,16,text
IITB_COPT_BOQ_p16_l11,"shade,colourandtexturelaidover20mm thickbase cementmortar 1:4(1cement: 4coarse",IITB_COPT_BOQ,16,text
IITB_COPT_BOQ_p16_l12,"sand), joints treated with white cement, mixed with matching pigment, epoxy touch ups,",IITB_COPT_BOQ,16,text
IITB_COPT_BOQ_p16_l15,"6.14.1 Area of slab over 0.50 sqm sqm152 4,347.00 6,60,744.00",IITB_COPT_BOQ,16,text
IITB_COPT_BOQ_p16_l16,"6.15 Providing and fixing stone slab with table rubbed, edges rounded and polished, of size",IITB_COPT_BOQ,16,text
IITB_COPT_BOQ_p16_l19,or with cement concrete 1:2:4 (1 cement : 2 coarse sand : 4 graded stone aggregate 6 mm,IITB_COPT_BOQ,16,text
IITB_COPT_BOQ_p16_l22,6.16 Providing 25 mm to 30 mm thick partition of polished black kadappa stoneslab ofapproved,IITB_COPT_BOQ,16,text
IITB_COPT_BOQ_p16_l23,quality including giving required size and shape etc. Fixing in cement mortar 1:3 curing,IITB_COPT_BOQ,16,text
IITB_COPT_BOQ_p16_l26,6.16 Providing and laying Vinyl Hetrogeneous Composite flooring of approved brand &,IITB_COPT_BOQ,16,text
IITB_COPT_BOQ_p16_l27,"manufacturer, in all colours and shade, in flooring , skirting, riser of steps, laid with cement",IITB_COPT_BOQ,16,text
IITB_COPT_BOQ_p16_l28,"based high polymer modified quick set tile adhesive (water based) conforming to IS: 15477,",IITB_COPT_BOQ,16,text
IITB_COPT_BOQ_p16_l31,"6.16.1 Vinyl Hetrogeneous Composite flooring. sqm284 3,111.00 8,83,524.00",IITB_COPT_BOQ,16,text
IITB_COPT_BOQ_p16_l32,6.17 Providing and laying 100 % Nylon Multilevel loop pile Carpet Tiles of Brand shade approved,IITB_COPT_BOQ,16,text
IITB_COPT_BOQ_p16_l34,of3mm totalthickness6.5mm.PItshouldbe antimicrobialand withsoil/stainprotection.Tile,IITB_COPT_BOQ,16,text
IITB_COPT_BOQ_p16_l35,size 50cm x 50cm and tile backing should be of glass bac having minimum 32 % recycle,IITB_COPT_BOQ,16,text
IITB_COPT_BOQ_p16_l37,Green label plusstandards. Floor carpet for inside Hall flooring which shall be free from dust,IITB_COPT_BOQ,16,text
IITB_COPT_BOQ_p16_l40,6.18 Providing and fixing removable raised / false access flooring with system and its,IITB_COPT_BOQ,16,text
IITB_COPT_BOQ_p16_l42,"up to 50mm, comprising of modular load bearing floor panels supported on G.I. rectangular",IITB_COPT_BOQ,16,text
IITB_COPT_BOQ_p16_l51,be fixed to the subfloor (base) through,IITB_COPT_BOQ,16,text
IITB_COPT_BOQ_p16_l54,(b) Stringers system in all steel construction hot dipped galvanized of rectangular size,IITB_COPT_BOQ,16,text
IITB_COPT_BOQ_p16_l57,"the grid formed by the pedestal and stringer assembly shall receive the floor panel, this",IITB_COPT_BOQ,16,text
IITB_COPT_BOQ_p16_l58,"system shall provide adequate solid, rigid support for access floor panel, the system shall",IITB_COPT_BOQ,16,text
IITB_COPT_BOQ_p16_l59,provide a minimum clear uninterrupted clearance between the bottom of the floor for,IITB_COPT_BOQ,16,text
IITB_COPT_BOQ_p16_l60,"electrical conduits and wiring etc. all complete asper the architecturaldrawings, asspecified",IITB_COPT_BOQ,16,text
IITB_COPT_BOQ_p16_l62,(c) Providing and fixing Access Floor panel of 600x600x32 mm medium grade Filled Steel anti,IITB_COPT_BOQ,16,text
IITB_COPT_BOQ_p16_l63,static high pressure Lamination of 800H grade (FS800H). Access Floor panel shall be steel,IITB_COPT_BOQ,16,text
IITB_COPT_BOQ_p16_l65,cones. The top and bottom plates of Steel Gauges: top 0.6 mm and bottom 0.7 mm fused,IITB_COPT_BOQ,16,text
IITB_COPT_BOQ_p16_l68,the top and bottom plate is filled with Pyrogrip non-combustible Portland cementitious core,IITB_COPT_BOQ,16,text
IITB_COPT_BOQ_p17_l1,The access floor shall be factory finished with Anti-static High Pressure laminate with Non,IITB_COPT_BOQ,17,text
IITB_COPT_BOQ_p17_l4,25mm without collapse in the centre of the panel which is placed on four steel blocks. The,IITB_COPT_BOQ,17,text
IITB_COPT_BOQ_p17_l9,"6.18.1 150 mm Finished Floor Height (FFH) sqm 45 5,019.73 2,25,887.68",IITB_COPT_BOQ,17,text
IITB_COPT_BOQ_p17_l10,"6.18.2 300 mm Finished Floor Height (FFH) sqm 35 5,019.73 1,75,690.41",IITB_COPT_BOQ,17,text
IITB_COPT_BOQ_p17_l11,"6.18.3 450 mm Finished Floor Height (FFH) sqm 29 5,328.21 1,54,517.96",IITB_COPT_BOQ,17,text
IITB_COPT_BOQ_p17_l15,"specialsection,powerpressedfrom M.S.sheetsandgalvanised withzinccoatingof120gms/",IITB_COPT_BOQ,17,text
IITB_COPT_BOQ_p17_l26,"flanges of 20 mm and 30 mm long, the perimeter of ceiling fixed to wall/ partitions with the",IITB_COPT_BOQ,17,text
IITB_COPT_BOQ_p17_l27,"help of Rawl plugs at 450 mm centre, with 25mm long dry wall with 25mm long",IITB_COPT_BOQ,17,text
IITB_COPT_BOQ_p17_l28,"long dry wall screws @ 230 mm interval, including fixing of Calcium Silicate Board to ceiling",IITB_COPT_BOQ,17,text
IITB_COPT_BOQ_p17_l29,section and perimeter channels with the help of dry wall screws of size 3.5 x25mm at 230,IITB_COPT_BOQ,17,text
IITB_COPT_BOQ_p17_l30,"mm c/c, including jointing & finishing to a flush finish of tapered and square edges of the",IITB_COPT_BOQ,17,text
IITB_COPT_BOQ_p17_l31,"board with recommended jointing compounds, jointing tapes, finishing with jointing",IITB_COPT_BOQ,17,text
IITB_COPT_BOQ_p17_l34,"of making opening for light fittings, grills, diffusers, cut outs made with frame of perimeter",IITB_COPT_BOQ,17,text
IITB_COPT_BOQ_p17_l36,Engineer in charge but excluding the cost of painting etc. all complete as per the,IITB_COPT_BOQ,17,text
IITB_COPT_BOQ_p17_l41,Lay-in Micro Perforatedmetal ceiling consisting of 600x600mm (Nominal Size) Lay-in tilesof,IITB_COPT_BOQ,17,text
IITB_COPT_BOQ_p17_l42,120 gsm galvanized steel as per IS 277 (2003) suitable for architectural finishes in 0.5 mm,IITB_COPT_BOQ,17,text
IITB_COPT_BOQ_p17_l44,having8mm drop and5.5mm flange.Tileshallhaveperforationhavinghole diameter1.8mm,IITB_COPT_BOQ,17,text
IITB_COPT_BOQ_p17_l46,border of 9.1mm. The difference between the 2 diagonal dimensions of the tile to be less,IITB_COPT_BOQ,17,text
IITB_COPT_BOQ_p17_l47,than 1mm. Tiles shall be flattened by precision leveller to minimize sag to less than 1/400,IITB_COPT_BOQ,17,text
IITB_COPT_BOQ_p17_l48,mm.Thetileshallbe electrostaticallypolyester powdercoated usingRoHScompliantpowder,IITB_COPT_BOQ,17,text
IITB_COPT_BOQ_p17_l54,level 25±5% at 60˚ as per ASTM D523. The tile shall have a Light Reflectance of ≥ 63% in,IITB_COPT_BOQ,17,text
IITB_COPT_BOQ_p17_l56,Back side of the tile will have Soundtex fleece hot pressed mechanically for uniform bonding,IITB_COPT_BOQ,17,text
IITB_COPT_BOQ_p17_l59,"476 Part 6 & 7 in module size of 600x600mm. All border cut tiles shall be laid, using",IITB_COPT_BOQ,17,text
IITB_COPT_BOQ_p17_l62,"the cost of painting with:, etc. all complete as per the Architectural drawings, as specified",IITB_COPT_BOQ,17,text
IITB_COPT_BOQ_p17_l64,"7.2.1 GI Metal Ceiling sqm897 1,568.46 14,06,909.68 TOTAL OF FLOORING & WALL LINING WORKS",IITB_COPT_BOQ,17,text
IITB_COPT_BOQ_p18_l1,7.3 Providing and fixing Mineral fibre false ceiling tiles at all heights of size 595X595mm of,IITB_COPT_BOQ,18,text
IITB_COPT_BOQ_p18_l2,"approved texture, design and pattern. The tiles should have Humidity Resistance (RH) of",IITB_COPT_BOQ,18,text
IITB_COPT_BOQ_p18_l8,module of size 600x600 mm suspended from ceiling using galvanized mild steel item,IITB_COPT_BOQ,18,text
IITB_COPT_BOQ_p18_l12,The system should rest on periphery walls /partitions with the help of GI perimeter wall,IITB_COPT_BOQ,18,text
IITB_COPT_BOQ_p18_l13,"angle of size24x24X3000 mm made of 0.40 mm thick sheet, to be fixed to the wall with help",IITB_COPT_BOQ,18,text
IITB_COPT_BOQ_p18_l14,of plastic rawl plug at 450 mm centre to centre & 40 mm long dry wall S.S. screws. The,IITB_COPT_BOQ,18,text
IITB_COPT_BOQ_p18_l16,"painted with polyester baked paint, for all heights. The work shall be carried out as per",IITB_COPT_BOQ,18,text
IITB_COPT_BOQ_p18_l18,"7.3.1 With 20 mm thick bevelled tegular mineral fibre false ceiling tile (NRC 0.7) sqm1243 2,327.61 28,93,223.38",IITB_COPT_BOQ,18,text
IITB_COPT_BOQ_p18_l24,of tiles. Classic Axiom must be powder coated in Global White. Profile to have engineered,IITB_COPT_BOQ,18,text
IITB_COPT_BOQ_p18_l30,TheseSteelspliceplates(AX4SPLICEI)areusedtoalignand securealljointsbetween sections,IITB_COPT_BOQ,18,text
IITB_COPT_BOQ_p18_l46,"7.5Acoustical microlook tegular edge tile with 15 mm thickness ,easily demountable tile ,",IITB_COPT_BOQ,18,text
IITB_COPT_BOQ_p18_l47,"manufacturedfromHighdensityglasswool,visible surface isa batchpaintedglasstissuein",IITB_COPT_BOQ,18,text
IITB_COPT_BOQ_p18_l48,"white, back of the tile covered with glass tissue. Size 600 x 600 x 15 mm, 1200 x 600 x 15 mm",IITB_COPT_BOQ,18,text
IITB_COPT_BOQ_p18_l58,"Indoor Health & Well-being - Complying with the French regulation on VOC emissions, A+",IITB_COPT_BOQ,18,text
IITB_COPT_BOQ_p19_l1,"TOTAL OF ROOFING 1,75,30,288.60",IITB_COPT_BOQ,19,text
IITB_COPT_BOQ_p19_l2,8 FINISHING,IITB_COPT_BOQ,19,text
IITB_COPT_BOQ_p19_l3,PLASTERING WORKS,IITB_COPT_BOQ,19,text
IITB_COPT_BOQ_p19_l5,"a) Before commencement of plastering, the area shall be cleaned, wetted and shall be",IITB_COPT_BOQ,19,text
IITB_COPT_BOQ_p19_l7,"b) Whenever the electrical Contractor/ agencyhasto fix upswitch boxesin walls,necessary",IITB_COPT_BOQ,19,text
IITB_COPT_BOQ_p19_l8,Thiyyasor'Dhadas'shall bearranged priortoplasteringsothattheelectricalboxesarefixed,IITB_COPT_BOQ,19,text
IITB_COPT_BOQ_p19_l9,the finished plastered surfaces. Properly in line with,IITB_COPT_BOQ,19,text
IITB_COPT_BOQ_p19_l10,"c)Finishing aroundthejunctionboxesshallbe done atallfloor,leveland position tothe line,",IITB_COPT_BOQ,19,text
IITB_COPT_BOQ_p19_l11,level and right angles as required while carrying out plastering work.,IITB_COPT_BOQ,19,text
IITB_COPT_BOQ_p19_l12,d) No extra claim/cement consumption shall be entertained by the Department for the,IITB_COPT_BOQ,19,text
IITB_COPT_BOQ_p19_l13,"plastering done more than the specified thickness shown in the schedule of quantities, to",IITB_COPT_BOQ,19,text
IITB_COPT_BOQ_p19_l14,"bring the plastered surface to perfect line, level and plumb with adjoining columns and",IITB_COPT_BOQ,19,text
IITB_COPT_BOQ_p19_l17,the surface for applying plaster etc at all heights.,IITB_COPT_BOQ,19,text
IITB_COPT_BOQ_p19_l19,junctions of concrete and masonry or any dissimilar materials,IITB_COPT_BOQ,19,text
IITB_COPT_BOQ_p19_l20,8.1 Providing and applying 18 mmthick (average )in two coats under layer 12 mm thick cement,IITB_COPT_BOQ,19,text
IITB_COPT_BOQ_p19_l21,plaster 1:5 and a top layer 6mm thick cement plaster (1:3). complete as per manufacturer's,IITB_COPT_BOQ,19,text
IITB_COPT_BOQ_p19_l24,8.2 Providing and applying 18 mmthick (average) in two coats under layer 12 mm thick cement,IITB_COPT_BOQ,19,text
IITB_COPT_BOQ_p19_l25,plaster 1:5 and a top layer 6mm thick cement plaster (1:3). complete as per manufacturer's,IITB_COPT_BOQ,19,text
IITB_COPT_BOQ_p19_l35,8.3 Providing and applying CEMENT PLASTER 15 mm cement plaster 1:4 (1 cement: 4 coarse,IITB_COPT_BOQ,19,text
IITB_COPT_BOQ_p19_l36,"sand) on rough side of single or half brick wall up to 10 meters height from ground level,",IITB_COPT_BOQ,19,text
IITB_COPT_BOQ_p19_l37,"including levelling, leaving the surface rough to receive Ceramic Mosaic Tile Cladding,",IITB_COPT_BOQ,19,text
IITB_COPT_BOQ_p19_l39,8.4 Providing and applying CEMENT PLASTER 15 mm cement plaster 1:4 (1 cement: 4 coarse,IITB_COPT_BOQ,19,text
IITB_COPT_BOQ_p19_l40,"sand) on rough side of single or half brick wall above 10 meters height including levelling,",IITB_COPT_BOQ,19,text
IITB_COPT_BOQ_p19_l41,"leaving the surface rough to receive Ceramic Mosaic Tile Cladding, scaffolding, curing etc.",IITB_COPT_BOQ,19,text
IITB_COPT_BOQ_p19_l50,8.5 Providing and applying 12 mm thick (average) ready mixed cement plaster mortar 1:4 ((1,IITB_COPT_BOQ,19,text
IITB_COPT_BOQ_p19_l51,cement: 4 fine sand ) complete as per manufacturer's specifications and direction of,IITB_COPT_BOQ,19,text
IITB_COPT_BOQ_p19_l55,"8.6 Providing and applying white Cement based putty of average thickness 1 mm to 2 mm, of",IITB_COPT_BOQ,19,text
IITB_COPT_BOQ_p19_l56,"approved brand and manufacturer, over the plastered wall surface to prepare the surface",IITB_COPT_BOQ,19,text
IITB_COPT_BOQ_p19_l60,lightweight plaster having additives and light weight aggregates as vermiculite/ perlite,IITB_COPT_BOQ,19,text
IITB_COPT_BOQ_p19_l62,background such as bare brick/ block/ RCC work on walls and similar locations etc. at all,IITB_COPT_BOQ,19,text
IITB_COPT_BOQ_p19_l63,"floors and locations, finished in smooth line and level etc. all complete as per the",IITB_COPT_BOQ,19,text
IITB_COPT_BOQ_p19_l66,texture plaster 'Apex Duracast Roughtex' of Asian paints or equivalent as given in list of,IITB_COPT_BOQ,19,text
IITB_COPT_BOQ_p20_l1,"8.9 Providing and Finishing walls with anti-fungal, Premium 100% Acrylic Smooth exterior paint",IITB_COPT_BOQ,20,text
IITB_COPT_BOQ_p20_l4,primerapplied@2.20kg/10sqm etc. allcomplete asperthe Architecturaldrawingsandas,IITB_COPT_BOQ,20,text
IITB_COPT_BOQ_p20_l6,"8.10 Providing and applying Plastic emulsion paint for Ceiling of approved quality, colour and",IITB_COPT_BOQ,20,text
IITB_COPT_BOQ_p20_l9,8.11 Providing and applying Luster paint of approved make on internal wall surface asdetailed,IITB_COPT_BOQ,20,text
IITB_COPT_BOQ_p20_l10,"below , Scrapping the surface with emery paper and wipe clean wall primer with brush with",IITB_COPT_BOQ,20,text
IITB_COPT_BOQ_p20_l12,period 6 to 8 hours. wall putty with appropriate proportion of water allowing to dry for a,IITB_COPT_BOQ,20,text
IITB_COPT_BOQ_p20_l13,period of 4 to 6 hours. Scrapping with Emery paper180 andwipe clean.applying wallprimer,IITB_COPT_BOQ,20,text
IITB_COPT_BOQ_p20_l15,"paper 320 and wipe clean, interior wall finish luster 1st coat with rush/rubber/spray with",IITB_COPT_BOQ,20,text
IITB_COPT_BOQ_p20_l17,2nd coat of wall finish Lustre with mineral turpentine 7 to 9 % with brush and Oil with roller,IITB_COPT_BOQ,20,text
IITB_COPT_BOQ_p20_l20,8.12 Painting with synthetic enamel paint of approved brand and manufacture to give an even,IITB_COPT_BOQ,20,text
IITB_COPT_BOQ_p20_l23,8.13 Finishing walls with Apex ultima Exterior paint of required shade : (Two or more coats,IITB_COPT_BOQ,20,text
IITB_COPT_BOQ_p20_l26,"TOTAL OF FINISHING WORK 2,74,77,381.36",IITB_COPT_BOQ,20,text
IITB_COPT_BOQ_p20_l28,9.1 Providing and laying 60 mm thick factory made cement concrete interlocking paver block of,IITB_COPT_BOQ,20,text
IITB_COPT_BOQ_p20_l31,"compacted bed of coarse sand, filling the joints with fine sand etc. all complete as per the",IITB_COPT_BOQ,20,text
IITB_COPT_BOQ_p20_l36,layers of specified thickness with motor grader on prepared surface and compacting with,IITB_COPT_BOQ,20,text
IITB_COPT_BOQ_p20_l41,"9.3 Providing, laying, spreading and compacting graded stone aggregate (size range 53 mm to",IITB_COPT_BOQ,20,text
IITB_COPT_BOQ_p20_l47,9.4 Providing and laying factory made chamfered edge Cement Concrete paver blocks In foot,IITB_COPT_BOQ,20,text
IITB_COPT_BOQ_p20_l50,"pattern over 50mm thick compacted bed of course sand, compacting and proper",IITB_COPT_BOQ,20,text
IITB_COPT_BOQ_p20_l51,embedding/layingofinterlockingpaver blocksinto the sand bedding layer throughvibratory,IITB_COPT_BOQ,20,text
IITB_COPT_BOQ_p20_l52,"compaction by using plate vibrator, filling the joints with sand and cutting of paver blocksas",IITB_COPT_BOQ,20,text
IITB_COPT_BOQ_p20_l53,"per required size and pattern, finishing and sweeping extra sand, all complete as per",IITB_COPT_BOQ,20,text
IITB_COPT_BOQ_p20_l56,"9.4.1 80 mm thick Cement concrete paver bloc k of M-30 grade with approved colour, design &",IITB_COPT_BOQ,20,text
IITB_COPT_BOQ_p20_l59,"grade cement concrete in position to the required line, level and curvature, jointed with",IITB_COPT_BOQ,20,text
IITB_COPT_BOQ_p20_l60,"cement mortar 1:3 (1 cement: 3 coarse sand), including making joints with or without",IITB_COPT_BOQ,20,text
IITB_COPT_BOQ_p20_l62,making drainage opening wherever required complete etc. all complete as per the,IITB_COPT_BOQ,20,text
IITB_COPT_BOQ_p20_l66,9.6Plain Cement Concrete M15 (zone-III) derived from natural sources : 4 graded stone,IITB_COPT_BOQ,20,text
IITB_COPT_BOQ_p20_l67,"aggregate 20 mm nominal size derived from natural sources)cum 29 7,257.62 2,10,470.95",IITB_COPT_BOQ,20,text
IITB_COPT_BOQ_p21_l2,"i) The Contractor shall submit 3 copies of shop drawings for each windows, ventilators",IITB_COPT_BOQ,21,text
IITB_COPT_BOQ_p21_l4,According to the approved shop drawing a sample of each of windows with all fittings and,IITB_COPT_BOQ,21,text
IITB_COPT_BOQ_p21_l7,"ii) All doors, windows, ventilators section shall be anodized of approved colour extruded",IITB_COPT_BOQ,21,text
IITB_COPT_BOQ_p21_l9,iii)All fittings/fixtures shall be of approvedmake/qualityandasapproved by engineer-,IITB_COPT_BOQ,21,text
IITB_COPT_BOQ_p21_l17,"window / door frame/beading channel for glass adjustable louvers etc., shall only be",IITB_COPT_BOQ,21,text
IITB_COPT_BOQ_p21_l26,steel friction hinges.,IITB_COPT_BOQ,21,text
IITB_COPT_BOQ_p21_l29,"x) Item rates are inclusive of the cost of all fittings, fixtures, locking arrangement , handles,",IITB_COPT_BOQ,21,text
IITB_COPT_BOQ_p21_l31,sections for windows .,IITB_COPT_BOQ,21,text
IITB_COPT_BOQ_p21_l34,"10.1 Providing and fixing aluminium doors, windows, ventilators and partitions with extruded",IITB_COPT_BOQ,21,text
IITB_COPT_BOQ_p21_l37,"includingnecessaryfillingupthegapsatjunctions,i.e.attop,bottom andsideswithrequired",IITB_COPT_BOQ,21,text
IITB_COPT_BOQ_p21_l40,"beading for glazing / panelling, C.P. brass / stainless steel screws, all complete as per",IITB_COPT_BOQ,21,text
IITB_COPT_BOQ_p21_l45,"10.1.2 For shutters of doors, windows & ventilators including providing and fixing hinges/ pivots",IITB_COPT_BOQ,21,text
IITB_COPT_BOQ_p21_l46,and making provision for fixing of fittings wherever required including the cost of EPDM,IITB_COPT_BOQ,21,text
IITB_COPT_BOQ_p21_l50,"10.2 Providing and fixing glazing in aluminium door, window, ventilator shutters and partitions",IITB_COPT_BOQ,21,text
IITB_COPT_BOQ_p21_l58,"1800 mm Height Door. Accessories Details : Stainless Steel ( Grade - 316 ), including SS",IITB_COPT_BOQ,21,text
IITB_COPT_BOQ_p21_l59,"GravityHinges,SSAdjustableleg,SSCoat Hook,SS Door stopper (SS Grade-304 ),SS Top rail",IITB_COPT_BOQ,21,text
IITB_COPT_BOQ_p21_l60,"hollowcircular pipe, SSTabular holder, SS WallBracket, SSCorner Connector,SS U-Channel,",IITB_COPT_BOQ,21,text
IITB_COPT_BOQ_p21_l61,"Screws ( SS Grade- 304 ) & Wall Plugs, Noise Deafening tapes for grooves in doors, Ten (10)",IITB_COPT_BOQ,21,text
IITB_COPT_BOQ_p22_l5,"density polyethylene LDPE (100% virgin mix), sandwiched between two aluminium sheets of",IITB_COPT_BOQ,22,text
IITB_COPT_BOQ_p22_l8,lacquered finishing coat not less than (26 + - 2) micron (containing minimum 70% kynar 500,IITB_COPT_BOQ,22,text
IITB_COPT_BOQ_p22_l17,"clamps prefixed to masonry or slab, columns with Hilti make anchor fastener screws. The",IITB_COPT_BOQ,22,text
IITB_COPT_BOQ_p22_l21,"the architectural drawingsand approved shop drawings , the aluminium quality as per grade",IITB_COPT_BOQ,22,text
IITB_COPT_BOQ_p22_l34,"flashings, fire stop (barrier)-cum-smoke seals, microwave cured EPDM gaskets for water",IITB_COPT_BOQ,22,text
IITB_COPT_BOQ_p22_l35,"tightness, pressure equalisation & drainage and protection against fire hazard .",IITB_COPT_BOQ,22,text
IITB_COPT_BOQ_p22_l39,RCC/ masonry/structural steel framework of building structure using stainless steel anchor,IITB_COPT_BOQ,22,text
IITB_COPT_BOQ_p22_l40,"fasteners/bolts,nylon separator to prevent bimetalliccontactswithnutsandwashersetc.of",IITB_COPT_BOQ,22,text
IITB_COPT_BOQ_p22_l41,"stainless steel grade 316, of the required capacity and in required numbers.",IITB_COPT_BOQ,22,text
IITB_COPT_BOQ_p22_l42,"c)Providing andfilling,twopartpump filled,structural siliconesealant and one partweather",IITB_COPT_BOQ,22,text
IITB_COPT_BOQ_p22_l47,"d)Providing and fixing in position flashings of solid aluminium sheet1 mm thick and of sizes,",IITB_COPT_BOQ,22,text
IITB_COPT_BOQ_p22_l50,e)Makingprovision for drainageofmoisture/water thatentersthe curtain glazing system to,IITB_COPT_BOQ,22,text
IITB_COPT_BOQ_p22_l52,"gutter profiles at bottom (if required), making necessary holes of required sizes and of",IITB_COPT_BOQ,22,text
IITB_COPT_BOQ_p22_l64,"description,asspecified,aspertheapprovedshopdrawingsandasdirectedbytheEngineer-",IITB_COPT_BOQ,22,text
IITB_COPT_BOQ_p23_l11,stainless steel wire mesh shall be paid for separately under relevant items under this,IITB_COPT_BOQ,23,text
IITB_COPT_BOQ_p23_l35,10.6 Providing and l Fixing Fly proof stainless steel grade 304 wire gauge with 0.5 mm dia. wire,IITB_COPT_BOQ,23,text
IITB_COPT_BOQ_p23_l39,11 WATER PROOFING,IITB_COPT_BOQ,23,text
IITB_COPT_BOQ_p23_l42,proofing agency is engaged other than specified in the schedule of item/specification and,IITB_COPT_BOQ,23,text
IITB_COPT_BOQ_p23_l43,shall submit the specification of the waterproofing agency before commencement of work.,IITB_COPT_BOQ,23,text
IITB_COPT_BOQ_p23_l44,b) The Contractor shall test the surface where water proofing treatment provided for bone,IITB_COPT_BOQ,23,text
IITB_COPT_BOQ_p23_l45,dry condition by filling up with water. No wet patches or leaks shall appear on the,IITB_COPT_BOQ,23,text
IITB_COPT_BOQ_p23_l46,surrounding wall or under side of the slab.,IITB_COPT_BOQ,23,text
IITB_COPT_BOQ_p23_l48,the entire waterproofing treatment for maintaining the surroundings and under side,IITB_COPT_BOQ,23,text
IITB_COPT_BOQ_p23_l49,surfaces of the waterproofing treated area in bone dry condition for 10 years. During the,IITB_COPT_BOQ,23,text
IITB_COPT_BOQ_p23_l53,d) The Contractor shall keep the water tank filled with water after the water proofing work,IITB_COPT_BOQ,23,text
IITB_COPT_BOQ_p23_l55,inapprovedlaboratoryforpotability.Atno time shall the water tank be kept empty.Testing,IITB_COPT_BOQ,23,text
IITB_COPT_BOQ_p23_l56,"for the bone dry condition for the water proofing work carried out shall again be done,",IITB_COPT_BOQ,23,text
IITB_COPT_BOQ_p24_l1,11.1 Providing and laying integral cement based water proofing treatment including preparation,IITB_COPT_BOQ,24,text
IITB_COPT_BOQ_p24_l4,(a) Applying a slurry coat of neat cement using 2.75 kg/sqm of cement admixed with water,IITB_COPT_BOQ,24,text
IITB_COPT_BOQ_p24_l5,proofing compound conforming to IS. 2645 and approved by Engineer-in-charge over the RCC,IITB_COPT_BOQ,24,text
IITB_COPT_BOQ_p24_l6,slab including adjoining walls up to 300 mm height including cleaning the surface before,IITB_COPT_BOQ,24,text
IITB_COPT_BOQ_p24_l8,(b) Laying brick bats with mortar using broken bricks/brick bats 25 mm to 115 mm size with,IITB_COPT_BOQ,24,text
IITB_COPT_BOQ_p24_l9,50% of cement mortar 1:5 (1 cement : 5 coarse sand) admixed with water proofing,IITB_COPT_BOQ,24,text
IITB_COPT_BOQ_p24_l11,layer of cement mortar of mix 1:5 (1 cement :5 coarse sand) admixed with water proofing,IITB_COPT_BOQ,24,text
IITB_COPT_BOQ_p24_l13,to required slope and treating similarly the adjoining walls up to 300 mm height including,IITB_COPT_BOQ,24,text
IITB_COPT_BOQ_p24_l14,rounding of junctions of walls and slabs. (c) After two days of proper curing applying a second,IITB_COPT_BOQ,24,text
IITB_COPT_BOQ_p24_l15,coat of cement slurry using 2.75 kg/ sqm of cement admixed with water proofing compound,IITB_COPT_BOQ,24,text
IITB_COPT_BOQ_p24_l17,(d) Finishing the surface with 20 mm thick jointless cement mortar of mix 1:4 (1 cement :4,IITB_COPT_BOQ,24,text
IITB_COPT_BOQ_p24_l18,coarse sand) admixed with water proofing compound conforming to IS : 2645 and approved,IITB_COPT_BOQ,24,text
IITB_COPT_BOQ_p24_l20,plaster and finally finishing the surface.,IITB_COPT_BOQ,24,text
IITB_COPT_BOQ_p24_l24,11.2 Providing and fixing 20 to 25 mm thick rough Shahabad box type waterproofing for,IITB_COPT_BOQ,24,text
IITB_COPT_BOQ_p24_l25,"basement or underground floor on a base of Cement concrete, including sub base of 2.50",IITB_COPT_BOQ,24,text
IITB_COPT_BOQ_p24_l26,"centimetre thick Cement mortar 1:3 with conceal, secrete (RMW), Algae proof or other alike",IITB_COPT_BOQ,24,text
IITB_COPT_BOQ_p24_l27,"waterproofing liquids, raking of joints up to 35 mm depth, filling the joints with 6 mm size",IITB_COPT_BOQ,24,text
IITB_COPT_BOQ_p24_l28,"crushed metal, hand grouting with cement slurry, curing and cleaning, with 10 years",IITB_COPT_BOQ,24,text
IITB_COPT_BOQ_p24_l30,"Note: Base Cement concrete shall be paid under relevant item.sqm 291 1,252.38 3,64,443.82",IITB_COPT_BOQ,24,text
IITB_COPT_BOQ_p24_l31,11.3 Providing and applying integral crystalline slurry of hydrophilic in nature for waterproofing,IITB_COPT_BOQ,24,text
IITB_COPT_BOQ_p24_l32,treatment to the RCC structures like retaining,IITB_COPT_BOQ,24,text
IITB_COPT_BOQ_p24_l33,"walls of the basement, water tanks, roof slabs, podiums, reservoir, sewage & water",IITB_COPT_BOQ,24,text
IITB_COPT_BOQ_p24_l40,permeability ofconcrete bymore than90% comparedwith controlconcrete asper DIN1048,IITB_COPT_BOQ,24,text
IITB_COPT_BOQ_p24_l47,11.4 Providing and fixing 20 to 25 mm thick rough Shahabad box type waterproofing treatment,IITB_COPT_BOQ,24,text
IITB_COPT_BOQ_p24_l48,to vertical outside faces of Reinforced Cement concrete walls of basement or underground,IITB_COPT_BOQ,24,text
IITB_COPT_BOQ_p24_l49,floor including filling the gap of 25 mm between rough Shahabad and R.C.C. walls with,IITB_COPT_BOQ,24,text
IITB_COPT_BOQ_p24_l50,cement grout mixed with water proofing liquid Algae proof or other alike with one tile lift,IITB_COPT_BOQ,24,text
IITB_COPT_BOQ_p24_l51,"method, brushing the jointshorizontally withcement slurrymixed withwater proofing liquid",IITB_COPT_BOQ,24,text
IITB_COPT_BOQ_p24_l52,"for width 30to 35 mm and sloping coping over topmost tile with cement mortar 1:3, butting",IITB_COPT_BOQ,24,text
IITB_COPT_BOQ_p24_l53,"the bottom most with Cement concrete 1:2:4 mixed with water proofing liquid, curing, with",IITB_COPT_BOQ,24,text
IITB_COPT_BOQ_p24_l56,11.5 Providing Waterproof plaster in W.C. and bath 12 mm thick for dado in cement mortar 1:3,IITB_COPT_BOQ,24,text
IITB_COPT_BOQ_p24_l57,"withneatfinishing,floatingusingwaterproofingcompoundatthe rateof1Kilogram.perbag",IITB_COPT_BOQ,24,text
IITB_COPT_BOQ_p24_l58,"of cement of approved make and manufacturer and curing etc. complete as directed.sqm 758 418.85 3,17,491.43",IITB_COPT_BOQ,24,text
IITB_COPT_BOQ_p24_l59,11.6 Providing Waterproofing in W.C. and bath including brick bat coba in all position including,IITB_COPT_BOQ,24,text
IITB_COPT_BOQ_p24_l60,providing and laying 12 mm bedding in cement mortar 1:3 on vergin concrete slab with,IITB_COPT_BOQ,24,text
IITB_COPT_BOQ_p24_l61,waterproofing compound @ 1Kilogram/per bag of cement laying brick bat coba of required,IITB_COPT_BOQ,24,text
IITB_COPT_BOQ_p24_l62,thickness in cm 1:5 with waterproofing compound 1 Kilogram/bag of cement grouting and,IITB_COPT_BOQ,24,text
IITB_COPT_BOQ_p24_l63,finishing the top layer with 20 mm thick brick bedding in cm mortar 1:3 with waterproofing,IITB_COPT_BOQ,24,text
IITB_COPT_BOQ_p24_l64,compound 1 Kilogram/per bag of cement and testing the treated portion for 48 hours by,IITB_COPT_BOQ,24,text
IITB_COPT_BOQ_p24_l67,"TOTAL OF WATER PROOFING WORK 73,62,824.05",IITB_COPT_BOQ,24,text
IITB_COPT_BOQ_p25_l1,12.1Earthwork insurfaceexcavation notexceeding30cmindepth butexceeding 1.5m in width,IITB_COPT_BOQ,25,text
IITB_COPT_BOQ_p25_l39,13.1 Providing and fixing Wall Paper fixing on wall / column / partition. providing and fixing of,IITB_COPT_BOQ,25,text
IITB_COPT_BOQ_p25_l41,"for direct, bubble-free application on walls) as per the theme selected by clients with UV",IITB_COPT_BOQ,25,text
IITB_COPT_BOQ_p25_l45,"Basic Price of wall paper is Rs 150 / Sqft.) Sqm. 252 2,362.00 5,95,224.00",IITB_COPT_BOQ,25,text
IITB_COPT_BOQ_p25_l47,"partitions/walls/ other substrates in various areas of the office including training room,",IITB_COPT_BOQ,25,text
IITB_COPT_BOQ_p25_l55,"13.4Supplying and Fixing Trap door/Access Panel , with outer-inner aluminium frame 1.5 mm",IITB_COPT_BOQ,25,text
IITB_COPT_BOQ_p25_l56,"thick + 0.2 mm thick powder coating, corner fittings outer-inner frame 2 mm thick with zinc",IITB_COPT_BOQ,25,text
IITB_COPT_BOQ_p25_l57,"coating of 200g. Includes 12 mm Knauf plasterboard moisture resistant (MR), self drilling",IITB_COPT_BOQ,25,text
IITB_COPT_BOQ_p25_l58,"screws mild steel black phosphate. Sealing strip 9mm width, 4mm thick. With snap lock",IITB_COPT_BOQ,25,text
IITB_COPT_BOQ_p25_l62,13.5Providing and fixing S.S. Transition Strip Profile 25mm x 33 mm TEE Shape Stainless steel,IITB_COPT_BOQ,25,text
IITB_COPT_BOQ_p25_l67,necessary fixtures and fitting etc. complete. Sample to be approved by Engineer In-charge,IITB_COPT_BOQ,25,text
IITB_COPT_BOQ_p26_l3,necessary fixtures and fitting etc. complete. Sample to be approved by Engineer In-charge,IITB_COPT_BOQ,26,text
IITB_COPT_BOQ_p26_l6,13.8Providing and Fixing Motorised Roller Blackout Blinds of approved make & shade of 38 mm,IITB_COPT_BOQ,26,text
IITB_COPT_BOQ_p26_l8,fixtures and fitting etc. complete. Sample to be approved by Engineer In-charge prior to,IITB_COPT_BOQ,26,text
IITB_COPT_BOQ_p26_l11,13.9Providing and Fixing Motorised Roller Translucent Blinds of approved make & shade of 38,IITB_COPT_BOQ,26,text
IITB_COPT_BOQ_p26_l13,necessary fixtures and fitting etc. complete. Sample to be approved by Engineer In-charge,IITB_COPT_BOQ,26,text
IITB_COPT_BOQ_p26_l16,13.10 Providing and fixing of Branded Frosted film as per design on toughened glassin cabinsdoor,IITB_COPT_BOQ,26,text
IITB_COPT_BOQ_p26_l21,"door etc. complete as per direction. all complete as per the Architectural drawings, as",IITB_COPT_BOQ,26,text
IITB_COPT_BOQ_p26_l30,"Installed Directly on Wall. Rate to be inclusive all necessary hardwares, Screw etc all",IITB_COPT_BOQ,26,text
IITB_COPT_BOQ_p26_l34,Providing and fixing Self Adhesive Vinyl Stuck on Foam Board and Installed Directly on Wall.,IITB_COPT_BOQ,26,text
IITB_COPT_BOQ_p26_l37,14.3Floor Evaluation Plan :,IITB_COPT_BOQ,26,text
IITB_COPT_BOQ_p26_l40,InstalledonWalls.Rateto be inclusiveall necessary etc allcomplete asper the Architectural,IITB_COPT_BOQ,26,text
IITB_COPT_BOQ_p26_l52,14.6Floor Name :,IITB_COPT_BOQ,26,text
IITB_COPT_BOQ_p26_l55,InstalledonWalls.Rateto be inclusiveall necessary etc allcomplete asper the Architectural,IITB_COPT_BOQ,26,text
IITB_COPT_BOQ_p26_l60,InstalledonWalls.Rateto be inclusiveall necessary etc allcomplete asper the Architectural,IITB_COPT_BOQ,26,text
IITB_COPT_BOQ_p26_l65,InstalledonWalls.Rateto be inclusiveall necessary etc allcomplete asper the Architectural,IITB_COPT_BOQ,26,text
IITB_COPT_BOQ_p26_l67,14.9Booster Pump :,IITB_COPT_BOQ,26,text
IITB_COPT_BOQ_p26_l70,InstalledonWalls.Rateto be inclusiveall necessary etc allcomplete asper the Architectural,IITB_COPT_BOQ,26,text
IITB_COPT_BOQ_p26_l72,14.10 Booster Pump Start and Stop :,IITB_COPT_BOQ,26,text
IITB_COPT_BOQ_p26_l75,Installed on Walls. Rate to be inclusive all necessary etc completeNos. 1 423.00 423.00,IITB_COPT_BOQ,26,text
IITB_COPT_BOQ_p27_l4,"Installed on Walls. Rate to be inclusive all necessary etc completeNos. 21 141.00 2,961.00",IITB_COPT_BOQ,27,text
IITB_COPT_BOQ_p27_l8,"Installed on Walls. Rate to be inclusive all necessary etc completeNos. 21 141.00 2,961.00",IITB_COPT_BOQ,27,text
IITB_COPT_BOQ_p27_l10,Approx. Size: 150mm x 150mm Pasting on Door,IITB_COPT_BOQ,27,text
IITB_COPT_BOQ_p27_l12,"Installed on Walls. Rate to be inclusive all necessary etc completeNos. 21 160.00 3,360.00",IITB_COPT_BOQ,27,text
IITB_COPT_BOQ_p27_l16,"FinishedwithPUFinish,PaperlamSCVMWallGraphicwithOLCMoverlamination UVPrinting",IITB_COPT_BOQ,27,text
IITB_COPT_BOQ_p27_l21,PART - II PLUMBING WORK,IITB_COPT_BOQ,27,text
IITB_COPT_BOQ_p27_l23,1)Allsanitarywares&CPbrassfittings&fixturesshallbeoffirstqualitywithISImark(unless,IITB_COPT_BOQ,27,text
IITB_COPT_BOQ_p27_l29,"earthwork excavation, the Contractor shall bear the cost of Shoring / dewatering during the",IITB_COPT_BOQ,27,text
IITB_COPT_BOQ_p27_l32,"3) The rate for the itemssuch assanitary wares, CP brassfittings, GI / UPVC pipes which are",IITB_COPT_BOQ,27,text
IITB_COPT_BOQ_p27_l33,"to be fixed on the walls / dado, floors etc. includes the cost of fixing materials and matching",IITB_COPT_BOQ,27,text
IITB_COPT_BOQ_p27_l34,colour cement required for reinstating the surface to the entire satisfaction of the Engineer-,IITB_COPT_BOQ,27,text
IITB_COPT_BOQ_p27_l37,5) Concealed / underground GI pipe line is to be wrapped with hessian cloth and painted,IITB_COPT_BOQ,27,text
IITB_COPT_BOQ_p27_l38,with two coats of anticorrosive paint.,IITB_COPT_BOQ,27,text
IITB_COPT_BOQ_p27_l40,"spreading, filling & compacting at required locations.",IITB_COPT_BOQ,27,text
IITB_COPT_BOQ_p27_l41,ASANITARY WARES AND CP APPURTENANCES,IITB_COPT_BOQ,27,text
IITB_COPT_BOQ_p27_l42,"1.0 Supplying, Installing, testing and commissioning I) Providing Vitreous China wall hung type",IITB_COPT_BOQ,27,text
IITB_COPT_BOQ_p27_l45,"supports. with 100 mm P or S trap, Inlet Connection Pipe 32 mm dia Pipe of required length",IITB_COPT_BOQ,27,text
IITB_COPT_BOQ_p27_l46,from flushing cistern to Water Closet concealed in the wallmaking connectionwith W.Cpan,IITB_COPT_BOQ,27,text
IITB_COPT_BOQ_p27_l47,"and cistern including the cost of uPVC fittings, fixtures and jointing materials n, including",IITB_COPT_BOQ,27,text
IITB_COPT_BOQ_p27_l48,"flush pipe, with manually controlled device (handle lever) with all fittings and fixtures",IITB_COPT_BOQ,27,text
IITB_COPT_BOQ_p27_l49,"complete, including cutting and making good the walls and floors wherever required Testing",IITB_COPT_BOQ,27,text
IITB_COPT_BOQ_p27_l52,1.1 i) Providing & fixing Vitreous China European Wall Mounted Water Closet of pure china,IITB_COPT_BOQ,27,text
IITB_COPT_BOQ_p27_l54,"Charge. (Model No.:Splendor Wall Mounted Closet 92574 OR Equivalent)14,71,138.00",IITB_COPT_BOQ,27,text
IITB_COPT_BOQ_p27_l56,"fittingsfixtures,cuttinghole,testingetc.(ModelNo.:CC77.5FlushPlateLoop -CHPartCode",IITB_COPT_BOQ,27,text
IITB_COPT_BOQ_p27_l62,"fittingsfixtures,cuttinghole,testingetc.(ModelNo.:CC77.5FlushPlateLoop -CHPartCode",IITB_COPT_BOQ,27,text
IITB_COPT_BOQ_p27_l68,"fittingsfixtures,cuttinghole,testingetc.(ModelNo.:CC77.5FlushPlateLoop -CHPartCode",IITB_COPT_BOQ,27,text
IITB_COPT_BOQ_p27_l70,"1.4 Providing & fixing Health Faucet with PVC / flexible tube with check nuts, wall hook etc. of",IITB_COPT_BOQ,27,text
IITB_COPT_BOQ_p27_l71,"following type & fixing using white Zinc, spun yarn etc. and wall hook on the wall at the",IITB_COPT_BOQ,27,text
IITB_COPT_BOQ_p28_l1,1.5 Providing & fixing Stainless steel recessed type Toilet paper Roll Holder with prior approval of,IITB_COPT_BOQ,28,text
IITB_COPT_BOQ_p28_l5,1.7 Providing & fixing C.P brass two way Bib tap -15mm with wall flange with prior approval of,IITB_COPT_BOQ,28,text
IITB_COPT_BOQ_p28_l11,"non-conclusive time delay press action pillar tap , concealed wall bracketswith screw, Rawal",IITB_COPT_BOQ,28,text
IITB_COPT_BOQ_p28_l12,plug and bottle trap (32mm 'P' trap)40 mm upvc pipe with 40mm seal. wherever required,IITB_COPT_BOQ,28,text
IITB_COPT_BOQ_p28_l20,(iv)ProvidingandfixingP.V.C.wastepipeforsinkorwashbasin includingP.V.C.wastefittings,IITB_COPT_BOQ,28,text
IITB_COPT_BOQ_p28_l21,"complete. (Flexible Pipe)No. 92 103.00 9,476.00",IITB_COPT_BOQ,28,text
IITB_COPT_BOQ_p28_l29,(iv)ProvidingandfixingP.V.C.wastepipeforsinkorwashbasin includingP.V.C.wastefittings,IITB_COPT_BOQ,28,text
IITB_COPT_BOQ_p28_l30,complete. (Flexible Pipe)No. 1 103.00 103.00,IITB_COPT_BOQ,28,text
IITB_COPT_BOQ_p28_l31,"2.3 C.Pbrass BottleTrap (withinternalpartition),32mm sizeand 300mm longwallconnection",IITB_COPT_BOQ,28,text
IITB_COPT_BOQ_p28_l32,pipe with wall flange with prior approval of Engineer-in-Charge. (Model No. : F850015 OR,IITB_COPT_BOQ,28,text
IITB_COPT_BOQ_p28_l35,"manufactured from 1mm thick stainless steel, 18G high grade indestructable chrome nickel",IITB_COPT_BOQ,28,text
IITB_COPT_BOQ_p28_l36,"steelwith top qualitypolish,1no.40mmdia CPwastecoupling, with1no. 40mm dia CPbottle",IITB_COPT_BOQ,28,text
IITB_COPT_BOQ_p28_l37,"trapwith extension pipe,SingleLever Sinktapwith. SwingingSpoutetc.,complete.wherever",IITB_COPT_BOQ,28,text
IITB_COPT_BOQ_p28_l39,3.1 Providing & Fixing Heavy duty stainless steel sink : SS 304 Single Bowl Silent square (Model :,IITB_COPT_BOQ,28,text
IITB_COPT_BOQ_p28_l43,3.3 Providing & Fixing Sink taps with swinging casted spout (Wall Mounted) with connectinglegs,IITB_COPT_BOQ,28,text
IITB_COPT_BOQ_p28_l45,"3.4 C.Pbrass BottleTrap (withinternalpartition),32mm sizeand 300mm longwallconnection",IITB_COPT_BOQ,28,text
IITB_COPT_BOQ_p28_l46,pipe with wall flange with prior approval of Engineer-in-Charge. (Model No. : F850015 OR,IITB_COPT_BOQ,28,text
IITB_COPT_BOQ_p28_l48,3.5 Providing and fixing P.V.C. waste pipe for sink or wash basin including P.V.C. waste fittings,IITB_COPT_BOQ,28,text
IITB_COPT_BOQ_p28_l49,complete. (Flexible Pipe)No. 9 103.00 927.00,IITB_COPT_BOQ,28,text
IITB_COPT_BOQ_p28_l52,"CI / MS bracket (duly painted with 2 coats of paints over a coat of primer),including CP cast",IITB_COPT_BOQ,28,text
IITB_COPT_BOQ_p28_l53,"brass bottle trap, extension piece, wall flanges with urinal partition including providing &",IITB_COPT_BOQ,28,text
IITB_COPT_BOQ_p28_l64,"9.0Providing and fixing of stainless steel (SS316) grating 'of 18 gauge thick, with 'circular",IITB_COPT_BOQ,28,text
IITB_COPT_BOQ_p28_l67,"cement, sand mortar 1:3 etc. complete. (Model No. - 7275IN-CP OR Equivalent)No 166 220.00 36,520.00",IITB_COPT_BOQ,28,text
IITB_COPT_BOQ_p28_l68,"TOTAL OF SANITARY WARES AND CP APPURTENANCES 43,23,572.00",IITB_COPT_BOQ,28,text
IITB_COPT_BOQ_p29_l3,"1.0 Providing and fixing Chlorinated Polyvinyl Chloride (CPVC) pipes, having thermal stability for",IITB_COPT_BOQ,29,text
IITB_COPT_BOQ_p29_l4,"hot & cold water supply, including all CPVC plain &brass threaded fittings, i/c fixing the pipe",IITB_COPT_BOQ,29,text
IITB_COPT_BOQ_p29_l5,with clamps at 1.00 m spacing. This includes jointing of pipes & fittings with one step CPVC,IITB_COPT_BOQ,29,text
IITB_COPT_BOQ_p29_l6,solvent cement andthe costofcuttingchasesandmakinggoodthesame including testing of,IITB_COPT_BOQ,29,text
IITB_COPT_BOQ_p29_l8,"Concealed work, including cutting chases and making good the walls",IITB_COPT_BOQ,29,text
IITB_COPT_BOQ_p29_l16,"2.0 Providing and fixing Chlorinated Polyvinyl Chloride (CPVC) pipes, having thermal stability for",IITB_COPT_BOQ,29,text
IITB_COPT_BOQ_p29_l17,"hot & cold water supply, including all CPVC plain & brass threaded fittings, including fixing the",IITB_COPT_BOQ,29,text
IITB_COPT_BOQ_p29_l18,pipe with clamps at 1.00 m spacing. This includes jointing of pipes & fittings with one step,IITB_COPT_BOQ,29,text
IITB_COPT_BOQ_p29_l19,CPVC solvent cement and testing of joints complete as per directed.,IITB_COPT_BOQ,29,text
IITB_COPT_BOQ_p29_l20,Internal work - Exposed on wall,IITB_COPT_BOQ,29,text
IITB_COPT_BOQ_p29_l40,4.0 Providing and fixing G.I. pipes complete with G.I. fittings including,IITB_COPT_BOQ,29,text
IITB_COPT_BOQ_p29_l41,trenching and refilling etc.,IITB_COPT_BOQ,29,text
IITB_COPT_BOQ_p29_l46,"and fixing tee, including cutting and threading the pipe etc. complete :",IITB_COPT_BOQ,29,text
IITB_COPT_BOQ_p29_l48,6.0 Fixing water meter and stop cock in G.I. pipe line including cutting and threading the pipe,IITB_COPT_BOQ,29,text
IITB_COPT_BOQ_p29_l51,"7.0 Constructing masonry Chamber 60x45x50 cm inside, in brick work in cement mortar 1:4 (1",IITB_COPT_BOQ,29,text
IITB_COPT_BOQ_p29_l52,cement : 4 coarse sand) for water meter complete with C.I. double flap surface box,IITB_COPT_BOQ,29,text
IITB_COPT_BOQ_p29_l53,400x200x200 mm (inside)with lockingarrangement and RCC top slab 1:2:4mix (1cement : 2,IITB_COPT_BOQ,29,text
IITB_COPT_BOQ_p29_l54,"coarse sand : 4 graded stone aggregate 20 mm nominal size) , i/c necessary excavation,",IITB_COPT_BOQ,29,text
IITB_COPT_BOQ_p29_l55,foundation concrete 1:5:10 ( 1 cement : 5 fine sand:10 graded stone aggregate 40 mm,IITB_COPT_BOQ,29,text
IITB_COPT_BOQ_p29_l56,nominalsize)andinsideplasteringwithcement mortar1:3(1cement :3coarsesand)12mm,IITB_COPT_BOQ,29,text
IITB_COPT_BOQ_p29_l57,"thick, finished with a floating coat of neat cement complete as per standard design : With",IITB_COPT_BOQ,29,text
IITB_COPT_BOQ_p29_l58,"common burnt clay F.P.S.(non modular) bricks of class designation 7.5.No. 1 9,955.00 9,955.00",IITB_COPT_BOQ,29,text
IITB_COPT_BOQ_p29_l65,"municipal design. . (For Each Domestic OHT & UGT_Drain, Vent & Overflow & Fire OHT &",IITB_COPT_BOQ,29,text
IITB_COPT_BOQ_p29_l66,"UGT_Drain & Vent) No. 42 45.00 1,890.00",IITB_COPT_BOQ,29,text
IITB_COPT_BOQ_p29_l71,"CINTERNAL DRAINAGE (SOIL, WASTE & VENT, RAIN WATER )",IITB_COPT_BOQ,29,text
IITB_COPT_BOQ_p30_l1,"1.0Providing fixing, testing and commissioning of Hubless centrifugally cast iron pipes and",IITB_COPT_BOQ,30,text
IITB_COPT_BOQ_p30_l2,fittings(Epoxy coated inside and outside) as per ISO-6594/IS-15905 standard and jointing,IITB_COPT_BOQ,30,text
IITB_COPT_BOQ_p30_l3,with ASTM C 1277 marked stainless steel shielded coupling with a double stainless steel botl,IITB_COPT_BOQ,30,text
IITB_COPT_BOQ_p30_l5,"specials like bends, tees, offsets, junctions, cowl end plug, inspection pipe, etc. laid under",IITB_COPT_BOQ,30,text
IITB_COPT_BOQ_p30_l6,floor/fixed on walls and in pipe shafts. Rate shall also include Providing and laying 100mm,IITB_COPT_BOQ,30,text
IITB_COPT_BOQ_p30_l7,thickness cement concrete 1:5:10 (1 cement : 5 coarse sand :10 graded stone aggregate 40,IITB_COPT_BOQ,30,text
IITB_COPT_BOQ_p30_l8,mm nominal size) around the pipe.,IITB_COPT_BOQ,30,text
IITB_COPT_BOQ_p30_l16,2.0Providing and fixing P.V.C. waste pipe for sink or wash basin including P.V.C. waste fittings,IITB_COPT_BOQ,30,text
IITB_COPT_BOQ_p30_l17,complete. (Semi Rigid Pipe),IITB_COPT_BOQ,30,text
IITB_COPT_BOQ_p30_l22,materialand labour includingprovision oflead sheetflashingof6mmthicknessasper details,IITB_COPT_BOQ,30,text
IITB_COPT_BOQ_p30_l25,"TOTAL OF INTERNAL DRAINAGE (SOIL, WASTE & VENT, RAIN WATER) 22,83,012.00",IITB_COPT_BOQ,30,text
IITB_COPT_BOQ_p30_l26,DEXTERNAL SEWERAGE & STORM WATER DRAINAGE SYSTEM,IITB_COPT_BOQ,30,text
IITB_COPT_BOQ_p30_l27,1.0Providing and laying non-pressure NP2 class (light duty) R.C.C. pipes with collars jointed with,IITB_COPT_BOQ,30,text
IITB_COPT_BOQ_p30_l28,stiff mixture of cement mortar in the proportion of 1:2 (1 cement : 2 fine sand) including,IITB_COPT_BOQ,30,text
IITB_COPT_BOQ_p30_l34,2.0 Providing and fixing square-mouth S.W. gully trap class SP-1 complete with C.I. grating brick,IITB_COPT_BOQ,30,text
IITB_COPT_BOQ_p30_l35,masonry chamber with water tight C.I. cover with frame of 300 x300 mm size (inside) the,IITB_COPT_BOQ,30,text
IITB_COPT_BOQ_p30_l39,"2.1150 x 100 mm size P type, With sewer bricks conforming to IS : 4885 No. 15 2,393.00 35,895.00",IITB_COPT_BOQ,30,text
IITB_COPT_BOQ_p30_l40,3.0 Constructing brick masonry manhole in cement mortar 1:4 ( 1 cement : 4 coarse sand ) with,IITB_COPT_BOQ,30,text
IITB_COPT_BOQ_p30_l41,R.C.C. top slab with 1:1.5:3 mix (1 cement : 1.5 coarse sand (zone- III) : 3 graded stone,IITB_COPT_BOQ,30,text
IITB_COPT_BOQ_p30_l42,"aggregate 20 mm nominal size), foundation concrete 1:4:8 mix (1 cement : 4 coarse sand",IITB_COPT_BOQ,30,text
IITB_COPT_BOQ_p30_l43,(zone-III):8gradedstoneaggregate40mm nominalsize) insideplastering12mm thickwith,IITB_COPT_BOQ,30,text
IITB_COPT_BOQ_p30_l44,cement mortar 1:3 (1 cement : 3 coarsesand) finished with floating coat ofneat cement and,IITB_COPT_BOQ,30,text
IITB_COPT_BOQ_p30_l45,making channels in cement concrete 1:2:4 (1 cement : 2 coarse sand : 4 graded stone,IITB_COPT_BOQ,30,text
IITB_COPT_BOQ_p30_l46,aggregate 20 mm nominal size) finished with a floating coat of neat cement complete as per,IITB_COPT_BOQ,30,text
IITB_COPT_BOQ_p30_l50,"cover 23 kg and weight of frame 15 kg), With Sewer bricks conforming to IS : 4885No. 19 11,398.00 2,16,562.00",IITB_COPT_BOQ,30,text
IITB_COPT_BOQ_p30_l51,"3.2 Extra for depth for manholes : Size 90x80 cm, With Sewer bricks conforming to IS : 4885Rmt 10 7,664.00 76,640.00",IITB_COPT_BOQ,30,text
IITB_COPT_BOQ_p30_l54,"58 kg and weight of frame 58 kg), With Sewer bricks conforming to IS : 4885No. 4 23,726.00 94,904.00",IITB_COPT_BOQ,30,text
IITB_COPT_BOQ_p30_l55,"3.4 Extra for depth for manholes : Size 120x90 cm, With Sewer bricks conforming to IS : 4885Rmt 10 9,191.00 91,910.00",IITB_COPT_BOQ,30,text
IITB_COPT_BOQ_p30_l56,4.0 Constructing brick masonry road gully chamber 45x45x77.5 cm with bricksin cement mortar,IITB_COPT_BOQ,30,text
IITB_COPT_BOQ_p30_l57,1:4 (1 cement : 4 coarse sand ) with precast R.C.C. vertical grating complete as per standard,IITB_COPT_BOQ,30,text
IITB_COPT_BOQ_p30_l59,"4.1With common burnt clay F.P.S. (non modular) bricks of class designation 7.5 No. 11 6,167.00 67,837.00",IITB_COPT_BOQ,30,text
IITB_COPT_BOQ_p30_l60,"TOTAL OF EXTERNAL SEWERAGE & STORM WATER DRAINAGE SYSTEM 7,84,308.00",IITB_COPT_BOQ,30,text
IITB_COPT_BOQ_p30_l61,EWATER SUPPLY PUMPS AND ACCESSORIES / EQUIPMENT,IITB_COPT_BOQ,30,text
IITB_COPT_BOQ_p30_l63,"1.0 Providing, fixing, testing and commissioning pumps of following capacity for Domestic &",IITB_COPT_BOQ,30,text
IITB_COPT_BOQ_p30_l64,Flushing Water supply distribution from UGT to OHT. Pumps to be vertical / Horizontal Split,IITB_COPT_BOQ,30,text
IITB_COPT_BOQ_p30_l65,"casing centrifugal stainless steel pumps with suitable for operation on 415 v, 3 phase 50 Hz",IITB_COPT_BOQ,30,text
IITB_COPT_BOQ_p30_l66,"Ac supply. Pump head and base shall be of C.I. construction, impellers, diffusers, shaft shall",IITB_COPT_BOQ,30,text
IITB_COPT_BOQ_p30_l67,"be in SS 304 construction. Motor shall be squirrel cage, induction motor TEFC, operating at",IITB_COPT_BOQ,30,text
IITB_COPT_BOQ_p30_l69,"x 6 mm for assembling the pump and the motor, flexible coupling and with coupling guard",IITB_COPT_BOQ,30,text
IITB_COPT_BOQ_p30_l70,for protection/safety including painting etc. as required.,IITB_COPT_BOQ,30,text
IITB_COPT_BOQ_p30_l71,"1.1Pumps with following specs of approved make . Set 1 67,012.00 67,012.00",IITB_COPT_BOQ,30,text
IITB_COPT_BOQ_p30_l72,Water Flow Rate : 4.0 LPS each pump,IITB_COPT_BOQ,30,text
IITB_COPT_BOQ_p31_l2,Purpose : Domestic system Transfer Pump.,IITB_COPT_BOQ,31,text
IITB_COPT_BOQ_p31_l3,1.2Pumps with following specs of approved make .,IITB_COPT_BOQ,31,text
IITB_COPT_BOQ_p31_l4,"Water Flow Rate : 2.5 LPS each pump Set 1 48,032.00 48,032.00",IITB_COPT_BOQ,31,text
IITB_COPT_BOQ_p31_l7,Purpose : Flushing system Transfer Pump,IITB_COPT_BOQ,31,text
IITB_COPT_BOQ_p31_l8,2.0 Providing and fixing heavey duty GI pipe C - Class for all pump suction / discharge line with,IITB_COPT_BOQ,31,text
IITB_COPT_BOQ_p31_l9,"common header complete with all fittings like elbow, tee, reducer, flange, union, etc.",IITB_COPT_BOQ,31,text
IITB_COPT_BOQ_p31_l10,conforming toIS:1239(Part1)forpipesand IS: 1879(Part 1to10)forfittingsincludingfixing,IITB_COPT_BOQ,31,text
IITB_COPT_BOQ_p31_l11,"in wall / ceiling / floor level, supported by galvanized clamps, hangers, vertical pipe support",IITB_COPT_BOQ,31,text
IITB_COPT_BOQ_p31_l12,etc including Anticorrosive Primer and Enamel paint complete etc. as required.,IITB_COPT_BOQ,31,text
IITB_COPT_BOQ_p31_l26,"perforated sheet basket including rubber gasket, flanges, nuts, bolts and washers & other",IITB_COPT_BOQ,31,text
IITB_COPT_BOQ_p31_l31,"metalseat,ISImarkedcompletewithnuts,bolts,washers,gasketsand conformingtoIS1538",IITB_COPT_BOQ,31,text
IITB_COPT_BOQ_p31_l36,250 PSI working pressure conforming to IS - 3624 having bourdon tube of stainless steel 310,IITB_COPT_BOQ,31,text
IITB_COPT_BOQ_p31_l37,"in cast aluminium, stove enamelled, black, weather proof case with outer, screwed",IITB_COPT_BOQ,31,text
IITB_COPT_BOQ_p31_l38,aluminium bezel and complete with necessary U-type stainless steel siphon tube and cock,IITB_COPT_BOQ,31,text
IITB_COPT_BOQ_p31_l39,including providing suitably painted angle iron support to the tube etc.as per specification,IITB_COPT_BOQ,31,text
IITB_COPT_BOQ_p31_l41,8.0 Providing and fixing Automatic Pump Control Panel for Operation & Control of pump-sets.,IITB_COPT_BOQ,31,text
IITB_COPT_BOQ_p31_l42,Pump shallstartatlowlevelsignalfrom thesensor andstop athighlevelsignal.Controllerto,IITB_COPT_BOQ,31,text
IITB_COPT_BOQ_p31_l43,switch pumps alternately for equal run time for both pumps.,IITB_COPT_BOQ,31,text
IITB_COPT_BOQ_p31_l49,-Motor status On/ Off/ Fail,IITB_COPT_BOQ,31,text
IITB_COPT_BOQ_p31_l53,"before manufacturing of the same. (FOR DOMESTIC PUMPS)No. 1 29,822.00 29,822.00",IITB_COPT_BOQ,31,text
IITB_COPT_BOQ_p31_l54,9.0 Providing and fixing Automatic Pump Control Panel for Operation & Control of pump-sets.,IITB_COPT_BOQ,31,text
IITB_COPT_BOQ_p31_l55,Pump shallstartatlowlevelsignalfrom thesensor andstop athighlevelsignal.Controllerto,IITB_COPT_BOQ,31,text
IITB_COPT_BOQ_p31_l56,switch pumps alternately for equal run time for both pumps.,IITB_COPT_BOQ,31,text
IITB_COPT_BOQ_p31_l62,-Motor status On/ Off/ Fail,IITB_COPT_BOQ,31,text
IITB_COPT_BOQ_p31_l66,"before manufacturing of the same. (FOR FLUSHING PUMPS)No. 1 27,479.00 27,479.00",IITB_COPT_BOQ,31,text
IITB_COPT_BOQ_p31_l67,"TOTAL OF WATER SUPPLY PUMPS AND ACCESSORIES / EQUIPMENT 4,07,005.00",IITB_COPT_BOQ,31,text
IITB_COPT_BOQ_p31_l69,AFIRE PUMPS & RELATED EQUIPMENT / ACCESSORIES,IITB_COPT_BOQ,31,text
IITB_COPT_BOQ_p31_l70,1.0DIESEL ENGINE DRIVEN PUMP,IITB_COPT_BOQ,31,text
IITB_COPT_BOQ_p31_l71,"Supplying, installation, testing and commissioning of diesel engine driven main fire pump",IITB_COPT_BOQ,31,text
IITB_COPT_BOQ_p31_l74,"Horizontal type, multistage, centrifugal pump of cast of iron body and bronze impeller with",IITB_COPT_BOQ,31,text
IITB_COPT_BOQ_p31_l75,"stainless steel shaft, mechanical seal conforming to IS 1520.",IITB_COPT_BOQ,31,text
IITB_COPT_BOQ_p32_l3,"diesel tank, exhaust pipe extended up to 10 m outside pump house duly insulated with 50",IITB_COPT_BOQ,32,text
IITB_COPT_BOQ_p32_l4,"mm thick glass wool with 1.0 mm thick aluminium sheet cladding, residential silencer,",IITB_COPT_BOQ,32,text
IITB_COPT_BOQ_p32_l6,"event of fault with audio indications, painted with post office red colour etc. as required.",IITB_COPT_BOQ,32,text
IITB_COPT_BOQ_p32_l7,"M.S fabricated, common base plate, coupling, coupling guard, foundation bolts etc. as",IITB_COPT_BOQ,32,text
IITB_COPT_BOQ_p32_l9,Suitable cement concrete foundation duly plastered and with anti vibration pads.,IITB_COPT_BOQ,32,text
IITB_COPT_BOQ_p32_l10,Note: *The head of the pump is selected in a manner so as to give a minimum 3.5kg/cm2,IITB_COPT_BOQ,32,text
IITB_COPT_BOQ_p32_l12,2.0JOCKEY PUMP,IITB_COPT_BOQ,32,text
IITB_COPT_BOQ_p32_l13,"Supplying, installation, testing and commissioning of electric driven pressurisation pump",IITB_COPT_BOQ,32,text
IITB_COPT_BOQ_p32_l17,"Horizontal type, multistage, centrifugal pump of cast iron body and bronze impeller with",IITB_COPT_BOQ,32,text
IITB_COPT_BOQ_p32_l18,"stainless steel shaft, mechanical seal conforming to IS : 1520.",IITB_COPT_BOQ,32,text
IITB_COPT_BOQ_p32_l19,"Suitable HP squirell cage induction motor TEFC type suitable for operation on 415 volts, 3",IITB_COPT_BOQ,32,text
IITB_COPT_BOQ_p32_l21,"type with Class-'F' insulation, conforming to IS : 325.",IITB_COPT_BOQ,32,text
IITB_COPT_BOQ_p32_l22,"M.S fabricated, common base plate, coupling, coupling guard, foundation bolts etc. as",IITB_COPT_BOQ,32,text
IITB_COPT_BOQ_p32_l24,Suitable cement concrete foundation duly plastered and with anti vibration pads.,IITB_COPT_BOQ,32,text
IITB_COPT_BOQ_p32_l25,3.0MAIN HYDRANT / SPRINKLER PUMP,IITB_COPT_BOQ,32,text
IITB_COPT_BOQ_p32_l27,"Sprinkler Pump suitable for automatic operation, capable to deliver 1620 LPM at 70 mtr",IITB_COPT_BOQ,32,text
IITB_COPT_BOQ_p32_l29,"(a) Horizontal type, multistage, centrifugal, split casing pump of cast iron body & bronze",IITB_COPT_BOQ,32,text
IITB_COPT_BOQ_p32_l30,"impeller with stainless steel shaft, mechanical seal conforming to IS 1520.",IITB_COPT_BOQ,32,text
IITB_COPT_BOQ_p32_l31,"(b) Suitable HP Squirrel cage induction motor, TEFC, synchronous speed 1500 RPM, suitable",IITB_COPT_BOQ,32,text
IITB_COPT_BOQ_p32_l33,"horizontal foot mounted type with Class-'F' insulation, conforming to IS-325.",IITB_COPT_BOQ,32,text
IITB_COPT_BOQ_p32_l34,"(c) M.S. fabricated Common base plate, coupling, coupling guard, foundation bolts etc. as",IITB_COPT_BOQ,32,text
IITB_COPT_BOQ_p32_l36,(d) Suitable cement concrete foundation duly plastered with anti vibration pads.,IITB_COPT_BOQ,32,text
IITB_COPT_BOQ_p32_l37,Note: *The head of the pump is selected in a manner so as to give a minimum 3.5kgf/cm2,IITB_COPT_BOQ,32,text
IITB_COPT_BOQ_p32_l39,4.0TERRACE BOOSTER PUMP,IITB_COPT_BOQ,32,text
IITB_COPT_BOQ_p32_l40,"Supplying, installation, testing and commissioning of electric driven terrace Booster pump",IITB_COPT_BOQ,32,text
IITB_COPT_BOQ_p32_l43,"(a) Horizontal type, multistage, centrifugal, split casing pump of cast iron body & bronze",IITB_COPT_BOQ,32,text
IITB_COPT_BOQ_p32_l44,"impeller with stainless steel shaft, mechanical confirming to IS : 1520",IITB_COPT_BOQ,32,text
IITB_COPT_BOQ_p32_l45,"b) Suitable HP squirell cage induction motor TEFC type suitable for operation on 415 volts, 3",IITB_COPT_BOQ,32,text
IITB_COPT_BOQ_p32_l47,"type with Class-'F' insulation, conforming to IS-325.",IITB_COPT_BOQ,32,text
IITB_COPT_BOQ_p32_l48,"(c) M.S. fabricated Common base plate, coupling, coupling guard, foundation bolts etc. as",IITB_COPT_BOQ,32,text
IITB_COPT_BOQ_p32_l50,(d) Suitable cement concrete foundation duly plastered with anti vibration pads.,IITB_COPT_BOQ,32,text
IITB_COPT_BOQ_p32_l51,"5.0 Providing, laying, testing & commissioning of ' C' class heavy duty GI pipe conforming to IS",IITB_COPT_BOQ,32,text
IITB_COPT_BOQ_p32_l52,"3589/IS 1239 including Welding, fittings like elbows, tees, flanges, tapers, nuts bolts, gaskets",IITB_COPT_BOQ,32,text
IITB_COPT_BOQ_p32_l53,etc. and fixing the pipe on the wall/ceiling with suitable clamp/support frame and painting,IITB_COPT_BOQ,32,text
IITB_COPT_BOQ_p32_l54,with two or more coats of synthetic enamel paint of required shade complete as required :,IITB_COPT_BOQ,32,text
IITB_COPT_BOQ_p32_l55,(For Pump Room Area),IITB_COPT_BOQ,32,text
IITB_COPT_BOQ_p32_l56,5.1 200mmnominaldia(wallthickness= 6.3mm)(MainSuction&MainDischargeHeader inthe,IITB_COPT_BOQ,32,text
IITB_COPT_BOQ_p32_l57,"Pump Room) Rmt 20 5,383.00 1,07,660.00",IITB_COPT_BOQ,32,text
IITB_COPT_BOQ_p32_l58,"5.2 150 mm nominal dia (Suction & Discharge Line for Main Hydrant Pump, Main Sprinkler",IITB_COPT_BOQ,32,text
IITB_COPT_BOQ_p32_l59,"Pump, Diesel Engine Driven Pump & Booster Pump) Rmt 30 5,019.00 1,50,570.00",IITB_COPT_BOQ,32,text
IITB_COPT_BOQ_p32_l60,"5.3100 mm nominal dia (Pump Test Drain Line) Rmt 5 3,487.00 17,435.00",IITB_COPT_BOQ,32,text
IITB_COPT_BOQ_p32_l61,"5.450 mm nominal dia (Suction & Discharge Line for Jockey Pump) Rmt 10 1,679.00 16,790.00",IITB_COPT_BOQ,32,text
IITB_COPT_BOQ_p32_l71,"7.1 150mm nominaldia (For MainHydrant, MainSprinkler &Diesel Engine Driven Pump Suction",IITB_COPT_BOQ,32,text
IITB_COPT_BOQ_p32_l72,"& Discharge, For Booser Pump Suction & Discharge, For External Hydrant & Sprinkler Line, For",IITB_COPT_BOQ,32,text
IITB_COPT_BOQ_p33_l1,"7.2100 mm nominal dia (For Pump Test Drain Line) Nos. 1 6,570.00 6,570.00",IITB_COPT_BOQ,33,text
IITB_COPT_BOQ_p33_l2,"7.3 50 mm nominal dia (For Hydrant & Sprinkler Jockey Pump Suction & Discharge line)Nos. 4 3,729.00 14,916.00",IITB_COPT_BOQ,33,text
IITB_COPT_BOQ_p33_l4,"Providing, installation, testing and commissioning of stainless steel Y-strainer fabricated out",IITB_COPT_BOQ,33,text
IITB_COPT_BOQ_p33_l5,"of 1.6 mm thick stainless steel, Grade 304, sheet with 3 mm dia holes with stainless steel",IITB_COPT_BOQ,33,text
IITB_COPT_BOQ_p33_l7,"8.1 150 mm nominal dia (For Main Hydrant, Sprinkler, Diesel Engine, Booster Pump Suction Line)Nos. 6 10,981.00 65,886.00",IITB_COPT_BOQ,33,text
IITB_COPT_BOQ_p33_l8,"8.250 mm nominal dia (For Jockey Hydrant & Sprinkler Pump Suction Line) Nos. 2 13,800.00 27,600.00",IITB_COPT_BOQ,33,text
IITB_COPT_BOQ_p33_l14,"Pump Discharge)Nos. 6 17,526.00 1,05,156.00",IITB_COPT_BOQ,33,text
IITB_COPT_BOQ_p33_l15,"9.350 mm nominal dia (For Hydrant & Sprinkler Jockey Pump Discharge) Nos. 2 5,705.00 11,410.00",IITB_COPT_BOQ,33,text
IITB_COPT_BOQ_p33_l17,Providing & fixing of pressure switch in M.S. pipe line including connection etc. as required.,IITB_COPT_BOQ,33,text
IITB_COPT_BOQ_p33_l18,"(For All Pump Outlet)Nos. 8 1,523.00 12,184.00",IITB_COPT_BOQ,33,text
IITB_COPT_BOQ_p33_l21,250 PSI working pressure conforming to IS - 3624 having bourdon tube of stainless steel 310,IITB_COPT_BOQ,33,text
IITB_COPT_BOQ_p33_l22,"in cast aluminium, stove enamelled, black, weather proof case with outer, screwed",IITB_COPT_BOQ,33,text
IITB_COPT_BOQ_p33_l23,aluminium bezel and complete with necessary U-type stainless steel siphon tube and cock,IITB_COPT_BOQ,33,text
IITB_COPT_BOQ_p33_l24,including providing suitably painted angle iron support to the tube etc.as per specification,IITB_COPT_BOQ,33,text
IITB_COPT_BOQ_p33_l25,"complete as required. (For Each Pump Suction & Discharge Line, For Sprinkler & Hydrant",IITB_COPT_BOQ,33,text
IITB_COPT_BOQ_p33_l26,"Header in the Pump Room & For Sprinkler Tap off line at each floor of each shaft)Set 39 2,875.00 1,12,125.00",IITB_COPT_BOQ,33,text
IITB_COPT_BOQ_p33_l28,"Supplying and fixing air vesselmadeof250mm dia,8mm thickMSsheet,1200mm inheight",IITB_COPT_BOQ,33,text
IITB_COPT_BOQ_p33_l29,"with air releasevalve on top and flanged connectionto riser,drain arrangement with 25mm",IITB_COPT_BOQ,33,text
IITB_COPT_BOQ_p33_l30,"dia gun metal wheel valve with required accessories, pressure gauge and painting with",IITB_COPT_BOQ,33,text
IITB_COPT_BOQ_p33_l31,"synthetic enamel paint of approved shade as required.Nos 1 17,978.00 17,978.00",IITB_COPT_BOQ,33,text
IITB_COPT_BOQ_p33_l34,"brass/bronze working parts comprising of water motor alarm, bronze seat clapper, clapper",IITB_COPT_BOQ,33,text
IITB_COPT_BOQ_p33_l37,"switch, cock valve complete with drain valve and bypass, test control box, ball valves, MS",IITB_COPT_BOQ,33,text
IITB_COPT_BOQ_p33_l38,"pipe of required size, flanges, orifice plate, gasket etc of following sizes as required :",IITB_COPT_BOQ,33,text
IITB_COPT_BOQ_p33_l41,bodywithforged brasshard chrome-platedsteelballtestedtoa pressurenotlessthan 16Kg,IITB_COPT_BOQ,33,text
IITB_COPT_BOQ_p33_l46,"metalseat,ISImarkedcompletewithnuts,bolts,washers,gasketsand conformingtoIS1538",IITB_COPT_BOQ,33,text
IITB_COPT_BOQ_p33_l48,"15.1150 mm nominal dia (For Main Hydrant, Sprinkler, Diesel Engine, Pump Suction Line)Nos. 3 28,750.00 86,250.00",IITB_COPT_BOQ,33,text
IITB_COPT_BOQ_p33_l49,"15.250 mm nominal dia (For Jockey Hydrant & Sprinkler Pump Suction Line) Nos. 2 8,625.00 17,250.00",IITB_COPT_BOQ,33,text
IITB_COPT_BOQ_p33_l50,"16.0 Providing & fixing MS fabricated, painting, etc. of Priming tank , piping at pump room about",IITB_COPT_BOQ,33,text
IITB_COPT_BOQ_p33_l52,the pipes to the pumps at pump room including approved pressure gauge with cock etc.,IITB_COPT_BOQ,33,text
IITB_COPT_BOQ_p33_l53,complete. It shall be fabricated from 8mm thick MS plate with painting. The scope shall also,IITB_COPT_BOQ,33,text
IITB_COPT_BOQ_p33_l54,"include piping to individual pump suction withfittings &valves, etc.complete (total5 nos.of",IITB_COPT_BOQ,33,text
IITB_COPT_BOQ_p33_l55,"pumps in the pump room)Job 1 32,775.00 32,775.00",IITB_COPT_BOQ,33,text
IITB_COPT_BOQ_p33_l56,"TOTAL FOR FIRE PUMPS & RELATED EQUIPMENT / ACCESSORIES 28,77,431.00",IITB_COPT_BOQ,33,text
IITB_COPT_BOQ_p33_l58,"1.0 Providing, laying, testing & commissioning of 'C' class heavy duty GI pipe conforming to IS",IITB_COPT_BOQ,33,text
IITB_COPT_BOQ_p33_l59,"3589/IS 1239 including Welding, fittings like elbows, tees, flanges, tapers, nuts bolts, gaskets",IITB_COPT_BOQ,33,text
IITB_COPT_BOQ_p33_l60,etc. and fixing the pipe on the wall/ceiling with suitable clamp/support frame and painting,IITB_COPT_BOQ,33,text
IITB_COPT_BOQ_p33_l61,with two or more coats of synthetic enamel paint of required shade complete as required :,IITB_COPT_BOQ,33,text
IITB_COPT_BOQ_p33_l62,"1.1150 mm nominal dia (Internal Hydrant Line & Terrace Level Booster Pump Line) Rmt150 5,019.00 7,52,850.00",IITB_COPT_BOQ,33,text
IITB_COPT_BOQ_p33_l65,instantaneous inlet couplings complete with cap and chain as reqd. for suitable dia MS pipe,IITB_COPT_BOQ,33,text
IITB_COPT_BOQ_p33_l67,"2.12 way - 100 mm dia M.S. Pipe Nos. 3 6,644.00 19,932.00",IITB_COPT_BOQ,33,text
IITB_COPT_BOQ_p33_l68,"2.24 way - 150 mm dia M.S. Pipe Nos. 1 13,770.00 13,770.00",IITB_COPT_BOQ,33,text
IITB_COPT_BOQ_p34_l2,"instantaneous FM Stainless Steel coupling and cast iron wheel, ISI marked, conforming to IS",IITB_COPT_BOQ,34,text
IITB_COPT_BOQ_p34_l3,5290 (type A) with blank Gunmetal/Stainless Steel cap and chain as required :,IITB_COPT_BOQ,34,text
IITB_COPT_BOQ_p34_l4,"3.1Single headed Stainless steel Nos. 10 6,049.00 60,490.00",IITB_COPT_BOQ,34,text
IITB_COPT_BOQ_p34_l5,4.0 Supplyingandfixing Doubleheadedinternalhydrantvalve withinstantaneousStainlessSteel,IITB_COPT_BOQ,34,text
IITB_COPT_BOQ_p34_l7,blank Gunmetal/Stainless Steel cap and chain as required :,IITB_COPT_BOQ,34,text
IITB_COPT_BOQ_p34_l8,"4.1Double headed Stainless steel Nos. 21 12,098.00 2,54,058.00",IITB_COPT_BOQ,34,text
IITB_COPT_BOQ_p34_l9,"5.0 Supplyingandfixing first-aidHoseReel withMSconstructionspraypainted inpostofficered,",IITB_COPT_BOQ,34,text
IITB_COPT_BOQ_p34_l11,(a)20mmnominalinternaldiawaterhosethermoplastic(Textilereinforced) type-2asperIS:,IITB_COPT_BOQ,34,text
IITB_COPT_BOQ_p34_l14,(c) Drum and brackets for fixing the equipment on wall.,IITB_COPT_BOQ,34,text
IITB_COPT_BOQ_p34_l15,(d) Connections from riser with 25 mm dia stop gun metal valve & M.S. Pipe and socket.,IITB_COPT_BOQ,34,text
IITB_COPT_BOQ_p34_l17,"6.0 Supplying and fixing 63 mm dia, 15 m long RRL hose pipe with 63 mm dia male and female",IITB_COPT_BOQ,34,text
IITB_COPT_BOQ_p34_l19,"6.1Stainless Steel (Grade 304) Nos. 31 4,383.00 1,35,873.00",IITB_COPT_BOQ,34,text
IITB_COPT_BOQ_p34_l20,7.0 Supplying & fixing 63 mm dia stainless Steel short branch pipe with 20 mm nominal internal,IITB_COPT_BOQ,34,text
IITB_COPT_BOQ_p34_l22,interconnect hose pipe coupling as,IITB_COPT_BOQ,34,text
IITB_COPT_BOQ_p34_l23,"7.1Stainless Steel (Grade 304) Nos. 31 1,638.00 50,778.00",IITB_COPT_BOQ,34,text
IITB_COPT_BOQ_p34_l25,mtr made out of MS sheet of 16 gauge thickness having central opening and 4 mm thick,IITB_COPT_BOQ,34,text
IITB_COPT_BOQ_p34_l26,"glazed glass doors (Two nos.) suitably marked on the outside with the letters ""FIRE HOSE""",IITB_COPT_BOQ,34,text
IITB_COPT_BOQ_p34_l27,including necessary locking arrangement and shall be painted with two coats red colour.,IITB_COPT_BOQ,34,text
IITB_COPT_BOQ_p34_l29,Hose pipe & 1 No branch pipe nozzle. It shall be mounted on raised Brick platform complete,IITB_COPT_BOQ,34,text
IITB_COPT_BOQ_p34_l33,(height)x0.25mtrmadeout ofMSsheetof16gauge thicknesshaving centralopening and4,IITB_COPT_BOQ,34,text
IITB_COPT_BOQ_p34_l34,"mm thick glazed glass doors (Two nos.) suitably marked on the outside with the letters""FIRE",IITB_COPT_BOQ,34,text
IITB_COPT_BOQ_p34_l35,"HOSE"" including necessary locking arrangement and shall be painted with two coats red",IITB_COPT_BOQ,34,text
IITB_COPT_BOQ_p34_l37,mtr long Hose pipe & 1 No branch pipe nozzle. It shall be mounted on raised Brick platform,IITB_COPT_BOQ,34,text
IITB_COPT_BOQ_p34_l40,10.0 Supplying and fixing orifice plate made out of 6 mm thick stainless steel (Grade 304) with,IITB_COPT_BOQ,34,text
IITB_COPT_BOQ_p34_l46,"12.0 Providing laying, testing & commissioning of 'C' class heavy duty GI Pipe conforming to IS",IITB_COPT_BOQ,34,text
IITB_COPT_BOQ_p34_l47,"1239/3589 i/c fittings like elbows, tees, flanges, tapers, nuts bolts, gaskets etc. in ground",IITB_COPT_BOQ,34,text
IITB_COPT_BOQ_p34_l48,"including welding, excavation &",IITB_COPT_BOQ,34,text
IITB_COPT_BOQ_p34_l49,"providing cement concrete blocks as supports, anticorrosive treatment with coal tar/asphalt",IITB_COPT_BOQ,34,text
IITB_COPT_BOQ_p34_l50,"tape as per IS 10221, refilling the trench etc. of following sizes complete as required.",IITB_COPT_BOQ,34,text
IITB_COPT_BOQ_p34_l54,"1.0 Providing, laying, testing & commissioning of 'C' class heavy duty GI pipe conforming to IS",IITB_COPT_BOQ,34,text
IITB_COPT_BOQ_p34_l55,"3589/IS 1239 including Welding, fittings like elbows, tees, flanges, tapers, nuts bolts, gaskets",IITB_COPT_BOQ,34,text
IITB_COPT_BOQ_p34_l56,etc. and fixing the pipe on the wall/ceiling with suitable clamp/support frame and painting,IITB_COPT_BOQ,34,text
IITB_COPT_BOQ_p34_l57,with two or more coats of synthetic enamel paint of required shade complete as required :,IITB_COPT_BOQ,34,text
IITB_COPT_BOQ_p35_l9,"3.3Horizontal Side Wall Sprinkler Nos 50 608.00 30,400.00",IITB_COPT_BOQ,35,text
IITB_COPT_BOQ_p35_l11,"4.0 Supplying, installation, testing & commissioning of sprinkler flexible pipe (UL Listed) of",IITB_COPT_BOQ,35,text
IITB_COPT_BOQ_p35_l12,stainless steel complete with 15 NPT on reducer thread with maximum working pressure of,IITB_COPT_BOQ,35,text
IITB_COPT_BOQ_p35_l17,"5.0 Providing, fixing, testing and commissioning of drain test assembly complete with pipe, drain",IITB_COPT_BOQ,35,text
IITB_COPT_BOQ_p35_l20,6.0 Providing and Fixing electricallyoperatedwater flowswitches(Paddletype) includingtamper,IITB_COPT_BOQ,35,text
IITB_COPT_BOQ_p35_l26,8.0 Supplying and fixing orifice plate m ade out of 6 mm thick stainless steel (Grade 304) with,IITB_COPT_BOQ,35,text
IITB_COPT_BOQ_p35_l29,"9.0 Providing laying, testing & commissioning of 'C' class heavy duty GI Pipe conforming to IS",IITB_COPT_BOQ,35,text
IITB_COPT_BOQ_p35_l30,"1239/3589 i/c fittings like elbows, tees, flanges, tapers, nuts bolts, gaskets etc. in ground",IITB_COPT_BOQ,35,text
IITB_COPT_BOQ_p35_l31,"including welding, excavation &",IITB_COPT_BOQ,35,text
IITB_COPT_BOQ_p35_l32,"providing cement concrete blocks as supports, anticorrosive treatment with coal tar/asphalt",IITB_COPT_BOQ,35,text
IITB_COPT_BOQ_p35_l33,"tape as per IS 10221, refilling the trench etc. of following sizes complete as required.",IITB_COPT_BOQ,35,text
IITB_COPT_BOQ_p35_l34,"9.1 150 mm nominal dia (External Sprinkler Line from Pump Room to Building Shaft-1,2 & 3)",IITB_COPT_BOQ,35,text
IITB_COPT_BOQ_p35_l39,provision of wall bracket (fixed with anchor fastener).,IITB_COPT_BOQ,35,text
IITB_COPT_BOQ_p35_l40,"1.1 ISImarked (IS:15683:2018) ABC type fireextinguisher of9 Kgs. Capacity, withinitial fillingin",IITB_COPT_BOQ,35,text
IITB_COPT_BOQ_p35_l41,"brand new cylinder with powder coated finish, fitted with EPDM discharge hose, wall",IITB_COPT_BOQ,35,text
IITB_COPT_BOQ_p35_l43,"Class A:6A and B: 183B. complete, confirming to IS. (For Each Floor near Staircase, For Each",IITB_COPT_BOQ,35,text
IITB_COPT_BOQ_p35_l44,"Floor Electrical Panel Room, UPS Room, ELV Room, For Pump Room & For Lift Machine RoomNos. 41 4,025.00 1,65,025.00",IITB_COPT_BOQ,35,text
IITB_COPT_BOQ_p35_l45,1.2Galvanised mild steel Fire bucket with clean sand & stand in accordance with IS 2546. Fire,IITB_COPT_BOQ,35,text
IITB_COPT_BOQ_p35_l46,"bucket shall have two coats of anti corrosive paint, two coats of red colour conforming to",IITB_COPT_BOQ,35,text
IITB_COPT_BOQ_p35_l47,shade No. 536or 538of IS5. The paint shallconform toIS 2932on itsoutside &two coatsof,IITB_COPT_BOQ,35,text
IITB_COPT_BOQ_p35_l48,"white paint on the inside. The word ""FIRE"" shall be clearly stencilled on it in accordance with",IITB_COPT_BOQ,35,text
IITB_COPT_BOQ_p35_l51,"accessories, consumables, fittings & rigging equipment necessary for the satisfactory",IITB_COPT_BOQ,35,text
IITB_COPT_BOQ_p35_l52,"installationofthesame.(For EachFloor ElectricalPanelRoom,For FirePump Room&ForLift",IITB_COPT_BOQ,35,text
IITB_COPT_BOQ_p35_l54,"1.3 ISI marked (IS:15683:2018 ) CO2 type fire extinguisher of 4.5 Kgs. Capacity, with initial filling",IITB_COPT_BOQ,35,text
IITB_COPT_BOQ_p35_l55,"in brand new cylinder with powder coated finish, fitted with EPDM discharge hose, wall",IITB_COPT_BOQ,35,text
IITB_COPT_BOQ_p35_l57,"Class A:6A and B: 183B. complete, confirming to IS. (For Each Floor Electrical Panel Room,",IITB_COPT_BOQ,35,text
IITB_COPT_BOQ_p35_l58,"UPS Room, ELV Room, For Pump Room & For Lift Machine Room)Nos. 19 3,450.00 65,550.00",IITB_COPT_BOQ,35,text
IITB_COPT_BOQ_p36_l1,"1.0Outdoor Units of VRF System Supply Installation, Testing & Commissioning of modular type",IITB_COPT_BOQ,36,text
IITB_COPT_BOQ_p36_l2,Variable Refrigerant Flow/Variable Refrigerant Volume air cooled Outdoor units suitable for,IITB_COPT_BOQ,36,text
IITB_COPT_BOQ_p36_l6,suitable foundation etc. complete as required. The unit shall deliver the rated capacity at,IITB_COPT_BOQ,36,text
IITB_COPT_BOQ_p36_l7,AHRIConditionsand workevenat50°Cambienttemperaturewithout tripping.The unit shall,IITB_COPT_BOQ,36,text
IITB_COPT_BOQ_p36_l17,"2.0FourWayCassettetypeVRF IndoorUnits_ Supply,installation, testing and commissioningof",IITB_COPT_BOQ,36,text
IITB_COPT_BOQ_p36_l18,following minimum capacity 4-way flow VRV/VRF Cassette Type Indoor ceiling mounted unit,IITB_COPT_BOQ,36,text
IITB_COPT_BOQ_p36_l20,"fan/dynamically balanced blower, multispeed motor, coil section with DX Copper coil,",IITB_COPT_BOQ,36,text
IITB_COPT_BOQ_p36_l21,"electronic expansion valve, outer cabinet, drain pump, grill, necessary supports, vibration",IITB_COPT_BOQ,36,text
IITB_COPT_BOQ_p36_l24,provision in case of fire on receiving signal from BMS System. The cooling capacity of indoor,IITB_COPT_BOQ,36,text
IITB_COPT_BOQ_p36_l27,"3.0FourWayCassettetypeVRF IndoorUnits_ Supply,installation, testing and commissioningof",IITB_COPT_BOQ,36,text
IITB_COPT_BOQ_p36_l28,following minimum capacity 4-way flow VRV/VRF Cassette Type Indoor ceiling mounted unit,IITB_COPT_BOQ,36,text
IITB_COPT_BOQ_p36_l30,"fan/dynamically balanced blower, multispeed motor, coil section with DX Copper coil,",IITB_COPT_BOQ,36,text
IITB_COPT_BOQ_p36_l31,"electronic expansion valve, outer cabinet, drain pump, grill, necessary supports, vibration",IITB_COPT_BOQ,36,text
IITB_COPT_BOQ_p36_l34,provision in case of fire on receiving signal from BMS System. The cooling capacity of indoor,IITB_COPT_BOQ,36,text
IITB_COPT_BOQ_p36_l37,"4.0FourWayCassettetypeVRF IndoorUnits_ Supply,installation, testing and commissioningof",IITB_COPT_BOQ,36,text
IITB_COPT_BOQ_p36_l38,following minimum capacity 4-way flow VRV/VRF Cassette Type Indoor ceiling mounted unit,IITB_COPT_BOQ,36,text
IITB_COPT_BOQ_p36_l40,"fan/dynamically balanced blower, multispeed motor, coil section with DX Copper coil,",IITB_COPT_BOQ,36,text
IITB_COPT_BOQ_p36_l41,"electronic expansion valve, outer cabinet, drain pump, grill, necessary supports, vibration",IITB_COPT_BOQ,36,text
IITB_COPT_BOQ_p36_l44,provision in case of fire on receiving signal from BMS System. The cooling capacity of indoor,IITB_COPT_BOQ,36,text
IITB_COPT_BOQ_p36_l47,"5.0FourWayCassettetypeVRF IndoorUnits_ Supply,installation, testing and commissioningof",IITB_COPT_BOQ,36,text
IITB_COPT_BOQ_p36_l48,following minimum capacity 4-way flow VRV/VRF Cassette Type Indoor ceiling mounted unit,IITB_COPT_BOQ,36,text
IITB_COPT_BOQ_p36_l50,"fan/dynamically balanced blower, multispeed motor, coil section with DX Copper coil,",IITB_COPT_BOQ,36,text
IITB_COPT_BOQ_p36_l51,"electronic expansion valve, outer cabinet, drain pump, grill, necessary supports, vibration",IITB_COPT_BOQ,36,text
IITB_COPT_BOQ_p36_l54,provision in case of fire on receiving signal from BMS System. The cooling capacity of indoor,IITB_COPT_BOQ,36,text
IITB_COPT_BOQ_p36_l57,"6.0FourWayCassettetypeVRF IndoorUnits_ Supply,installation, testing and commissioningof",IITB_COPT_BOQ,36,text
IITB_COPT_BOQ_p36_l58,following minimum capacity 4-way flow VRV/VRF Cassette Type Indoor ceiling mounted unit,IITB_COPT_BOQ,36,text
IITB_COPT_BOQ_p36_l60,"fan/dynamically balanced blower, multispeed motor, coil section with DX Copper coil,",IITB_COPT_BOQ,36,text
IITB_COPT_BOQ_p36_l61,"electronic expansion valve, outer cabinet, drain pump, grill, necessary supports, vibration",IITB_COPT_BOQ,36,text
IITB_COPT_BOQ_p36_l64,provision in case of fire on receiving signal from BMS System. The cooling capacity of indoor,IITB_COPT_BOQ,36,text
IITB_COPT_BOQ_p37_l1,"7.0FourWayCassettetypeVRF IndoorUnits_ Supply,installation, testing and commissioningof",IITB_COPT_BOQ,37,text
IITB_COPT_BOQ_p37_l2,following minimum capacity 4-way flow VRV/VRF Cassette Type Indoor ceiling mounted unit,IITB_COPT_BOQ,37,text
IITB_COPT_BOQ_p37_l4,"fan/dynamically balanced blower, multispeed motor, coil section with DX Copper coil,",IITB_COPT_BOQ,37,text
IITB_COPT_BOQ_p37_l5,"electronic expansion valve, outer cabinet, drain pump, grill, necessary supports, vibration",IITB_COPT_BOQ,37,text
IITB_COPT_BOQ_p37_l8,provision in case of fire on receiving signal from BMS System. The cooling capacity of indoor,IITB_COPT_BOQ,37,text
IITB_COPT_BOQ_p37_l11,"9.0One Way Cassette type VRF Indoor Units_ Supply, installation, testing and commissioning of",IITB_COPT_BOQ,37,text
IITB_COPT_BOQ_p37_l12,following minimum capacity 1-way flow VRV/VRF Cassette Type Indoor ceiling mounted unit,IITB_COPT_BOQ,37,text
IITB_COPT_BOQ_p37_l14,"fan/dynamically balanced blower, multispeed motor, coil section with DX Copper coil,",IITB_COPT_BOQ,37,text
IITB_COPT_BOQ_p37_l15,"electronic expansion valve, outer cabinet, drain pump, grill, necessary supports, vibration",IITB_COPT_BOQ,37,text
IITB_COPT_BOQ_p37_l18,provision in case of fire on receiving signal from BMS System. The cooling capacity of indoor,IITB_COPT_BOQ,37,text
IITB_COPT_BOQ_p37_l21,"10.0Ductable type VRF Indoor Units_ Supply, installation,testing and commissioning offollowing",IITB_COPT_BOQ,37,text
IITB_COPT_BOQ_p37_l23,"Indoor unit equipped with washable synthetic media pre-filter, fan section with low noise",IITB_COPT_BOQ,37,text
IITB_COPT_BOQ_p37_l24,"fan/dynamically balanced blower, multispeed motor, coil section with DX copper coil,",IITB_COPT_BOQ,37,text
IITB_COPT_BOQ_p37_l25,"electronic expansion valve, corded remote control, outer cabinet, vibration isolators, drain",IITB_COPT_BOQ,37,text
IITB_COPT_BOQ_p37_l28,case of fire on receiving signal from BMS System. The cooling capacity of indoor unit will be,IITB_COPT_BOQ,37,text
IITB_COPT_BOQ_p37_l31,"11.0Ductable type VRF Indoor Units_ Supply, installation,testing and commissioning offollowing",IITB_COPT_BOQ,37,text
IITB_COPT_BOQ_p37_l33,"Indoor unit equipped with washable synthetic media pre-filter, fan section with low noise",IITB_COPT_BOQ,37,text
IITB_COPT_BOQ_p37_l34,"fan/dynamically balanced blower, multispeed motor, coil section with DX copper coil,",IITB_COPT_BOQ,37,text
IITB_COPT_BOQ_p37_l35,"electronic expansion valve, corded remote control, outer cabinet, vibration isolators, drain",IITB_COPT_BOQ,37,text
IITB_COPT_BOQ_p37_l38,case of fire on receiving signal from BMS System. The cooling capacity of indoor unit will be,IITB_COPT_BOQ,37,text
IITB_COPT_BOQ_p37_l41,"12.0Ductable type VRF Indoor Units_ Supply, installation,testing and commissioning offollowing",IITB_COPT_BOQ,37,text
IITB_COPT_BOQ_p37_l43,"Indoor unit equipped with washable synthetic media pre-filter, fan section with low noise",IITB_COPT_BOQ,37,text
IITB_COPT_BOQ_p37_l44,"fan/dynamically balanced blower, multispeed motor, coil section with DX copper coil,",IITB_COPT_BOQ,37,text
IITB_COPT_BOQ_p37_l45,"electronic expansion valve, corded remote control, outer cabinet, vibration isolators, drain",IITB_COPT_BOQ,37,text
IITB_COPT_BOQ_p37_l48,case of fire on receiving signal from BMS System. The cooling capacity of indoor unit will be,IITB_COPT_BOQ,37,text
IITB_COPT_BOQ_p37_l51,"13.0Ductable type VRF Indoor Units_ Supply, installation,testing and commissioning offollowing",IITB_COPT_BOQ,37,text
IITB_COPT_BOQ_p37_l53,"Indoor unit equipped with washable synthetic media pre-filter, fan section with low noise",IITB_COPT_BOQ,37,text
IITB_COPT_BOQ_p37_l54,"fan/dynamically balanced blower, multispeed motor, coil section with DX copper coil,",IITB_COPT_BOQ,37,text
IITB_COPT_BOQ_p37_l55,"electronic expansion valve, corded remote control, outer cabinet, vibration isolators, drain",IITB_COPT_BOQ,37,text
IITB_COPT_BOQ_p37_l58,case of fire on receiving signal from BMS System. The cooling capacity of indoor unit will be,IITB_COPT_BOQ,37,text
IITB_COPT_BOQ_p37_l61,"14.0TFA Ductable Type VRF Indoor Units_ Supply, installation, testing and commissioning of",IITB_COPT_BOQ,37,text
IITB_COPT_BOQ_p37_l63,"type Indoor unit equipped with washable synthetic media pre-filter, fan section with low",IITB_COPT_BOQ,37,text
IITB_COPT_BOQ_p37_l64,"noise fan/dynamically balanced blower, multispeed motor, coil section with DX copper coil,",IITB_COPT_BOQ,37,text
IITB_COPT_BOQ_p37_l65,"electronic expansion valve, corded remote control, outer cabinet, vibration isolators, drain",IITB_COPT_BOQ,37,text
IITB_COPT_BOQ_p37_l68,case of fire on receiving signal from BMS System. The cooling capacity of indoor unit will be,IITB_COPT_BOQ,37,text
IITB_COPT_BOQ_p38_l1,"15.0TFA Ductable Type VRF Indoor Units_ Supply, installation, testing and commissioning of",IITB_COPT_BOQ,38,text
IITB_COPT_BOQ_p38_l3,"type Indoor unit equipped with washable synthetic media pre-filter, fan section with low",IITB_COPT_BOQ,38,text
IITB_COPT_BOQ_p38_l4,"noise fan/dynamically balanced blower, multispeed motor, coil section with DX copper coil,",IITB_COPT_BOQ,38,text
IITB_COPT_BOQ_p38_l5,"electronic expansion valve, corded remote control, outer cabinet, vibration isolators, drain",IITB_COPT_BOQ,38,text
IITB_COPT_BOQ_p38_l8,case of fire on receiving signal from BMS System. The cooling capacity of indoor unit will be,IITB_COPT_BOQ,38,text
IITB_COPT_BOQ_p38_l12,"Controller for entire VRV system , the scope includesthe controlwiring and conduting ofthe",IITB_COPT_BOQ,38,text
IITB_COPT_BOQ_p38_l16,"Remotes for cassette type indoor units , the scope includes the control wiring and conduting",IITB_COPT_BOQ,38,text
IITB_COPT_BOQ_p38_l20,"RemotesforDuctabletype indoorunits&forTFAUnits,thescope includesthe controlwiring",IITB_COPT_BOQ,38,text
IITB_COPT_BOQ_p38_l23,19.0Branch Distribution refrigerant Pipe joints with precase insulation SITC of Imported Branch,IITB_COPT_BOQ,38,text
IITB_COPT_BOQ_p38_l30,"refrigerant piping for VRV/VRF system, complete with fittings, with suitable adjustable ring",IITB_COPT_BOQ,38,text
IITB_COPT_BOQ_p38_l32,tubular insulation/with Class-O closed cell elasto metric nitrile rubber tubular sleeves,IITB_COPT_BOQ,38,text
IITB_COPT_BOQ_p38_l35,"6.4mm dia with tube thickness 1.2 mm with 19 mm thick InsulationRmt 10 336.00 3,360.00",IITB_COPT_BOQ,38,text
IITB_COPT_BOQ_p38_l39,"refrigerant piping for VRV/VRF system, complete with fittings, with suitable adjustable ring",IITB_COPT_BOQ,38,text
IITB_COPT_BOQ_p38_l41,tubular insulation/with Class-O closed cell elasto metric nitrile rubber tubular sleeves,IITB_COPT_BOQ,38,text
IITB_COPT_BOQ_p38_l44,"9.5 mm dia with tube thickness 1.2 mm with 19 mm thick InsulationRmt 925 470.00 4,34,750.00",IITB_COPT_BOQ,38,text
IITB_COPT_BOQ_p38_l48,"refrigerant piping for VRV/VRF system, complete with fittings, with suitable adjustable ring",IITB_COPT_BOQ,38,text
IITB_COPT_BOQ_p38_l50,tubular insulation/with Class-O closed cell elastomeric nitrile rubber tubular sleeves sections,IITB_COPT_BOQ,38,text
IITB_COPT_BOQ_p38_l53,"12.7 mm dia with tube thickness 1.2 mm with 19 mm thick InsulationRmt 620 598.00 3,70,760.00",IITB_COPT_BOQ,38,text
IITB_COPT_BOQ_p38_l57,"refrigerant piping for VRV/VRF system, complete with fittings, with suitable adjustable ring",IITB_COPT_BOQ,38,text
IITB_COPT_BOQ_p38_l59,tubular insulation/with Class-O closed cell elastomeric nitrile rubber tubular sleeves sections,IITB_COPT_BOQ,38,text
IITB_COPT_BOQ_p38_l62,"15.86 mm dia with tube thickness 1.2 mm with 19 mm thick InsulationRmt 895 853.00 7,63,435.00",IITB_COPT_BOQ,38,text
IITB_COPT_BOQ_p38_l66,"refrigerant piping for VRV/VRF system, complete with fittings, with suitable adjustable ring",IITB_COPT_BOQ,38,text
IITB_COPT_BOQ_p38_l68,tubular insulation/with Class-O closed cell elastomeric nitrile rubber tubular sleeves sections,IITB_COPT_BOQ,38,text
IITB_COPT_BOQ_p38_l71,"19 mm dia with tube thickness 1.2 mm with 19 mm thick InsulationRmt 175 868.00 1,51,900.00",IITB_COPT_BOQ,38,text
IITB_COPT_BOQ_p39_l4,"refrigerant piping for VRV/VRF system, complete with fittings, with suitable adjustable ring",IITB_COPT_BOQ,39,text
IITB_COPT_BOQ_p39_l6,tubular insulation/with Class-O closed cell elastomeric nitrile rubber tubular sleeves sections,IITB_COPT_BOQ,39,text
IITB_COPT_BOQ_p39_l9,"22.2 mm dia with tube thickness 1.2 mm with 19 mm thick InsulationRmt 710 990.00 7,02,900.00",IITB_COPT_BOQ,39,text
IITB_COPT_BOQ_p39_l13,"refrigerant piping for VRV/VRF system, complete with fittings, with suitable adjustable ring",IITB_COPT_BOQ,39,text
IITB_COPT_BOQ_p39_l15,tubular insulation/with Class-O closed cell elastomeric nitrile rubber tubular sleeves sections,IITB_COPT_BOQ,39,text
IITB_COPT_BOQ_p39_l18,"28.58 mm dia with tube thickness 1.2 mm with 19 mm thick InsulationRmt 160 1,541.00 2,46,560.00",IITB_COPT_BOQ,39,text
IITB_COPT_BOQ_p39_l22,"refrigerant piping for VRV/VRF system, complete with fittings, with suitable adjustable ring",IITB_COPT_BOQ,39,text
IITB_COPT_BOQ_p39_l24,tubular insulation/with Class-O closed cell elastomeric nitrile rubber tubular sleeves sections,IITB_COPT_BOQ,39,text
IITB_COPT_BOQ_p39_l27,"34.9 mm dia with tube thickness 1.62 mm with 19 mm thick InsulationRmt 320 2,185.00 6,99,200.00",IITB_COPT_BOQ,39,text
IITB_COPT_BOQ_p39_l31,"refrigerant piping for VRV/VRF system, complete with fittings, with suitable adjustable ring",IITB_COPT_BOQ,39,text
IITB_COPT_BOQ_p39_l33,tubular insulation/with Class-O closed cell elastomeric nitrile rubber tubular sleeves sections,IITB_COPT_BOQ,39,text
IITB_COPT_BOQ_p39_l36,"41.27 mm dia with tube thickness 1.62 mm with 19 mm thick InsulationRmt 420 2,944.00 12,36,480.00",IITB_COPT_BOQ,39,text
IITB_COPT_BOQ_p39_l38,"indoor units & outdoor units. 4C x 2.5 Sq.mm 2XWY XLPE insulated, PVC inner sheathed,",IITB_COPT_BOQ,39,text
IITB_COPT_BOQ_p39_l40,30.0PVC Drain - Providing and fixing of PVC Drain Piping Duly Insulated with 9 mm Nitrile Rubber,IITB_COPT_BOQ,39,text
IITB_COPT_BOQ_p39_l42,31.0PVC Drain - Providing and fixing of PVC Drain Piping Duly Insulated with 9 mm Nitrile Rubber,IITB_COPT_BOQ,39,text
IITB_COPT_BOQ_p39_l44,32.0PVC Drain - Providing and fixing of PVC Drain Piping Duly Insulated with 9 mm Nitrile Rubber,IITB_COPT_BOQ,39,text
IITB_COPT_BOQ_p39_l46,33.0PVC Drain - Providing and fixing of PVC Drain Piping Duly Insulated with 9 mm Nitrile Rubber,IITB_COPT_BOQ,39,text
IITB_COPT_BOQ_p39_l51,"ceiling with suspenders/Angle supports, fixed on ceiling/walls/false flooring on fasteners etc",IITB_COPT_BOQ,39,text
IITB_COPT_BOQ_p39_l56,"ceiling with suspenders/Angle supports, fixed on ceiling/walls/false flooring on fasteners etc",IITB_COPT_BOQ,39,text
IITB_COPT_BOQ_p39_l61,"ceiling with suspenders/Angle supports, fixed on ceiling/walls/false flooring on fasteners etc",IITB_COPT_BOQ,39,text
IITB_COPT_BOQ_p40_l1,"1.0 Supply, Installation, testing & commissioning of Ceiling Suspended / Floor Mounted Double",IITB_COPT_BOQ,40,text
IITB_COPT_BOQ_p40_l2,Skinned AHU with Sandwiched insulated sectionalized construction having thermal break,IITB_COPT_BOQ,40,text
IITB_COPT_BOQ_p40_l3,profile with Mixing chamber and vibration isolations Comprising of Fan section with,IITB_COPT_BOQ,40,text
IITB_COPT_BOQ_p40_l8,"(Ultra Violet Germicidal Irradiation) system, condensate drain pan duly insulated with cross",IITB_COPT_BOQ,40,text
IITB_COPT_BOQ_p40_l9,"linked polymer, insulated drain piping; complete with flexible couplings at each coil",IITB_COPT_BOQ,40,text
IITB_COPT_BOQ_p40_l11,header; floor mounted unit to be installed on Cushy foot type vibration isolators with 95%,IITB_COPT_BOQ,40,text
IITB_COPT_BOQ_p40_l15,power cable up to starter panel shall be in electrical Contractor's scope and down stream,IITB_COPT_BOQ,40,text
IITB_COPT_BOQ_p40_l20,1.2 1200 CFM / 4.5 TR / 25 mm ESP (Floor Mounted) (AHU to be provided with Terminal HEPA,IITB_COPT_BOQ,40,text
IITB_COPT_BOQ_p40_l24,"Decorative LCD Display Room Controller with 10 Rmt control wire and conduit for AHUs Nos. 3 10,994.00 32,982.00",IITB_COPT_BOQ,40,text
IITB_COPT_BOQ_p40_l26,CSHEET METAL WORK,IITB_COPT_BOQ,40,text
IITB_COPT_BOQ_p40_l27,"1 Supply, installation, balancing and commissioning of factory fabricated GSS sheet metal",IITB_COPT_BOQ,40,text
IITB_COPT_BOQ_p40_l30,following sheet thickness complete as required.,IITB_COPT_BOQ,40,text
IITB_COPT_BOQ_p40_l32,"2Sheet Metal Work_ Supply, installation, balancing and commissioning of factory fabricated",IITB_COPT_BOQ,40,text
IITB_COPT_BOQ_p40_l33,"GSS sheet metal rectangular/round ducting complete with neoprene rubber gaskets,elbows,",IITB_COPT_BOQ,40,text
IITB_COPT_BOQ_p40_l35,of following sheet thickness complete as required.,IITB_COPT_BOQ,40,text
IITB_COPT_BOQ_p40_l55,"branch and return air path as and where required size including control wiring, the damper",IITB_COPT_BOQ,40,text
IITB_COPT_BOQ_p40_l56,shall be motorized and spring return so as to close the damper in the event of Power failure,IITB_COPT_BOQ,40,text
IITB_COPT_BOQ_p40_l63,volume air flow controller with damper for fresh air distribution to indoor units with all,IITB_COPT_BOQ,40,text
IITB_COPT_BOQ_p40_l65,12AHU Room Acoustic Insulation - Supply and fixing of acoustic lining on wall and ceiling of,IITB_COPT_BOQ,40,text
IITB_COPT_BOQ_p40_l66,"AHURoomswith 50mm thick,density32kg/cu.m.resinbondedglassfiberinsulationfriction",IITB_COPT_BOQ,40,text
IITB_COPT_BOQ_p40_l68,GI Sheet U shaped channel & covered witn reinforced fiber glass tissue and finished with 0.8,IITB_COPT_BOQ,40,text
IITB_COPT_BOQ_p40_l69,"mm perforated aluminium sheet etc. complete as per specification and as required.Sqm. 10 1,211.00 12,110.00",IITB_COPT_BOQ,40,text
IITB_COPT_BOQ_p41_l1,13Duct Thermal Insulation - Supplying and fixing of following thickness duly laminated,IITB_COPT_BOQ,41,text
IITB_COPT_BOQ_p41_l2,"aluminium foil of mat finish closed cell Nitrile rubber (Class ""O"") insulation on existing duct",IITB_COPT_BOQ,41,text
IITB_COPT_BOQ_p41_l4,and3mmthickselfadhesivenitrilerubbertapeinsulationcompleteasper specificationsand,IITB_COPT_BOQ,41,text
IITB_COPT_BOQ_p41_l7,14Duct Acoustic Insulation - Supply and fixing of acoustic lining of supply air duct and plenum,IITB_COPT_BOQ,41,text
IITB_COPT_BOQ_p41_l10,tissue paper and 0.5 mm thick perforated aluminium sheet fixed to inside surface of ducts,IITB_COPT_BOQ,41,text
IITB_COPT_BOQ_p41_l13,"15Underdeck Insulation - Supply, fixing & thermal lining below RCC slab insulated with Resin",IITB_COPT_BOQ,41,text
IITB_COPT_BOQ_p41_l16,"90B, LIFE SAFETY CODE NFPA101 & 120 Minutes fire rating as per building insulation",IITB_COPT_BOQ,41,text
IITB_COPT_BOQ_p41_l17,"requirements) , applied below slab with the help of screw & washer - Cross wire system and",IITB_COPT_BOQ,41,text
IITB_COPT_BOQ_p41_l21,"TOTAL FOR SHEET METAL WORK 1,42,62,959.00",IITB_COPT_BOQ,41,text
IITB_COPT_BOQ_p41_l26,internally acoustically lined and constructed of galvanised steel. The inline fan shall be with,IITB_COPT_BOQ,41,text
IITB_COPT_BOQ_p41_l28,"with maintenance free external rotor motor, flexible connections at the discharge & inlet.",IITB_COPT_BOQ,41,text
IITB_COPT_BOQ_p41_l29,The motor shall be suitable for 220/415±10% volt single/three phase 50 Hz AC supply. 3,IITB_COPT_BOQ,41,text
IITB_COPT_BOQ_p41_l36,"10,000 CFM / 40 mm ESP (Floor Mounted Toilet Exhaust Fan at terrace level)Nos 1 1,78,250.00 1,78,250.00",IITB_COPT_BOQ,41,text
IITB_COPT_BOQ_p41_l40,internally acoustically lined and constructed of galvanised steel. The inline fan shall be with,IITB_COPT_BOQ,41,text
IITB_COPT_BOQ_p41_l42,"with maintenance free external rotor motor, flexible connections at the discharge & inlet.",IITB_COPT_BOQ,41,text
IITB_COPT_BOQ_p41_l43,The motor shall be suitable for 220/415±10% volt single/three phase 50 Hz AC supply. 3,IITB_COPT_BOQ,41,text
IITB_COPT_BOQ_p41_l50,"9,000 CFM / 40 mm ESP (Floor Mounted Toilet Exhaust Fan at terrace level)Nos 1 1,55,250.00 1,55,250.00",IITB_COPT_BOQ,41,text
IITB_COPT_BOQ_p41_l54,internally acoustically lined and constructed of galvanised steel. The inline fan shall be with,IITB_COPT_BOQ,41,text
IITB_COPT_BOQ_p41_l56,"with maintenance free external rotor motor, flexible connections at the discharge & inlet.",IITB_COPT_BOQ,41,text
IITB_COPT_BOQ_p41_l57,The motor shall be suitable for 220/415±10% volt single/three phase 50 Hz AC supply. 3,IITB_COPT_BOQ,41,text
IITB_COPT_BOQ_p41_l64,"7,000 CFM / 50 mm ESP (Floor Mounted Exhaust Fan at terrace level For Lab - 3)Nos 1 1,49,500.00 1,49,500.00",IITB_COPT_BOQ,41,text
IITB_COPT_BOQ_p42_l4,internally acoustically lined and constructed of galvanised steel. The inline fan shall be with,IITB_COPT_BOQ,42,text
IITB_COPT_BOQ_p42_l6,"with maintenance free external rotor motor, flexible connections at the discharge & inlet.",IITB_COPT_BOQ,42,text
IITB_COPT_BOQ_p42_l7,The motor shall be suitable for 220/415±10% volt single/three phase 50 Hz AC supply. 3,IITB_COPT_BOQ,42,text
IITB_COPT_BOQ_p42_l14,"5200 CFM / 50 mm ESP (Floor Mounted Exhaust Fan at terrace level For Lab - 1)Nos 1 74,750.00 74,750.00",IITB_COPT_BOQ,42,text
IITB_COPT_BOQ_p42_l18,internally acoustically lined and constructed of galvanised steel. The inline fan shall be with,IITB_COPT_BOQ,42,text
IITB_COPT_BOQ_p42_l20,"with maintenance free external rotor motor, flexible connections at the discharge & inlet.",IITB_COPT_BOQ,42,text
IITB_COPT_BOQ_p42_l21,The motor shall be suitable for 220/415±10% volt single/three phase 50 Hz AC supply. 3,IITB_COPT_BOQ,42,text
IITB_COPT_BOQ_p42_l28,"4100 CFM / 50 mm ESP (Floor Mounted Exhaust Fan at terrace level For Lab - 6)Nos 1 74,750.00 74,750.00",IITB_COPT_BOQ,42,text
IITB_COPT_BOQ_p42_l32,internally acoustically lined and constructed of galvanised steel. The inline fan shall be with,IITB_COPT_BOQ,42,text
IITB_COPT_BOQ_p42_l34,"with maintenance free external rotor motor, flexible connections at the discharge & inlet.",IITB_COPT_BOQ,42,text
IITB_COPT_BOQ_p42_l35,The motor shall be suitable for 220/415±10% volt single/three phase 50 Hz AC supply. 3,IITB_COPT_BOQ,42,text
IITB_COPT_BOQ_p42_l42,"3700 CFM / 50 mm ESP (Floor Mounted Exhaust Fan at terrace level For Lab - 12 & 15)Nos 1 74,750.00 74,750.00",IITB_COPT_BOQ,42,text
IITB_COPT_BOQ_p42_l46,internally acoustically lined and constructed of galvanised steel. The inline fan shall be with,IITB_COPT_BOQ,42,text
IITB_COPT_BOQ_p42_l48,"with maintenance free external rotor motor, flexible connections at the discharge & inlet.",IITB_COPT_BOQ,42,text
IITB_COPT_BOQ_p42_l49,The motor shall be suitable for 220/415±10% volt single/three phase 50 Hz AC supply. 3,IITB_COPT_BOQ,42,text
IITB_COPT_BOQ_p42_l56,"3500 CFM / 50 mm ESP (Floor Mounted Exhaust Fan at terrace level For Lab - 5 & 10)Nos 2 74,750.00 1,49,500.00",IITB_COPT_BOQ,42,text
IITB_COPT_BOQ_p43_l4,internally acoustically lined and constructed of galvanised steel. The inline fan shall be with,IITB_COPT_BOQ,43,text
IITB_COPT_BOQ_p43_l6,"with maintenance free external rotor motor, flexible connections at the discharge & inlet.",IITB_COPT_BOQ,43,text
IITB_COPT_BOQ_p43_l7,The motor shall be suitable for 220/415±10% volt single/three phase 50 Hz AC supply. 3,IITB_COPT_BOQ,43,text
IITB_COPT_BOQ_p43_l14,"3400 CFM / 50 mm ESP (Floor Mounted Exhaust Fan at terrace level For Lab - 2 & 8)Nos 2 74,750.00 1,49,500.00",IITB_COPT_BOQ,43,text
IITB_COPT_BOQ_p43_l18,internally acoustically lined and constructed of galvanised steel. The inline fan shall be with,IITB_COPT_BOQ,43,text
IITB_COPT_BOQ_p43_l20,"with maintenance free external rotor motor, flexible connections at the discharge & inlet.",IITB_COPT_BOQ,43,text
IITB_COPT_BOQ_p43_l21,The motor shall be suitable for 220/415±10% volt single/three phase 50 Hz AC supply. 3,IITB_COPT_BOQ,43,text
IITB_COPT_BOQ_p43_l28,"3100 CFM / 50 mm ESP (Floor Mounted Exhaust Fan at terrace level For Lab - 14 & 16)Nos 1 74,750.00 74,750.00",IITB_COPT_BOQ,43,text
IITB_COPT_BOQ_p43_l32,internally acoustically lined and constructed of galvanised steel. The inline fan shall be with,IITB_COPT_BOQ,43,text
IITB_COPT_BOQ_p43_l34,"with maintenance free external rotor motor, flexible connections at the discharge & inlet.",IITB_COPT_BOQ,43,text
IITB_COPT_BOQ_p43_l35,The motor shall be suitable for 220/415±10% volt single/three phase 50 Hz AC supply. 3,IITB_COPT_BOQ,43,text
IITB_COPT_BOQ_p43_l42,3000 CFM / 50 mm ESP (Floor Mounted Exhaust Fan at terrace level For Lab - 4 & 9 Fume,IITB_COPT_BOQ,43,text
IITB_COPT_BOQ_p43_l47,internally acoustically lined and constructed of galvanised steel. The inline fan shall be with,IITB_COPT_BOQ,43,text
IITB_COPT_BOQ_p43_l49,"with maintenance free external rotor motor, flexible connections at the discharge & inlet.",IITB_COPT_BOQ,43,text
IITB_COPT_BOQ_p43_l50,The motor shall be suitable for 220/415±10% volt single/three phase 50 Hz AC supply. 3,IITB_COPT_BOQ,43,text
IITB_COPT_BOQ_p43_l57,"2800 CFM / 50 mm ESP (Floor Mounted Exhaust Fan at terrace level For Lab - 4 & 11)Nos 2 67,275.00 1,34,550.00",IITB_COPT_BOQ,43,text
IITB_COPT_BOQ_p44_l4,internally acoustically lined and constructed of galvanised steel. The inline fan shall be with,IITB_COPT_BOQ,44,text
IITB_COPT_BOQ_p44_l6,"with maintenance free external rotor motor, flexible connections at the discharge & inlet.",IITB_COPT_BOQ,44,text
IITB_COPT_BOQ_p44_l7,The motor shall be suitable for 220/415±10% volt single/three phase 50 Hz AC supply. 3,IITB_COPT_BOQ,44,text
IITB_COPT_BOQ_p44_l14,"2700 CFM / 50 mm ESP (Floor Mounted Exhaust Fan at terrace level For Lab - 9)Nos 1 67,275.00 67,275.00",IITB_COPT_BOQ,44,text
IITB_COPT_BOQ_p44_l18,internally acoustically lined and constructed of galvanised steel. The inline fan shall be with,IITB_COPT_BOQ,44,text
IITB_COPT_BOQ_p44_l20,"with maintenance free external rotor motor, flexible connections at the discharge & inlet.",IITB_COPT_BOQ,44,text
IITB_COPT_BOQ_p44_l21,The motor shall be suitable for 220/415±10% volt single/three phase 50 Hz AC supply. 3,IITB_COPT_BOQ,44,text
IITB_COPT_BOQ_p44_l28,"2400 CFM / 50 mm ESP (Floor Mounted Exhaust Fan at terrace level For Lab - 7)Nos 1 67,275.00 67,275.00",IITB_COPT_BOQ,44,text
IITB_COPT_BOQ_p44_l32,internally acoustically lined and constructed of galvanised steel. The inline fan shall be with,IITB_COPT_BOQ,44,text
IITB_COPT_BOQ_p44_l34,"with maintenance free external rotor motor, flexible connections at the discharge & inlet.",IITB_COPT_BOQ,44,text
IITB_COPT_BOQ_p44_l35,The motor shall be suitable for 220/415±10% volt single/three phase 50 Hz AC supply. 3,IITB_COPT_BOQ,44,text
IITB_COPT_BOQ_p44_l42,"1400 CFM / 50 mm ESP (Floor Mounted Exhaust Fan at terrace level For Lab - 13)Nos 1 43,700.00 43,700.00",IITB_COPT_BOQ,44,text
IITB_COPT_BOQ_p44_l46,internally acoustically lined and constructed of galvanised steel. The inline fan shall be with,IITB_COPT_BOQ,44,text
IITB_COPT_BOQ_p44_l48,"with maintenance free external rotor motor, flexible connections at the discharge & inlet.",IITB_COPT_BOQ,44,text
IITB_COPT_BOQ_p44_l49,The motor shall be suitable for 220/415±10% volt single/three phase 50HzAC supply. Single,IITB_COPT_BOQ,44,text
IITB_COPT_BOQ_p44_l56,"600 CFM / 20 mm ESP (Ceiling Mounted for Ground Floor Pantry area) Nos 1 25,300.00 25,300.00",IITB_COPT_BOQ,44,text
IITB_COPT_BOQ_p45_l4,internally acoustically lined and constructed of galvanised steel. The inline fan shall be with,IITB_COPT_BOQ,45,text
IITB_COPT_BOQ_p45_l6,"with maintenance free external rotor motor, flexible connections at the discharge & inlet.",IITB_COPT_BOQ,45,text
IITB_COPT_BOQ_p45_l7,The motor shall be suitable for 220/415±10% volt single/three phase 50HzAC supply. Single,IITB_COPT_BOQ,45,text
IITB_COPT_BOQ_p45_l14,"450 CFM / 20 mm ESP (Ceiling Mounted for 1st to 6th Floor Pantry area) Nos 6 25,300.00 1,51,800.00",IITB_COPT_BOQ,45,text
IITB_COPT_BOQ_p45_l16,PART V ELECTRICAL WORKS,IITB_COPT_BOQ,45,text
IITB_COPT_BOQ_p45_l18,"Supply, installation, testing & commissioning of floor mounting front operated front access",IITB_COPT_BOQ,45,text
IITB_COPT_BOQ_p45_l20,lockable doors. Switchboards fabricated from 2 mm thick CRCA sheets including,IITB_COPT_BOQ,45,text
IITB_COPT_BOQ_p45_l21,"interconnections,tinnedcopper crimping lugs,bondingto earthandpainting suitable for use",IITB_COPT_BOQ,45,text
IITB_COPT_BOQ_p45_l26,barsinsulationshallbewith heatshrinkable sleeves.SMC/DMC shroudsand busbarsupports,IITB_COPT_BOQ,45,text
IITB_COPT_BOQ_p45_l30,"painting of panel to be done with powder coating. Necessary touch up may be done at site,",IITB_COPT_BOQ,45,text
IITB_COPT_BOQ_p45_l42,7) All concealed hinged doors and covers shall be provided with suitable flexible earthing,IITB_COPT_BOQ,45,text
IITB_COPT_BOQ_p45_l48,"11) Scope includescableend boxes,reverse entryboxesaspersiteconditionsandextension",IITB_COPT_BOQ,45,text
IITB_COPT_BOQ_p45_l62,"Supply, Installation, Testing & Commissioning of free standing, floor mounting",IITB_COPT_BOQ,45,text
IITB_COPT_BOQ_p45_l63,compartmentalized panels fabricated out of CRCA sheet steel sections after carrying out 7,IITB_COPT_BOQ,45,text
IITB_COPT_BOQ_p45_l64,tank cleaning process & duly powder coated using Siemens Grey shade no. RAL- 7032.,IITB_COPT_BOQ,45,text
IITB_COPT_BOQ_p46_l37,single line diagram. (For Ground Floor panel),IITB_COPT_BOQ,46,text
IITB_COPT_BOQ_p46_l41,single line diagram. (For First floor panel),IITB_COPT_BOQ,46,text
IITB_COPT_BOQ_p46_l45,single line diagram. (For Second floor panel),IITB_COPT_BOQ,46,text
IITB_COPT_BOQ_p46_l49,single line diagram. (For Third floor panel),IITB_COPT_BOQ,46,text
IITB_COPT_BOQ_p46_l53,single line diagram. (For Fourth floor panel),IITB_COPT_BOQ,46,text
IITB_COPT_BOQ_p46_l57,single line diagram. (For Fifth floor panel),IITB_COPT_BOQ,46,text
IITB_COPT_BOQ_p46_l61,single line diagram. (For Sixth floor panel),IITB_COPT_BOQ,46,text
IITB_COPT_BOQ_p47_l11,c. All breakers shall be electrically/ mechanically interlocked as per single line diagram.,IITB_COPT_BOQ,47,text
IITB_COPT_BOQ_p47_l16,"v. Wiring with space heater, thermostat and control MCB’s shall be provided in all vertical",IITB_COPT_BOQ,47,text
IITB_COPT_BOQ_p47_l20,viii All bus bar section / backside panels shall have pad locking facility and hinged type door.,IITB_COPT_BOQ,47,text
IITB_COPT_BOQ_p47_l21,"TheMain LT panel -described above complete with wiring, line diagram, specifications and",IITB_COPT_BOQ,47,text
IITB_COPT_BOQ_p47_l22,"approvals, painting and as per direction and final approval of Owner / Consultant. No. 1 49,60,319.00 49,60,319.00",IITB_COPT_BOQ,47,text
IITB_COPT_BOQ_p47_l63,TERRACE FLOOR),IITB_COPT_BOQ,47,text
IITB_COPT_BOQ_p47_l67,single line diagram(For Plumbing panel),IITB_COPT_BOQ,47,text
IITB_COPT_BOQ_p48_l6,"protectionsandsuitablefor230V,50Hz,A.CsupplyandhavingIcs=Icu=10KA.The MCBshall",IITB_COPT_BOQ,48,text
IITB_COPT_BOQ_p48_l9,"overloadand shortcircuitprotectionsand suitable for 415V,50Hz,A.Csupply (ExternalDB-",IITB_COPT_BOQ,48,text
IITB_COPT_BOQ_p48_l12,"protectionsandsuitablefor230V,50Hz,A.CsupplyandhavingIcs=Icu=10KA.The MCBshall",IITB_COPT_BOQ,48,text
IITB_COPT_BOQ_p48_l13,"be complete as per technical specifications, single line diagram (PUMP room DB)",IITB_COPT_BOQ,48,text
IITB_COPT_BOQ_p48_l30,"Wiring with space heater, thermostat and control MCB’s shall be provided in all vertical",IITB_COPT_BOQ,48,text
IITB_COPT_BOQ_p48_l34,All bus bar section / backside panels shall have pad locking facility and hinged type door.,IITB_COPT_BOQ,48,text
IITB_COPT_BOQ_p48_l35,"TheEmergency Panel described abovecomplete with wiring, linediagram, specificationsand",IITB_COPT_BOQ,48,text
IITB_COPT_BOQ_p48_l36,"approvals, painting and as per direction and final approval of Owner / Consultant. No. 1 15,01,997.00 15,01,997.00",IITB_COPT_BOQ,48,text
IITB_COPT_BOQ_p48_l37,1.3Ground Floor Panel- (Ref SLD-INI-IITB-COPT-EL-SLD-03),IITB_COPT_BOQ,48,text
IITB_COPT_BOQ_p49_l9,"protectionsandsuitablefor230V,50Hz,A.CsupplyandhavingIcs=Icu=10KA.The MCBshall",IITB_COPT_BOQ,49,text
IITB_COPT_BOQ_p49_l19,"protectionsandsuitablefor230V,50Hz,A.CsupplyandhavingIcs=Icu=10KA.The MCBshall",IITB_COPT_BOQ,49,text
IITB_COPT_BOQ_p49_l24,"Wiring with space heater, thermostat and control MCB’s shall be provided in all vertical",IITB_COPT_BOQ,49,text
IITB_COPT_BOQ_p49_l28,All bus bar section / backside panels shall have pad locking facility and hinged type door.,IITB_COPT_BOQ,49,text
IITB_COPT_BOQ_p49_l29,"TheGroundfloorPanel asdescribedabovecompletewithwiring,linediagram,specifications",IITB_COPT_BOQ,49,text
IITB_COPT_BOQ_p49_l30,"and approvals, painting and as per direction and final approval of Owner / Consultant. No. 1 11,66,733.00 11,66,733.00",IITB_COPT_BOQ,49,text
IITB_COPT_BOQ_p49_l31,1.4First Floor Panel (Ref SLD-INI-IITB-COPT-EL-SLD-04),IITB_COPT_BOQ,49,text
IITB_COPT_BOQ_p49_l50,"circuitprotectionsand suitablefor 415V,50Hz,A.Csupplyand havingIcs=Icu=36KAincluded",IITB_COPT_BOQ,49,text
IITB_COPT_BOQ_p49_l60,"specifications, single line diagram(1st floor HVAC Panel).",IITB_COPT_BOQ,49,text
IITB_COPT_BOQ_p50_l13,"protectionsandsuitablefor230V,50Hz,A.CsupplyandhavingIcs=Icu=10KA.The MCBshall",IITB_COPT_BOQ,50,text
IITB_COPT_BOQ_p50_l18,"Wiring with space heater, thermostat and control MCB’s shall be provided in all vertical",IITB_COPT_BOQ,50,text
IITB_COPT_BOQ_p50_l22,All bus bar section / backside panels shall have pad locking facility and hinged type door.,IITB_COPT_BOQ,50,text
IITB_COPT_BOQ_p50_l23,"TheFirst Floor Panel as described above complete with wiring, line diagram, specifications",IITB_COPT_BOQ,50,text
IITB_COPT_BOQ_p50_l24,"and approvals, painting and as per direction and final approval of Owner / Consultant. No. 1 11,91,430.00 11,91,430.00",IITB_COPT_BOQ,50,text
IITB_COPT_BOQ_p50_l25,1.5Second Floor Panel (Ref SLD-INI-IITB-COPT-EL-SLD-05),IITB_COPT_BOQ,50,text
IITB_COPT_BOQ_p50_l46,"specifications, single line diagram(For 2nd Floor HVAC panel).",IITB_COPT_BOQ,50,text
IITB_COPT_BOQ_p50_l63,"protectionsandsuitablefor230V,50Hz,A.CsupplyandhavingIcs=Icu=10KA.The MCBshall",IITB_COPT_BOQ,50,text
IITB_COPT_BOQ_p51_l13,"Wiring with space heater, thermostat and control MCB’s shall be provided in all vertical",IITB_COPT_BOQ,51,text
IITB_COPT_BOQ_p51_l17,All bus bar section / backside panels shall have pad locking facility and hinged type door.,IITB_COPT_BOQ,51,text
IITB_COPT_BOQ_p51_l18,"TheSecondFloorPanel asdescribedabovecompletewith wiring,line diagram,specifications",IITB_COPT_BOQ,51,text
IITB_COPT_BOQ_p51_l19,"and approvals, painting and as per direction and final approval of Owner / Consultant. No. 1 11,79,466.00 11,79,466.00",IITB_COPT_BOQ,51,text
IITB_COPT_BOQ_p51_l20,1.6Third Floor Panel (Ref SLD-INI-IITB-COPT-EL-SLD-05),IITB_COPT_BOQ,51,text
IITB_COPT_BOQ_p51_l41,"specifications, single line diagram (For 3rd floor HVAC Panel)",IITB_COPT_BOQ,51,text
IITB_COPT_BOQ_p51_l56,"protectionsandsuitablefor230V,50Hz,A.CsupplyandhavingIcs=Icu=10KA.The MCBshall",IITB_COPT_BOQ,51,text
IITB_COPT_BOQ_p52_l2,"protectionsandsuitablefor230V,50Hz,A.CsupplyandhavingIcs=Icu=10KA.The MCBshall",IITB_COPT_BOQ,52,text
IITB_COPT_BOQ_p52_l7,"Wiring with space heater, thermostat and control MCB’s shall be provided in all vertical",IITB_COPT_BOQ,52,text
IITB_COPT_BOQ_p52_l11,All bus bar section / backside panels shall have pad locking facility and hinged type door.,IITB_COPT_BOQ,52,text
IITB_COPT_BOQ_p52_l12,"TheThird Floor Panel as described above complete with wiring, line diagram, specifications",IITB_COPT_BOQ,52,text
IITB_COPT_BOQ_p52_l13,"and approvals, painting and as per direction and final approval of Owner / Consultant. No. 1 10,80,856.00 10,80,856.00",IITB_COPT_BOQ,52,text
IITB_COPT_BOQ_p52_l14,1.7Fourth Floor Panel (Ref SLD-INI-IITB-COPT-EL-SLD-06),IITB_COPT_BOQ,52,text
IITB_COPT_BOQ_p52_l35,"specifications, single line diagram(For Laboratory 12, 13 & 14 & 4th Floor HVAC Panel)",IITB_COPT_BOQ,52,text
IITB_COPT_BOQ_p52_l51,"protectionsandsuitablefor230V,50Hz,A.CsupplyandhavingIcs=Icu=10KA.The MCBshall",IITB_COPT_BOQ,52,text
IITB_COPT_BOQ_p52_l64,"Wiring with space heater, thermostat and control MCB’s shall be provided in all vertical",IITB_COPT_BOQ,52,text
IITB_COPT_BOQ_p52_l68,All bus bar section / backside panels shall have pad locking facility and hinged type door.,IITB_COPT_BOQ,52,text
IITB_COPT_BOQ_p53_l1,"TheFourthFloorPanel asdescribedabovecompletewithwiring,linediagram,specifications",IITB_COPT_BOQ,53,text
IITB_COPT_BOQ_p53_l2,"and approvals, painting and as per direction and final approval of Owner / Consultant. No. 1 12,50,418.00 12,50,418.00",IITB_COPT_BOQ,53,text
IITB_COPT_BOQ_p53_l3,1.8Fifth Floor Panel- (Ref SLD-INI-IITB-COPT-EL-SLD-07),IITB_COPT_BOQ,53,text
IITB_COPT_BOQ_p53_l24,"specifications, single line diagram(For Laboratory 15, 16 & 5th floor HVAC panel)",IITB_COPT_BOQ,53,text
IITB_COPT_BOQ_p53_l39,"protectionsandsuitablefor230V,50Hz,A.CsupplyandhavingIcs=Icu=10KA.The MCBshall",IITB_COPT_BOQ,53,text
IITB_COPT_BOQ_p53_l52,"Wiring with space heater, thermostat and control MCB’s shall be provided in all vertical",IITB_COPT_BOQ,53,text
IITB_COPT_BOQ_p53_l56,All bus bar section / backside panels shall have pad locking facility and hinged type door.,IITB_COPT_BOQ,53,text
IITB_COPT_BOQ_p53_l57,"TheFifth Floor Panel as described above complete with wiring, line diagram, specifications",IITB_COPT_BOQ,53,text
IITB_COPT_BOQ_p53_l58,"and approvals, painting and as per direction and final approval of Owner / Consultant. No. 1 12,03,156.00 12,03,156.00",IITB_COPT_BOQ,53,text
IITB_COPT_BOQ_p53_l59,1.9Sixth Floor Panel (Ref SLD-INI-IITB-COPT-EL-SLD-08),IITB_COPT_BOQ,53,text
IITB_COPT_BOQ_p54_l12,"specifications, single line diagram(6th FLOOR HVAC PANEL)",IITB_COPT_BOQ,54,text
IITB_COPT_BOQ_p54_l31,"protectionsandsuitablefor230V,50Hz,A.CsupplyandhavingIcs=Icu=10KA.The MCBshall",IITB_COPT_BOQ,54,text
IITB_COPT_BOQ_p54_l42,"protectionsandsuitablefor415V,50Hz,A.CsupplyandhavingIcs=Icu=10KA.The MCBshall",IITB_COPT_BOQ,54,text
IITB_COPT_BOQ_p54_l47,"Wiring with space heater, thermostat and control MCB’s shall be provided in all vertical",IITB_COPT_BOQ,54,text
IITB_COPT_BOQ_p54_l51,All bus bar section / backside panels shall have pad locking facility and hinged type door.,IITB_COPT_BOQ,54,text
IITB_COPT_BOQ_p54_l52,"TheSixth Floor Panel as described above complete with wiring, line diagram, specifications",IITB_COPT_BOQ,54,text
IITB_COPT_BOQ_p54_l53,"and approvals, painting and as per direction and final approval of Owner / Consultant. No. 1 11,31,961.00 11,31,961.00",IITB_COPT_BOQ,54,text
IITB_COPT_BOQ_p55_l13,"circuitprotectionsand suitablefor 415V,50Hz,A.Csupplyand havingand havingIcs=Icu=25",IITB_COPT_BOQ,55,text
IITB_COPT_BOQ_p55_l18,remote ON/OFF for each Jockey Pump & Booster pump.,IITB_COPT_BOQ,55,text
IITB_COPT_BOQ_p55_l27,"circuitprotectionsand suitablefor 415V,50Hz,A.Csupplyand havingand havingIcs=Icu=25",IITB_COPT_BOQ,55,text
IITB_COPT_BOQ_p55_l32,remote ON/OFF for each Jockey Pump & Booster pump.,IITB_COPT_BOQ,55,text
IITB_COPT_BOQ_p55_l36,"Wiring with space heater, thermostat and control MCB’s shall be provided in all vertical",IITB_COPT_BOQ,55,text
IITB_COPT_BOQ_p55_l40,All bus bar section / backside panels shall have pad locking facility and hinged type door.,IITB_COPT_BOQ,55,text
IITB_COPT_BOQ_p55_l41,"TheFire Fighting Panel as described above complete with wiring, line diagram, specifications",IITB_COPT_BOQ,55,text
IITB_COPT_BOQ_p55_l42,"and approvals, painting and as per direction and final approval of Owner / Consultant. No. 1 7,36,736.00 7,36,736.00",IITB_COPT_BOQ,55,text
IITB_COPT_BOQ_p55_l43,1.11PLUMBING PANEL (Ref SLD-INI-IITB-COPT-EL-SLD-01),IITB_COPT_BOQ,55,text
IITB_COPT_BOQ_p56_l4,"Wiring with space heater, thermostat and control MCB’s shall be provided in all vertical",IITB_COPT_BOQ,56,text
IITB_COPT_BOQ_p56_l8,All bus bar section / backside panels shall have pad locking facility and hinged type door.,IITB_COPT_BOQ,56,text
IITB_COPT_BOQ_p56_l9,"ThePlumbing Panel as described above complete with wiring, line diagram, specifications",IITB_COPT_BOQ,56,text
IITB_COPT_BOQ_p56_l10,"and approvals, painting and as per direction and final approval of Owner / Consultant. No. 1 4,90,838.00 4,90,838.00",IITB_COPT_BOQ,56,text
IITB_COPT_BOQ_p56_l40,"Wiring with space heater, thermostat and control MCB’s shall be provided in all vertical",IITB_COPT_BOQ,56,text
IITB_COPT_BOQ_p56_l44,All bus bar section / backside panels shall have pad locking facility and hinged type door.,IITB_COPT_BOQ,56,text
IITB_COPT_BOQ_p56_l45,"The'HVAC EXHAUST PANEL ' as described above complete with wiring, line diagram,",IITB_COPT_BOQ,56,text
IITB_COPT_BOQ_p56_l46,"specifications and approvals, painting and as per direction and final approval of Owner /",IITB_COPT_BOQ,56,text
IITB_COPT_BOQ_p57_l11,"Wiring with space heater, thermostat and control MCB’s shall be provided in all vertical",IITB_COPT_BOQ,57,text
IITB_COPT_BOQ_p57_l15,All bus bar section / backside panels shall have pad locking facility and hinged type door.,IITB_COPT_BOQ,57,text
IITB_COPT_BOQ_p57_l16,"The 'MAIN UPS PANEL as described above complete with wiring, line diagram, specifications",IITB_COPT_BOQ,57,text
IITB_COPT_BOQ_p57_l17,"and approvals, painting and as per direction and final approval of Owner / Consultant. No. 1 7,88,670.00 7,88,670.00",IITB_COPT_BOQ,57,text
IITB_COPT_BOQ_p57_l42,"The 'UPS OUTPUT Panel ' as described above complete with wiring, line diagram,",IITB_COPT_BOQ,57,text
IITB_COPT_BOQ_p57_l43,"specifications and approvals, painting and as per direction and final approval of Owner /",IITB_COPT_BOQ,57,text
IITB_COPT_BOQ_p57_l45,1.15 7.5kVA UPS OUTPUT PANEL-1st Floor,IITB_COPT_BOQ,57,text
IITB_COPT_BOQ_p57_l46,7.5kVA UPS OUTPUT PANEL-2nd Floor,IITB_COPT_BOQ,57,text
IITB_COPT_BOQ_p57_l47,7.5kVA UPS OUTPUT PANEL-3rd Floor,IITB_COPT_BOQ,57,text
IITB_COPT_BOQ_p57_l48,7.5kVA UPS OUTPUT PANEL-4th Floor,IITB_COPT_BOQ,57,text
IITB_COPT_BOQ_p57_l49,7.5kVA UPS OUTPUT PANEL-5th Floor,IITB_COPT_BOQ,57,text
IITB_COPT_BOQ_p58_l5,"The 'UPS OUTPUT Panel ' as described above complete with wiring, line diagram,",IITB_COPT_BOQ,58,text
IITB_COPT_BOQ_p58_l6,"specifications and approvals, painting and as per direction and final approval of Owner /",IITB_COPT_BOQ,58,text
IITB_COPT_BOQ_p58_l34,"The 'UPS OUTPUT Panel ' as described above complete with wiring, line diagram,",IITB_COPT_BOQ,58,text
IITB_COPT_BOQ_p58_l35,"specifications and approvals, painting and as per direction and final approval of Owner /",IITB_COPT_BOQ,58,text
IITB_COPT_BOQ_p58_l63,"protectionsandsuitablefor230V,50Hz,A.CsupplyandhavingIcs=Icu=10KA.The MCBshall",IITB_COPT_BOQ,58,text
IITB_COPT_BOQ_p59_l7,"Wiring with space heater, thermostat and control MCB’s shall be provided in all vertical",IITB_COPT_BOQ,59,text
IITB_COPT_BOQ_p59_l11,All bus bar section / backside panels shall have pad locking facility and hinged type door.,IITB_COPT_BOQ,59,text
IITB_COPT_BOQ_p59_l12,"The'LABORATORY PANEL-01 ' as described above complete with wiring, line diagram,",IITB_COPT_BOQ,59,text
IITB_COPT_BOQ_p59_l13,"specifications and approvals, painting and as per direction and final approval of Owner /",IITB_COPT_BOQ,59,text
IITB_COPT_BOQ_p59_l41,"protectionsandsuitablefor230V,50Hz,A.CsupplyandhavingIcs=Icu=10KA.The MCBshall",IITB_COPT_BOQ,59,text
IITB_COPT_BOQ_p59_l53,"Wiring with space heater, thermostat and control MCB’s shall be provided in all vertical",IITB_COPT_BOQ,59,text
IITB_COPT_BOQ_p59_l57,All bus bar section / backside panels shall have pad locking facility and hinged type door.,IITB_COPT_BOQ,59,text
IITB_COPT_BOQ_p59_l58,"The'LABORATORY PANEL-02 ' as described above complete with wiring, line diagram,",IITB_COPT_BOQ,59,text
IITB_COPT_BOQ_p59_l59,"specifications and approvals, painting and as per direction and final approval of Owner /",IITB_COPT_BOQ,59,text
IITB_COPT_BOQ_p60_l21,"protectionsandsuitablefor230V,50Hz,A.CsupplyandhavingIcs=Icu=10KA.The MCBshall",IITB_COPT_BOQ,60,text
IITB_COPT_BOQ_p60_l33,"Wiring with space heater, thermostat and control MCB’s shall be provided in all vertical",IITB_COPT_BOQ,60,text
IITB_COPT_BOQ_p60_l37,All bus bar section / backside panels shall have pad locking facility and hinged type door.,IITB_COPT_BOQ,60,text
IITB_COPT_BOQ_p60_l38,"The'LABORATORY PANEL-03 ' as described above complete with wiring, line diagram,",IITB_COPT_BOQ,60,text
IITB_COPT_BOQ_p60_l39,"specifications and approvals, painting and as per direction and final approval of Owner /",IITB_COPT_BOQ,60,text
IITB_COPT_BOQ_p61_l2,"protectionsandsuitablefor230V,50Hz,A.CsupplyandhavingIcs=Icu=10KA.The MCBshall",IITB_COPT_BOQ,61,text
IITB_COPT_BOQ_p61_l14,"Wiring with space heater, thermostat and control MCB’s shall be provided in all vertical",IITB_COPT_BOQ,61,text
IITB_COPT_BOQ_p61_l18,All bus bar section / backside panels shall have pad locking facility and hinged type door.,IITB_COPT_BOQ,61,text
IITB_COPT_BOQ_p61_l19,"The'LABORATORY PANEL-04 ' as described above complete with wiring, line diagram,",IITB_COPT_BOQ,61,text
IITB_COPT_BOQ_p61_l20,"specifications and approvals, painting and as per direction and final approval of Owner /",IITB_COPT_BOQ,61,text
IITB_COPT_BOQ_p61_l22,1.21GR. FLOOR HVAC PANEL (Ref SLD-INI-IITB-COPT-EL-SLD-03),IITB_COPT_BOQ,61,text
IITB_COPT_BOQ_p61_l54,"Wiring with space heater, thermostat and control MCB’s shall be provided in all vertical",IITB_COPT_BOQ,61,text
IITB_COPT_BOQ_p61_l58,All bus bar section / backside panels shall have pad locking facility and hinged type door.,IITB_COPT_BOQ,61,text
IITB_COPT_BOQ_p61_l59,"The'GR. FLOOR HVAC PANEL ' as described above complete with wiring, line diagram,",IITB_COPT_BOQ,61,text
IITB_COPT_BOQ_p61_l60,"specifications and approvals, painting and as per direction and final approval of Owner /",IITB_COPT_BOQ,61,text
IITB_COPT_BOQ_p62_l21,"protectionsandsuitablefor230V,50Hz,A.CsupplyandhavingIcs=Icu=10KA.The MCBshall",IITB_COPT_BOQ,62,text
IITB_COPT_BOQ_p62_l33,"Wiring with space heater, thermostat and control MCB’s shall be provided in all vertical",IITB_COPT_BOQ,62,text
IITB_COPT_BOQ_p62_l37,All bus bar section / backside panels shall have pad locking facility and hinged type door.,IITB_COPT_BOQ,62,text
IITB_COPT_BOQ_p62_l38,"The'LABORATORY PANEL-05 ' as described above complete with wiring, line diagram,",IITB_COPT_BOQ,62,text
IITB_COPT_BOQ_p62_l39,"specifications and approvals, painting and as per direction and final approval of Owner /",IITB_COPT_BOQ,62,text
IITB_COPT_BOQ_p63_l2,"protectionsandsuitablefor230V,50Hz,A.CsupplyandhavingIcs=Icu=10KA.The MCBshall",IITB_COPT_BOQ,63,text
IITB_COPT_BOQ_p63_l14,"Wiring with space heater, thermostat and control MCB’s shall be provided in all vertical",IITB_COPT_BOQ,63,text
IITB_COPT_BOQ_p63_l18,All bus bar section / backside panels shall have pad locking facility and hinged type door.,IITB_COPT_BOQ,63,text
IITB_COPT_BOQ_p63_l19,"The'LABORATORY PANEL-06 ' as described above complete with wiring, line diagram,",IITB_COPT_BOQ,63,text
IITB_COPT_BOQ_p63_l20,"specifications and approvals, painting and as per direction and final approval of Owner /",IITB_COPT_BOQ,63,text
IITB_COPT_BOQ_p63_l48,"protectionsandsuitablefor230V,50Hz,A.CsupplyandhavingIcs=Icu=10KA.The MCBshall",IITB_COPT_BOQ,63,text
IITB_COPT_BOQ_p63_l60,"Wiring with space heater, thermostat and control MCB’s shall be provided in all vertical",IITB_COPT_BOQ,63,text
IITB_COPT_BOQ_p63_l64,All bus bar section / backside panels shall have pad locking facility and hinged type door.,IITB_COPT_BOQ,63,text
IITB_COPT_BOQ_p64_l1,"The'LABORATORY PANEL-07 ' as described above complete with wiring, line diagram,",IITB_COPT_BOQ,64,text
IITB_COPT_BOQ_p64_l2,"specifications and approvals, painting and as per direction and final approval of Owner /",IITB_COPT_BOQ,64,text
IITB_COPT_BOQ_p64_l30,"protectionsandsuitablefor230V,50Hz,A.CsupplyandhavingIcs=Icu=10KA.The MCBshall",IITB_COPT_BOQ,64,text
IITB_COPT_BOQ_p64_l42,"Wiring with space heater, thermostat and control MCB’s shall be provided in all vertical",IITB_COPT_BOQ,64,text
IITB_COPT_BOQ_p64_l46,All bus bar section / backside panels shall have pad locking facility and hinged type door.,IITB_COPT_BOQ,64,text
IITB_COPT_BOQ_p64_l47,"The'LABORATORY PANEL-08 ' as described above complete with wiring, line diagram,",IITB_COPT_BOQ,64,text
IITB_COPT_BOQ_p64_l48,"specifications and approvals, painting and as per direction and final approval of Owner /",IITB_COPT_BOQ,64,text
IITB_COPT_BOQ_p65_l8,"protectionsandsuitablefor230V,50Hz,A.CsupplyandhavingIcs=Icu=10KA.The MCBshall",IITB_COPT_BOQ,65,text
IITB_COPT_BOQ_p65_l20,"Wiring with space heater, thermostat and control MCB’s shall be provided in all vertical",IITB_COPT_BOQ,65,text
IITB_COPT_BOQ_p65_l24,All bus bar section / backside panels shall have pad locking facility and hinged type door.,IITB_COPT_BOQ,65,text
IITB_COPT_BOQ_p65_l25,"The'LABORATORY PANEL-09 ' as described above complete with wiring, line diagram,",IITB_COPT_BOQ,65,text
IITB_COPT_BOQ_p65_l26,"specifications and approvals, painting and as per direction and final approval of Owner /",IITB_COPT_BOQ,65,text
IITB_COPT_BOQ_p65_l28,1.271st. FLOOR HVAC PANEL (Ref SLD-INI-IITB-COPT-EL-SLD-04),IITB_COPT_BOQ,65,text
IITB_COPT_BOQ_p65_l57,"Wiring with space heater, thermostat and control MCB’s shall be provided in all vertical",IITB_COPT_BOQ,65,text
IITB_COPT_BOQ_p65_l61,All bus bar section / backside panels shall have pad locking facility and hinged type door.,IITB_COPT_BOQ,65,text
IITB_COPT_BOQ_p65_l62,"The'1st FLOOR HVAC PANEL ' as described above complete with wiring, line diagram,",IITB_COPT_BOQ,65,text
IITB_COPT_BOQ_p65_l63,"specifications and approvals, painting and as per direction and final approval of Owner /",IITB_COPT_BOQ,65,text
IITB_COPT_BOQ_p66_l24,"protectionsandsuitablefor230V,50Hz,A.CsupplyandhavingIcs=Icu=10KA.The MCBshall",IITB_COPT_BOQ,66,text
IITB_COPT_BOQ_p66_l33,"Wiring with space heater, thermostat and control MCB’s shall be provided in all vertical",IITB_COPT_BOQ,66,text
IITB_COPT_BOQ_p66_l37,All bus bar section / backside panels shall have pad locking facility and hinged type door.,IITB_COPT_BOQ,66,text
IITB_COPT_BOQ_p66_l38,"The'LABORATORY PANEL-11 ' as described above complete with wiring, line diagram,",IITB_COPT_BOQ,66,text
IITB_COPT_BOQ_p66_l39,"specifications and approvals, painting and as per direction and final approval of Owner /",IITB_COPT_BOQ,66,text
IITB_COPT_BOQ_p66_l41,1.292nd FLOOR HVAC PANEL (Ref SLD-INI-IITB-COPT-EL-SLD-05),IITB_COPT_BOQ,66,text
IITB_COPT_BOQ_p67_l7,"Wiring with space heater, thermostat and control MCB’s shall be provided in all vertical",IITB_COPT_BOQ,67,text
IITB_COPT_BOQ_p67_l11,All bus bar section / backside panels shall have pad locking facility and hinged type door.,IITB_COPT_BOQ,67,text
IITB_COPT_BOQ_p67_l12,"The'2nd FLOOR HVAC PANEL ' as described above complete with wiring, line diagram,",IITB_COPT_BOQ,67,text
IITB_COPT_BOQ_p67_l13,"specifications and approvals, painting and as per direction and final approval of Owner /",IITB_COPT_BOQ,67,text
IITB_COPT_BOQ_p67_l15,1.303rd FLOOR HVAC PANEL (Ref SLD-INI-IITB-COPT-EL-SLD-05),IITB_COPT_BOQ,67,text
IITB_COPT_BOQ_p67_l50,"Wiring with space heater, thermostat and control MCB’s shall be provided in all vertical",IITB_COPT_BOQ,67,text
IITB_COPT_BOQ_p67_l54,All bus bar section / backside panels shall have pad locking facility and hinged type door.,IITB_COPT_BOQ,67,text
IITB_COPT_BOQ_p67_l55,"The'3rd FLOOR HVAC PANEL ' as described above complete with wiring, line diagram,",IITB_COPT_BOQ,67,text
IITB_COPT_BOQ_p67_l56,"specifications and approvals, painting and as per direction and final approval of Owner /",IITB_COPT_BOQ,67,text
IITB_COPT_BOQ_p68_l24,"Wiring with space heater, thermostat and control MCB’s shall be provided in all vertical",IITB_COPT_BOQ,68,text
IITB_COPT_BOQ_p68_l28,All bus bar section / backside panels shall have pad locking facility and hinged type door.,IITB_COPT_BOQ,68,text
IITB_COPT_BOQ_p68_l29,"The'LABORATORY PANEL-12 ' as described above complete with wiring, line diagram,",IITB_COPT_BOQ,68,text
IITB_COPT_BOQ_p68_l30,"specifications and approvals, painting and as per direction and final approval of Owner /",IITB_COPT_BOQ,68,text
IITB_COPT_BOQ_p69_l1,"Wiring with space heater, thermostat and control MCB’s shall be provided in all vertical",IITB_COPT_BOQ,69,text
IITB_COPT_BOQ_p69_l5,All bus bar section / backside panels shall have pad locking facility and hinged type door.,IITB_COPT_BOQ,69,text
IITB_COPT_BOQ_p69_l6,"The'LABORATORY PANEL-13 ' as described above complete with wiring, line diagram,",IITB_COPT_BOQ,69,text
IITB_COPT_BOQ_p69_l7,"specifications and approvals, painting and as per direction and final approval of Owner /",IITB_COPT_BOQ,69,text
IITB_COPT_BOQ_p69_l44,"Wiring with space heater, thermostat and control MCB’s shall be provided in all vertical",IITB_COPT_BOQ,69,text
IITB_COPT_BOQ_p69_l48,All bus bar section / backside panels shall have pad locking facility and hinged type door.,IITB_COPT_BOQ,69,text
IITB_COPT_BOQ_p69_l49,"The'LABORATORY PANEL-14 ' as described above complete with wiring, line diagram,",IITB_COPT_BOQ,69,text
IITB_COPT_BOQ_p69_l50,"specifications and approvals, painting and as per direction and final approval of Owner /",IITB_COPT_BOQ,69,text
IITB_COPT_BOQ_p69_l52,1.344th FLOOR HVAC PANEL (Ref SLD-INI-IITB-COPT-EL-SLD-06),IITB_COPT_BOQ,69,text
IITB_COPT_BOQ_p70_l18,"Wiring with space heater, thermostat and control MCB’s shall be provided in all vertical",IITB_COPT_BOQ,70,text
IITB_COPT_BOQ_p70_l22,All bus bar section / backside panels shall have pad locking facility and hinged type door.,IITB_COPT_BOQ,70,text
IITB_COPT_BOQ_p70_l23,"The'4th FLOOR HVAC PANEL ' as described above complete with wiring, line diagram,",IITB_COPT_BOQ,70,text
IITB_COPT_BOQ_p70_l24,"specifications and approvals, painting and as per direction and final approval of Owner /",IITB_COPT_BOQ,70,text
IITB_COPT_BOQ_p70_l52,"protectionsandsuitablefor230V,50Hz,A.CsupplyandhavingIcs=Icu=10KA.The MCBshall",IITB_COPT_BOQ,70,text
IITB_COPT_BOQ_p70_l64,"Wiring with space heater, thermostat and control MCB’s shall be provided in all vertical",IITB_COPT_BOQ,70,text
IITB_COPT_BOQ_p71_l2,All bus bar section / backside panels shall have pad locking facility and hinged type door.,IITB_COPT_BOQ,71,text
IITB_COPT_BOQ_p71_l3,"The'LABORATORY PANEL-15 ' as described above complete with wiring, line diagram,",IITB_COPT_BOQ,71,text
IITB_COPT_BOQ_p71_l4,"specifications and approvals, painting and as per direction and final approval of Owner /",IITB_COPT_BOQ,71,text
IITB_COPT_BOQ_p71_l32,"protectionsandsuitablefor230V,50Hz,A.CsupplyandhavingIcs=Icu=10KA.The MCBshall",IITB_COPT_BOQ,71,text
IITB_COPT_BOQ_p71_l44,"Wiring with space heater, thermostat and control MCB’s shall be provided in all vertical",IITB_COPT_BOQ,71,text
IITB_COPT_BOQ_p71_l48,All bus bar section / backside panels shall have pad locking facility and hinged type door.,IITB_COPT_BOQ,71,text
IITB_COPT_BOQ_p71_l49,"The'LABORATORY PANEL-16 ' as described above complete with wiring, line diagram,",IITB_COPT_BOQ,71,text
IITB_COPT_BOQ_p71_l50,"specifications and approvals, painting and as per direction and final approval of Owner /",IITB_COPT_BOQ,71,text
IITB_COPT_BOQ_p71_l52,1.375th FLOOR HVAC PANEL (Ref SLD-INI-IITB-COPT-EL-SLD-07),IITB_COPT_BOQ,71,text
IITB_COPT_BOQ_p72_l18,"Wiring with space heater, thermostat and control MCB’s shall be provided in all vertical",IITB_COPT_BOQ,72,text
IITB_COPT_BOQ_p72_l22,All bus bar section / backside panels shall have pad locking facility and hinged type door.,IITB_COPT_BOQ,72,text
IITB_COPT_BOQ_p72_l23,"The'5th FLOOR HVAC PANEL ' as described above complete with wiring, line diagram,",IITB_COPT_BOQ,72,text
IITB_COPT_BOQ_p72_l24,"specifications and approvals, painting and as per direction and final approval of Owner /",IITB_COPT_BOQ,72,text
IITB_COPT_BOQ_p72_l26,1.386th FLOOR HVAC PANEL (Ref SLD-INI-IITB-COPT-EL-SLD-08),IITB_COPT_BOQ,72,text
IITB_COPT_BOQ_p72_l58,"Wiring with space heater, thermostat and control MCB’s shall be provided in all vertical",IITB_COPT_BOQ,72,text
IITB_COPT_BOQ_p72_l62,All bus bar section / backside panels shall have pad locking facility and hinged type door.,IITB_COPT_BOQ,72,text
IITB_COPT_BOQ_p72_l63,"The'6th FLOOR HVAC PANEL ' as described above complete with wiring, line diagram,",IITB_COPT_BOQ,72,text
IITB_COPT_BOQ_p72_l64,"specifications and approvals, painting and as per direction and final approval of Owner /",IITB_COPT_BOQ,72,text
IITB_COPT_BOQ_p73_l31,"readymade distribution boards, double door, IP 42 degree protection complete with",IITB_COPT_BOQ,73,text
IITB_COPT_BOQ_p73_l32,"necessary, MCB isolators , MCBs, earth leakage circuit breaker (RCCB) etc including",IITB_COPT_BOQ,73,text
IITB_COPT_BOQ_p73_l34,"marked),suitable for concealed mounting /wall mounting with MS frame work of 40 x 40 x 5",IITB_COPT_BOQ,73,text
IITB_COPT_BOQ_p73_l35,"mm MS angle iron, with M.S. enclosure fabricated out of min 16 SWG thick M.S. CRCA sheet",IITB_COPT_BOQ,73,text
IITB_COPT_BOQ_p73_l36,"with concealed hinged door, locking arrangement etc. including earthing clamps for both",IITB_COPT_BOQ,73,text
IITB_COPT_BOQ_p73_l40,"door, metal treatment & powder coated painting, Phase Distribution drawing etc. all as per",IITB_COPT_BOQ,73,text
IITB_COPT_BOQ_p73_l50,All Electrical component should have IS mark,IITB_COPT_BOQ,73,text
IITB_COPT_BOQ_p73_l54,"2.1.2 63 A, DP RCCB with 100mA sensitivity-3 No. Nos 6 7,023.00 42,138.00",IITB_COPT_BOQ,73,text
IITB_COPT_BOQ_p73_l58,"2.2.2 63 A, DP RCCB with 100mA sensitivity-3 No. Nos 6 7,023.00 42,138.00",IITB_COPT_BOQ,73,text
IITB_COPT_BOQ_p73_l69,"2.4.2 63 A, DP RCCB with 100mA sensitivity-3 No. Nos 6 7,023.00 42,138.00",IITB_COPT_BOQ,73,text
IITB_COPT_BOQ_p73_l74,"2.5.2 40A, DP RCCB with 100mA sensitivity as incomer-3 No. Nos 3 5,897.00 17,691.00",IITB_COPT_BOQ,73,text
IITB_COPT_BOQ_p74_l4,"2.7.1 40A, DP RCCB with 100mA sensitivity as incomer-3 No. Nos 3 5,897.00 17,691.00",IITB_COPT_BOQ,74,text
IITB_COPT_BOQ_p74_l9,"2.8.2 40A, DP RCCB with 100mA sensitivity as incomer-3 No. Nos 3 5,897.00 17,691.00",IITB_COPT_BOQ,74,text
IITB_COPT_BOQ_p74_l12,First Floor DBs-INI-IITB-COPT-EL-PWR-DB-SLD-1F-01& 02,IITB_COPT_BOQ,74,text
IITB_COPT_BOQ_p74_l15,"2.9.2 63 A, DP RCCB with 100mA sensitivity-3 No. Nos 9 7,023.00 63,207.00",IITB_COPT_BOQ,74,text
IITB_COPT_BOQ_p74_l23,"2.11.2 63 A, DP RCCB with 100mA sensitivity-3 No. Nos 6 7,023.00 42,138.00",IITB_COPT_BOQ,74,text
IITB_COPT_BOQ_p74_l27,"2.12.2 63 A, DP RCCB with 100mA sensitivity-3 No. Nos 6 7,023.00 42,138.00",IITB_COPT_BOQ,74,text
IITB_COPT_BOQ_p74_l36,"2.14.2 40A, DP RCCB with 100mA sensitivity as incomer-3 No. Nos 3 5,897.00 17,691.00",IITB_COPT_BOQ,74,text
IITB_COPT_BOQ_p74_l40,"2.15.2 40A, DP RCCB with 100mA sensitivity as incomer-3 No. Nos 3 5,897.00 17,691.00",IITB_COPT_BOQ,74,text
IITB_COPT_BOQ_p74_l42,Second Floor DBs-INI-IITB-COPT-EL-PWR-DB-SLD-2F-01/02,IITB_COPT_BOQ,74,text
IITB_COPT_BOQ_p74_l45,"2.16.2 40A, DP RCCB with 100mA sensitivity as incomer-3 No. Nos 3 5,897.00 17,691.00",IITB_COPT_BOQ,74,text
IITB_COPT_BOQ_p74_l49,"2.17.2 40A, DP RCCB with 100mA sensitivity as incomer-3 No. Nos 3 5,897.00 17,691.00",IITB_COPT_BOQ,74,text
IITB_COPT_BOQ_p74_l53,"2.18.2 40A, DP RCCB with 100mA sensitivity as incomer-3 No. Nos 3 5,897.00 17,691.00",IITB_COPT_BOQ,74,text
IITB_COPT_BOQ_p74_l57,"2.19.2 40A, DP RCCB with 100mA sensitivity as incomer-3 No. Nos 3 5,897.00 17,691.00",IITB_COPT_BOQ,74,text
IITB_COPT_BOQ_p74_l61,"2.20.2 63 A, DP RCCB with 100mA sensitivity-3 No. Nos 3 7,023.00 21,069.00",IITB_COPT_BOQ,74,text
IITB_COPT_BOQ_p74_l65,"2.21.2 40A, DP RCCB with 100mA sensitivity as incomer-3 No. Nos 3 5,897.00 17,691.00",IITB_COPT_BOQ,74,text
IITB_COPT_BOQ_p74_l69,"2.22.2 63 A, DP RCCB with 100mA sensitivity-3 No. Nos 3 7,023.00 21,069.00",IITB_COPT_BOQ,74,text
IITB_COPT_BOQ_p74_l73,"2.23.2 40A, DP RCCB with 100mA sensitivity as incomer-3 No. Nos 3 5,897.00 17,691.00",IITB_COPT_BOQ,74,text
IITB_COPT_BOQ_p74_l77,"2.24.2 63 A, DP RCCB with 100mA sensitivity-3 No. Nos 3 7,023.00 21,069.00",IITB_COPT_BOQ,74,text
IITB_COPT_BOQ_p75_l2,"2.25.2 40A, DP RCCB with 100mA sensitivity as incomer-3 No. Nos 3 5,897.00 17,691.00",IITB_COPT_BOQ,75,text
IITB_COPT_BOQ_p75_l4,2.26Third Floor DBs-INI-IITB-COPT-EL-PWR-DB-SLD-3F-01/02,IITB_COPT_BOQ,75,text
IITB_COPT_BOQ_p75_l8,"2.26.2 63 A, DP RCCB with 100mA sensitivity-3 No. Nos 6 7,023.00 42,138.00",IITB_COPT_BOQ,75,text
IITB_COPT_BOQ_p75_l12,"2.27.2 40A, DP RCCB with 100mA sensitivity as incomer-3 No. Nos 3 5,897.00 17,691.00",IITB_COPT_BOQ,75,text
IITB_COPT_BOQ_p75_l16,"2.28.2 63 A, DP RCCB with 100mA sensitivity-3 No. Nos 3 7,023.00 21,069.00",IITB_COPT_BOQ,75,text
IITB_COPT_BOQ_p75_l20,"2.29.2 40A, DP RCCB with 100mA sensitivity as incomer-3 No. Nos 3 5,897.00 17,691.00",IITB_COPT_BOQ,75,text
IITB_COPT_BOQ_p75_l24,"2.30.2 40A, DP RCCB with 100mA sensitivity as incomer-3 No. Nos 3 5,897.00 17,691.00",IITB_COPT_BOQ,75,text
IITB_COPT_BOQ_p75_l28,"2.31.2 40A, DP RCCB with 100mA sensitivity as incomer-3 No. Nos 3 5,897.00 17,691.00",IITB_COPT_BOQ,75,text
IITB_COPT_BOQ_p75_l32,"2.32.2 40A, DP RCCB with 100mA sensitivity as incomer-3 No. Nos 3 5,897.00 17,691.00",IITB_COPT_BOQ,75,text
IITB_COPT_BOQ_p75_l36,"2.33.2 40A, DP RCCB with 100mA sensitivity as incomer-3 No. Nos 3 5,897.00 17,691.00",IITB_COPT_BOQ,75,text
IITB_COPT_BOQ_p75_l40,"2.34.2 40A, DP RCCB with 100mA sensitivity as incomer-3 No. Nos 3 5,897.00 17,691.00",IITB_COPT_BOQ,75,text
IITB_COPT_BOQ_p75_l44,"2.35.2 40A, DP RCCB with 100mA sensitivity as incomer-3 No. Nos 3 5,897.00 17,691.00",IITB_COPT_BOQ,75,text
IITB_COPT_BOQ_p75_l48,"2.36.2 40A, DP RCCB with 100mA sensitivity as incomer-3 No. Nos 3 5,897.00 17,691.00",IITB_COPT_BOQ,75,text
IITB_COPT_BOQ_p75_l50,2.37Fourth Floor DBs-INI-IITB-COPT-EL-PWR-DB-SLD-4F-01/02/03,IITB_COPT_BOQ,75,text
IITB_COPT_BOQ_p75_l54,"2.37.2 63 A, DP RCCB with 100mA sensitivity-3 No. Nos 6 7,023.00 42,138.00",IITB_COPT_BOQ,75,text
IITB_COPT_BOQ_p75_l59,"2.38.2 40A, DP RCCB with 100mA sensitivity as incomer-3 No. Nos 6 5,897.00 35,382.00",IITB_COPT_BOQ,75,text
IITB_COPT_BOQ_p75_l63,"2.39.2 40A, DP RCCB with 100mA sensitivity as incomer-3 No. Nos 3 5,897.00 17,691.00",IITB_COPT_BOQ,75,text
IITB_COPT_BOQ_p75_l67,"2.40.2 63 A, DP RCCB with 100mA sensitivity-3 No. Nos 3 7,023.00 21,069.00",IITB_COPT_BOQ,75,text
IITB_COPT_BOQ_p75_l73,"2.41.2 63 A, DP RCCB with 100mA sensitivity-3 No. Nos 9 7,023.00 63,207.00",IITB_COPT_BOQ,75,text
IITB_COPT_BOQ_p76_l8,"2.43.2 40A, DP RCCB with 100mA sensitivity -3 No. Nos 3 5,897.00 17,691.00",IITB_COPT_BOQ,76,text
IITB_COPT_BOQ_p76_l12,"2.44.2 63 A, DP RCCB with 100mA sensitivity-3 No. Nos 3 7,023.00 21,069.00",IITB_COPT_BOQ,76,text
IITB_COPT_BOQ_p76_l16,"2.45.2 40A, DP RCCB with 100mA sensitivity as incomer-3 No. Nos 3 5,897.00 17,691.00",IITB_COPT_BOQ,76,text
IITB_COPT_BOQ_p76_l19,Fifth Floor DBs-INI-IITB-COPT-EL-PWR-DB-SLD-5F-01/02/03 -,IITB_COPT_BOQ,76,text
IITB_COPT_BOQ_p76_l23,"2.46.2 63 A, DP RCCB with 100mA sensitivity-3 No. Nos 6 7,023.00 42,138.00",IITB_COPT_BOQ,76,text
IITB_COPT_BOQ_p76_l28,"2.47.2 40A, DP RCCB with 100mA sensitivity as incomer-3 No. Nos 6 5,897.00 35,382.00",IITB_COPT_BOQ,76,text
IITB_COPT_BOQ_p76_l32,"2.48.2 63 A, DP RCCB with 100mA sensitivity-3 No. Nos 3 7,023.00 21,069.00",IITB_COPT_BOQ,76,text
IITB_COPT_BOQ_p76_l36,"2.49.2 40A, DP RCCB with 100mA sensitivity as incomer-3 No. Nos 3 5,897.00 17,691.00",IITB_COPT_BOQ,76,text
IITB_COPT_BOQ_p76_l40,"2.50.2 63 A, DP RCCB with 100mA sensitivity-3 No. Nos 3 7,023.00 21,069.00",IITB_COPT_BOQ,76,text
IITB_COPT_BOQ_p76_l45,"2.51.2 63 A, DP RCCB with 100mA sensitivity-3 No. Nos 6 7,023.00 42,138.00",IITB_COPT_BOQ,76,text
IITB_COPT_BOQ_p76_l55,"2.53.2 63 A, DP RCCB with 100mA sensitivity-3 No. Nos 3 7,023.00 21,069.00",IITB_COPT_BOQ,76,text
IITB_COPT_BOQ_p76_l59,"2.54.2 40A, DP RCCB with 100mA sensitivity as incomer-3 No. Nos 3 5,897.00 17,691.00",IITB_COPT_BOQ,76,text
IITB_COPT_BOQ_p76_l62,Sixth Floor DBs-INI-IITB-COPT-EL-PWR-DB-SLD-6F-01/02/03,IITB_COPT_BOQ,76,text
IITB_COPT_BOQ_p76_l65,"2.55.2 63 A, DP RCCB with 100mA sensitivity-3 No. Nos 3 7,023.00 21,069.00",IITB_COPT_BOQ,76,text
IITB_COPT_BOQ_p77_l28,"2.62.2 63 A, DP RCCB with 100mA sensitivity-3 No. Nos 6 7,023.00 42,138.00",IITB_COPT_BOQ,77,text
IITB_COPT_BOQ_p77_l57,"2.68.2 40A, DP RCCB with 100mA sensitivity as incomer-3 No. Nos 3 5,897.00 17,691.00",IITB_COPT_BOQ,77,text
IITB_COPT_BOQ_p77_l77,"2.73.2 63 A, DP RCCB with 100mA sensitivity-3 No. Nos 3 7,023.00 21,069.00",IITB_COPT_BOQ,77,text
IITB_COPT_BOQ_p78_l3,"2.74.2 25 A, DP RCCB with 100mA sensitivity-3 No. Nos 3 5,106.00 15,318.00",IITB_COPT_BOQ,78,text
IITB_COPT_BOQ_p78_l19,"2.79.2 25 A, DP RCCB with 100mA sensitivity-3 No. Nos 3 5,106.00 15,318.00",IITB_COPT_BOQ,78,text
IITB_COPT_BOQ_p78_l38,"2.85.2 25 A, DP RCCB with 100mA sensitivity-3 No. Nos 3 5,106.00 15,318.00",IITB_COPT_BOQ,78,text
IITB_COPT_BOQ_p78_l54,"2.90.2 25 A, DP RCCB with 100mA sensitivity-3 No. Nos 3 5,106.00 15,318.00",IITB_COPT_BOQ,78,text
IITB_COPT_BOQ_p78_l62,"2.92.2 25 A, DP RCCB with 100mA sensitivity-3 No. Nos 3 5,106.00 15,318.00",IITB_COPT_BOQ,78,text
IITB_COPT_BOQ_p78_l73,"2.95.2 25 A, DP RCCB with 100mA sensitivity-3 No. Nos 3 5,106.00 15,318.00",IITB_COPT_BOQ,78,text
IITB_COPT_BOQ_p79_l8,"2.98.2 25 A, DP RCCB with 100mA sensitivity-3 No. Nos 3 5,106.00 15,318.00",IITB_COPT_BOQ,79,text
IITB_COPT_BOQ_p79_l24,"2.102.2 25 A, DP RCCB with 100mA sensitivity-3 No. Nos 3 6,006.00 18,018.00",IITB_COPT_BOQ,79,text
IITB_COPT_BOQ_p79_l34,"2.103.2 25 A, DP RCCB with 100mA sensitivity-3 No. Nos 21 5,106.00 1,07,226.00",IITB_COPT_BOQ,79,text
IITB_COPT_BOQ_p79_l45,"2.105.2 40 A, DP RCCB with 100mA sensitivity-3 No. Nos 6 5,897.00 35,382.00",IITB_COPT_BOQ,79,text
IITB_COPT_BOQ_p79_l51,"2.106.2 40 A, DP RCCB with 100mA sensitivity-3 No. Nos 9 5,897.00 53,073.00",IITB_COPT_BOQ,79,text
IITB_COPT_BOQ_p79_l56,"2.107.2 40 A, DP RCCB with 100mA sensitivity-3 No. Nos 6 5,897.00 35,382.00",IITB_COPT_BOQ,79,text
IITB_COPT_BOQ_p79_l64,"2.109 DB-PUMP ROOM-6 way SPN DB Set 1 2,174.00 2,174.00",IITB_COPT_BOQ,79,text
IITB_COPT_BOQ_p79_l73,"7098 Part I laid over MS supports, cable racks, trenches, or fixing on walls including clamping",IITB_COPT_BOQ,79,text
IITB_COPT_BOQ_p80_l25,"used for copper cable & Gland Earthing as directed by E.I.C., insulation tape, heavy duty",IITB_COPT_BOQ,80,text
IITB_COPT_BOQ_p80_l50,Supplying and installing following size of perforated painted with,IITB_COPT_BOQ,80,text
IITB_COPT_BOQ_p80_l54,"& nuts, painting suspenders etc. as required.",IITB_COPT_BOQ,80,text
IITB_COPT_BOQ_p80_l61,3.4UNDER FLOOR RACEWAYS / TRUNKING JUNCTION BOXES,IITB_COPT_BOQ,80,text
IITB_COPT_BOQ_p80_l62,"Supply and installation of Hot dip galvanised, GI fabricated floor junction boxes as per",IITB_COPT_BOQ,80,text
IITB_COPT_BOQ_p80_l65,accessoriesrequired to complte the job. (Thecivil worklike cuttingof the floor toambedded,IITB_COPT_BOQ,80,text
IITB_COPT_BOQ_p80_l66,injunctionboxesinthefloor tobe inlcudedintherate).Topcover shallbe madeup from2.5,IITB_COPT_BOQ,80,text
IITB_COPT_BOQ_p80_l67,mm thick GI steel plate.,IITB_COPT_BOQ,80,text
IITB_COPT_BOQ_p81_l1,3.5HUME PIPES FOR UNDERGROUND CABLING,IITB_COPT_BOQ,81,text
IITB_COPT_BOQ_p81_l2,Providing &laying non pressure NP2 class (light duty) RCC pipe with collars jointed with stiff,IITB_COPT_BOQ,81,text
IITB_COPT_BOQ_p81_l3,mixture of cement mortar in the propotion of 1:2 (1 cement: 2fine sand) including testing of,IITB_COPT_BOQ,81,text
IITB_COPT_BOQ_p81_l8,3.6Supplying and Laying of following sizes of under floor Raceways made out of 2mm Pre,IITB_COPT_BOQ,81,text
IITB_COPT_BOQ_p81_l9,"Galvanised Steel sheet or Hot dip galvanised including Couplers, Jointing sleeves, floor fixing",IITB_COPT_BOQ,81,text
IITB_COPT_BOQ_p81_l10,"supports, Concealed in floor with chipping and levelling that portion of the floor wherever",IITB_COPT_BOQ,81,text
IITB_COPT_BOQ_p81_l19,3.7MANHOLE,IITB_COPT_BOQ,81,text
IITB_COPT_BOQ_p81_l22,"3.7.1Providing 900 mm(B) x 800 mm(W) X 750 mm(D) manhole complete with 6"" thick brickwall,",IITB_COPT_BOQ,81,text
IITB_COPT_BOQ_p81_l23,"plastering on both sides and providing C.I. hinged cover complete in all respect. Nos. 7 11,398.00 79,786.00",IITB_COPT_BOQ,81,text
IITB_COPT_BOQ_p81_l24,"3.7.2Providing 900 mm(B) x 800 mm(W) X 1000 mm(D) manhole complete with 6"" thick brickwall,",IITB_COPT_BOQ,81,text
IITB_COPT_BOQ_p81_l25,"plastering on both sides and providing C.I. hinged cover complete in all respect. Nos. 7 23,726.00 1,66,082.00",IITB_COPT_BOQ,81,text
IITB_COPT_BOQ_p81_l26,"3.7.3Providing 1500 mm(B) x 900 mm(W) X 1350 mm(D) manhole complete with 6"" thick",IITB_COPT_BOQ,81,text
IITB_COPT_BOQ_p81_l27,"brickwall, plastering on both sides and providing C.I. hinged cover complete in all respect. Nos. 8 29,479.00 2,35,832.00",IITB_COPT_BOQ,81,text
IITB_COPT_BOQ_p81_l29,"4POINT WIRING IN PVC CONDUIT, ETC.",IITB_COPT_BOQ,81,text
IITB_COPT_BOQ_p81_l38,4.1Point wiring in PVC conduit,IITB_COPT_BOQ,81,text
IITB_COPT_BOQ_p81_l39,"Point wiring for light/ceiing fan/6A/ 16A/ socket outlet /6A outlet for exhaust fan , bell point",IITB_COPT_BOQ,81,text
IITB_COPT_BOQ_p81_l41,in 25to 40 mm dia High mechanical stress (MMS) rigid PVC conduit / PVC trunking having ISI,IITB_COPT_BOQ,81,text
IITB_COPT_BOQ_p81_l43,slab/wall or on 5mm. thick G.I. spacers fixed with no. 10 nettle within the box piece fold,IITB_COPT_BOQ,81,text
IITB_COPT_BOQ_p81_l44,"wood screws with nylon plug complete with all conduit accessories 20 SWG G.I. Saddles,",IITB_COPT_BOQ,81,text
IITB_COPT_BOQ_p81_l49,"connectors, painting etc. as per specifications and drawings and as per instructions of E-I-C",IITB_COPT_BOQ,81,text
IITB_COPT_BOQ_p81_l58,thickness MS sheet duly painted with red oxide primer & 2 coats of synthetic enamel paint.,IITB_COPT_BOQ,81,text
IITB_COPT_BOQ_p81_l63,9.Themaximum permissible number ofPVCinsulatedwiresthroughPVCconduitsshallbeas,IITB_COPT_BOQ,81,text
IITB_COPT_BOQ_p81_l66,"11. Wiring from DB to Main Switch, From Main Switch toSwitch Board&ifany Loopingfrom",IITB_COPT_BOQ,81,text
IITB_COPT_BOQ_p81_l67,Switch board to Switch board shall be part of point wiring .,IITB_COPT_BOQ,81,text
IITB_COPT_BOQ_p81_l69,the endsofexpansion jointasperthe instructionsofEICfor each&everyconduitincludedin,IITB_COPT_BOQ,81,text
IITB_COPT_BOQ_p82_l3,4.1.1 Wiring for light point/ fan point/ exhaust fan point/ call bell point with 1.5 sq.mm FRLS PVC,IITB_COPT_BOQ,82,text
IITB_COPT_BOQ_p82_l4,"insulated copper conductor single core cable in surface / recessed HMS class PVC conduit,",IITB_COPT_BOQ,82,text
IITB_COPT_BOQ_p82_l7,4.1.2 Wiring for group controlled (looped) light point/fan point/exhaust fan point/ call bell point,IITB_COPT_BOQ,82,text
IITB_COPT_BOQ_p82_l10,"recessed HMS class PVC conduit, and earthing the point core cable etc. as required.",IITB_COPT_BOQ,82,text
IITB_COPT_BOQ_p82_l12,4.1.3 Wiring for circuit/submain wiring along with earth wire with the following sizes of FRLS PVC,IITB_COPT_BOQ,82,text
IITB_COPT_BOQ_p82_l13,"insulated copper conductor, single core copper in surface/recessed PVC conduit as required.",IITB_COPT_BOQ,82,text
IITB_COPT_BOQ_p82_l22,conduit along with accessories in surface/recess including,IITB_COPT_BOQ,82,text
IITB_COPT_BOQ_p82_l23,cutting the wall and making good the same in case of recessed,IITB_COPT_BOQ,82,text
IITB_COPT_BOQ_p82_l24,conduit as required.,IITB_COPT_BOQ,82,text
IITB_COPT_BOQ_p82_l25,"4.1.4.1 25 mm PVC HMS conduit Mtr43980 143.00 62,89,140.00",IITB_COPT_BOQ,82,text
IITB_COPT_BOQ_p82_l32,"4.1.5.5 32A 1Ph. INDUSTRIAL Switch-IP 42 wall mounted Nos 14 8,792.00 1,23,088.00",IITB_COPT_BOQ,82,text
IITB_COPT_BOQ_p82_l33,"4.1.5.6 32A 1Ph. INDUSTRIAL Socket-IP 42 wall mounted Nos 14 15,640.00 2,18,960.00",IITB_COPT_BOQ,82,text
IITB_COPT_BOQ_p82_l51,"4.1.7 Supplying and fixing 63 A, 415 V, TPN Industrial type socket outlet,wall mounted with",IITB_COPT_BOQ,82,text
IITB_COPT_BOQ_p82_l53,"top alongwith 63 A, “C” curve, TPN, MCB, in sheet steel enclosure, on surface or in recess,",IITB_COPT_BOQ,82,text
IITB_COPT_BOQ_p82_l56,"4.1.8 Supplying and fixing 20 A, 240 V, SPN Industrial type socket outlet, wall mounted with",IITB_COPT_BOQ,82,text
IITB_COPT_BOQ_p82_l58,"top alongwith 20A,“C”curve,SP,MCB,in sheetsteelenclosure,on surface or in recess,with",IITB_COPT_BOQ,82,text
IITB_COPT_BOQ_p82_l61,"4.1.9 Supplying and fixing 32 A, 415 V, TPN Industrial type socket outlet, wall mounted with",IITB_COPT_BOQ,82,text
IITB_COPT_BOQ_p82_l63,"top alongwith 32 A, “C” curve, TPN, MCB, in sheet steel enclosure, on surface or in recess,",IITB_COPT_BOQ,82,text
IITB_COPT_BOQ_p82_l66,"4.1.10 Supplying and fixing 63 A, 415 V, TPN Industrial type socket outlet,wall mounted with",IITB_COPT_BOQ,82,text
IITB_COPT_BOQ_p82_l68,"top alongwith 63 A, “C” curve, TPN, MCB, in sheet steel enclosure, on surface or in recess,",IITB_COPT_BOQ,82,text
IITB_COPT_BOQ_p82_l71,"4.1.11 Supplying and fixing 40 A, 100mARCBO TPN,415V,alongwith insheet steelenclosure IP42,",IITB_COPT_BOQ,82,text
IITB_COPT_BOQ_p82_l72,"and complete with connections, testing and commissioning, fixing arrangement on wall etc.",IITB_COPT_BOQ,82,text
IITB_COPT_BOQ_p83_l1,"4.1.12 Supplying and fixing 40 A, 300mARCBO TPN,415V,alongwith insheet steelenclosure IP42,",IITB_COPT_BOQ,83,text
IITB_COPT_BOQ_p83_l2,"and complete with connections, testing and commissioning, fixing arrangement on wall etc.",IITB_COPT_BOQ,83,text
IITB_COPT_BOQ_p83_l4,"4.1.13 Supplying and fixing 40 A, 300mA RCBO TPN, 415 V, alongwith in sheet steel enclosure IP 65,",IITB_COPT_BOQ,83,text
IITB_COPT_BOQ_p83_l5,"and complete with connections, testing and commissioning, fixing arrangement on wall etc.",IITB_COPT_BOQ,83,text
IITB_COPT_BOQ_p83_l7,"4.1.14 Supplying and fixing 25 A, 100mA RCBO, 415 V,alongwith in sheet steel enclosure IP 42, and",IITB_COPT_BOQ,83,text
IITB_COPT_BOQ_p83_l8,"complete with connections, testing and commissioning fixing arrangement on wall etc. as",IITB_COPT_BOQ,83,text
IITB_COPT_BOQ_p83_l10,"4.1.15 Supplying and fixing 25 A, 300mA RCBO TPN, 415 V, alongwith in sheet steel enclosure IP 65,",IITB_COPT_BOQ,83,text
IITB_COPT_BOQ_p83_l11,"and complete with connections, testing and commissioning, fixing arrangement on wall etc.",IITB_COPT_BOQ,83,text
IITB_COPT_BOQ_p83_l13,"4..1.16 Supplying and fixing 63 A, 100mA RCBO TPN, 415 V,alongwith in sheet steel enclosure IP 42,",IITB_COPT_BOQ,83,text
IITB_COPT_BOQ_p83_l14,"and complete with connections, testing and commissioning fixing arrangement on wall etc.",IITB_COPT_BOQ,83,text
IITB_COPT_BOQ_p83_l17,"fan with Brush Less Direct Current (BLDC) Motor, class of insulation: B, 3 nos. blades, 30 cm",IITB_COPT_BOQ,83,text
IITB_COPT_BOQ_p83_l23,"insulation resistance more than 2 mega ohm, suitable for 230 V, 50 Hz, single phase AC",IITB_COPT_BOQ,83,text
IITB_COPT_BOQ_p83_l25,"4.1.18 Supply, installation, testing of Exhaust Fan, single phase complete with blades, motor, scope",IITB_COPT_BOQ,83,text
IITB_COPT_BOQ_p83_l28,"of 30x30x5mm, 4 corners converged with 2mm thick MS sheet to form suitable circular",IITB_COPT_BOQ,83,text
IITB_COPT_BOQ_p83_l29,"opening with necessary fixing arrangement painting as per specification, drawing and as",IITB_COPT_BOQ,83,text
IITB_COPT_BOQ_p83_l34,"pumpsNo. 21 1,915.00 40,215.00",IITB_COPT_BOQ,83,text
IITB_COPT_BOQ_p83_l35,"TOTAL OF POINT WIRING IN PVC CONDUIT, ETC. 3,53,88,521.00",IITB_COPT_BOQ,83,text
IITB_COPT_BOQ_p83_l36,"5LIGHT FIXTURES AND FITTINGS, CEILING FANS, EXHAUST FANS, ETC.",IITB_COPT_BOQ,83,text
IITB_COPT_BOQ_p83_l37,"Light Fixtures, Fittings & Lamps",IITB_COPT_BOQ,83,text
IITB_COPT_BOQ_p83_l38,"Supply, installation, testing & commissioning of fixtures & fittings, ceiling fans, exhaust fans,",IITB_COPT_BOQ,83,text
IITB_COPT_BOQ_p83_l39,"etc. complete with accessories, tube/lamp etc in on surface of slab/beam by 2 nos",IITB_COPT_BOQ,83,text
IITB_COPT_BOQ_p83_l40,"(minimum) of 6 mm anchor fasteners or on wall with 2 nos of wood screws, nylon plug etc.,",IITB_COPT_BOQ,83,text
IITB_COPT_BOQ_p83_l41,suitable supporting frame fixed with rag bolts grouted on the wall/anchor fastener on the,IITB_COPT_BOQ,83,text
IITB_COPT_BOQ_p83_l42,beam/on the column & other fixing accessories etc provision & connection with 1.5 sq.mm,IITB_COPT_BOQ,83,text
IITB_COPT_BOQ_p83_l46,1) Sample fixture/fittings/lamps shall be got approved from Department and Architects with,IITB_COPT_BOQ,83,text
IITB_COPT_BOQ_p84_l8,shouldaccommodatedifferent color tiles&alsoaccommodateServiceslike-ACGrill&Smoke,IITB_COPT_BOQ,84,text
IITB_COPT_BOQ_p84_l19,shouldaccommodatedifferent color tiles&alsoaccommodateServiceslike-ACGrill&Smoke,IITB_COPT_BOQ,84,text
IITB_COPT_BOQ_p84_l30,accommodate different color tiles & also accommodate Services like-AC Grill & Smoke,IITB_COPT_BOQ,84,text
IITB_COPT_BOQ_p85_l4,"Lumen, 6500K CRI>80 with Ra>0, THD <10%, SDCM<5, Beam angle 60-65 Deg Input voltage",IITB_COPT_BOQ,85,text
IITB_COPT_BOQ_p85_l14,"Lumen, 6500K CRI>80 with Ra>0, THD <10%, SDCM<5, Beam angle 60-65 Deg Input voltage",IITB_COPT_BOQ,85,text
IITB_COPT_BOQ_p85_l23,"125lm/W. Power consumption : 16 to 20W , CRI >80 & luminaire should have beam angle",IITB_COPT_BOQ,85,text
IITB_COPT_BOQ_p85_l37,"point wiring)No. 24 975.00 23,400.00",IITB_COPT_BOQ,85,text
IITB_COPT_BOQ_p85_l39,"5.166-10 W wall braket light for Electrical Shaft No. 24 975.00 23,400.00",IITB_COPT_BOQ,85,text
IITB_COPT_BOQ_p85_l41,"5.17Terrace Light-Supply, Installation Testing and Commissioning of Compound wall light fitting of",IITB_COPT_BOQ,85,text
IITB_COPT_BOQ_p85_l49,"5.18 Supply, Installation Testing and Commissioning of Compound wall light fitting of 8 to 12W w",IITB_COPT_BOQ,85,text
IITB_COPT_BOQ_p85_l57,"5.19 Supply, Installation, Commissioning of post top luminaire having symmetrical beam angle",IITB_COPT_BOQ,85,text
IITB_COPT_BOQ_p85_l71,"TOTAL OF LIGHT FIXTURES AND FITTINGS, CEILING FANS, EXHAUST FANS, ETC. 67,18,737.00",IITB_COPT_BOQ,85,text
IITB_COPT_BOQ_p86_l5,6.2 Providing and fixing G.I. tape 25mm X 5 mm thick on parapet or surface of wall for lightning,IITB_COPT_BOQ,86,text
IITB_COPT_BOQ_p86_l12,"6.7Cross Bonding to HVAC, Pumps etc item on terrace floor-copper wire Nos100 1,139.00 1,13,900.00",IITB_COPT_BOQ,86,text
IITB_COPT_BOQ_p86_l25,connecting 50 x 10 mm. G.I. Flat on two sides. A masonry structure shall be constructed to a,IITB_COPT_BOQ,86,text
IITB_COPT_BOQ_p86_l26,"depth of 750mm.and with 450 x 450 mm (clear) chamber, and a heavy duty Cast Iron Cover",IITB_COPT_BOQ,86,text
IITB_COPT_BOQ_p86_l27,"shallbeusedtocoverthe pit.Excavation ofHardRock,Boring,Drilling,backfilling,removalof",IITB_COPT_BOQ,86,text
IITB_COPT_BOQ_p86_l28,"excess soil/Rock, supply of Back filling compound is included in the scope complete as per",IITB_COPT_BOQ,86,text
IITB_COPT_BOQ_p86_l39,earthing/looping earth connections at various floors shall be provided and executed as per,IITB_COPT_BOQ,86,text
IITB_COPT_BOQ_p86_l41,"6) Rate Quoted shall include the 2Bags of (BFC) Back filling compound as required.Set 12 7,596.00 91,152.00",IITB_COPT_BOQ,86,text
IITB_COPT_BOQ_p86_l44,connecting 50 x 10 mm. Copper. Flat on two sides. A masonry structure shall be constructed,IITB_COPT_BOQ,86,text
IITB_COPT_BOQ_p86_l45,"to a depth of 750mm.and with 450 x 450 mm (clear) chamber, and a heavy duty Cast Iron",IITB_COPT_BOQ,86,text
IITB_COPT_BOQ_p86_l46,"Cover shall be used to cover the pit. Excavation of Hard Rock, Boring, Drilling, backfilling,",IITB_COPT_BOQ,86,text
IITB_COPT_BOQ_p86_l47,"removal of excess soil/Rock, supply of Back filling compound is included in the scope",IITB_COPT_BOQ,86,text
IITB_COPT_BOQ_p86_l58,earthing/looping earth connections at various floors shall be provided and executed as per,IITB_COPT_BOQ,86,text
IITB_COPT_BOQ_p86_l60,"6) Rate Quoted shall include the 2Bags of (BFC) Back filling compound as required.Set 10 33,643.00 3,36,430.00",IITB_COPT_BOQ,86,text
IITB_COPT_BOQ_p86_l62,"earthing stations and various equipment in built up trenches, walls/ceiling, buried in ground",IITB_COPT_BOQ,86,text
IITB_COPT_BOQ_p87_l40,9SAFETY EQUIPMENTS FOR ELECTRICAL INSTALLATION,IITB_COPT_BOQ,87,text
IITB_COPT_BOQ_p87_l42,onto the wall shall be framed in teak wood frame and covered with glass with necessary,IITB_COPT_BOQ,87,text
IITB_COPT_BOQ_p87_l44,9.2SupplyingandfixingPVCSyntheticelastomerelectricallyinsulatingmatwithclassCinsulation,IITB_COPT_BOQ,87,text
IITB_COPT_BOQ_p87_l47,"9.3 Providing &fixing M.V.Danger noticeplateof200MMX150MMmadeofmildsteel,atleast",IITB_COPT_BOQ,87,text
IITB_COPT_BOQ_p87_l48,"2mm thick, & vitreous enameled whitr on both sides, and with inscription in single red color",IITB_COPT_BOQ,87,text
IITB_COPT_BOQ_p87_l50,"TOTAL OF SAFETY EQUIPMENTS FOR ELECTRICAL INSTALLATION 2,55,600.00",IITB_COPT_BOQ,87,text
IITB_COPT_BOQ_p87_l65,1.1.7 Supply and Installation of following sizes HMS FRLS PVC conduit concealed in slab / wall or,IITB_COPT_BOQ,87,text
IITB_COPT_BOQ_p87_l66,"surface mounted on wall / ceiling, including cost of junction boxes, bends, elbows, sockets,",IITB_COPT_BOQ,87,text
IITB_COPT_BOQ_p87_l67,"tees etc. laying in slab, cutting chasis and making good wherever called for or surface",IITB_COPT_BOQ,87,text
IITB_COPT_BOQ_p87_l69,"1.1.7.1 25 mm dia 2mm thick PVC Conduits Rmt 112 143.00 16,016.00",IITB_COPT_BOQ,87,text
IITB_COPT_BOQ_p88_l4,"manager ,flexible G.I pipe, PVC Conduit HMS variety conforming to IS 9537 Part - III, etc",IITB_COPT_BOQ,88,text
IITB_COPT_BOQ_p88_l31,withcoredia 50/125Lm (OM3)onwall/ceiling or laid in providedCable tray/pipe/trenchas,IITB_COPT_BOQ,88,text
IITB_COPT_BOQ_p88_l39,1.2.16Supply and installation of following sizes Floor Mount Network Rack Side Integrated with,IITB_COPT_BOQ,88,text
IITB_COPT_BOQ_p88_l40,"Front Glass Door, Rear Mesh Door, Castors, 2 Fans, PDU 6 Soc 5 Amps, Tray , Cable",IITB_COPT_BOQ,88,text
IITB_COPT_BOQ_p88_l46,1.2.17 Supply and Installation of following sizes HMS FRLS PVC conduit concealed in slab / wall or,IITB_COPT_BOQ,88,text
IITB_COPT_BOQ_p88_l47,"surface mounted on wall / ceiling, including cost of junction boxes, bends, elbows, sockets,",IITB_COPT_BOQ,88,text
IITB_COPT_BOQ_p88_l48,"tees etc. laying in slab, cutting chasis and making good wherever called for or surface",IITB_COPT_BOQ,88,text
IITB_COPT_BOQ_p88_l50,"1.2.17.1 25 mm dia 2mm thick PVC Conduits Rmt11127 143.00 15,91,161.00",IITB_COPT_BOQ,88,text
IITB_COPT_BOQ_p88_l60,"log in the non volatile memory (EPROM), power supply unit (230 + 5",IITB_COPT_BOQ,88,text
IITB_COPT_BOQ_p89_l2,"specifications: Intel® Core™ i7 2400 or better ,2.8GHz, OS - Genuine Microsoft Windows 10",IITB_COPT_BOQ,89,text
IITB_COPT_BOQ_p89_l35,"of Cross Linkable Ethylene Propylene Rubber (EPR) insulation and LSZH inner bedding, steel",IITB_COPT_BOQ,89,text
IITB_COPT_BOQ_p89_l48,"3.3Supplying, Installation, Testing & Commissioning 20 watt Wall mounted speaker complete",IITB_COPT_BOQ,89,text
IITB_COPT_BOQ_p89_l59,"3.7Supply,laying, testing & comissioning of 25 mm dia Rigid PVC HMC FR conduit including PVC",IITB_COPT_BOQ,89,text
IITB_COPT_BOQ_p89_l60,"junction boxes, couplers, bends etc with all accessories in wall/ceiling/concealed/open",IITB_COPT_BOQ,89,text
IITB_COPT_BOQ_p89_l63,"controller,amplifier, mains panel with front glass door , rear door field terminations on rear",IITB_COPT_BOQ,89,text
IITB_COPT_BOQ_p90_l5,"profile S & G, Data encryption with all accessories like tamper proof screws, clamps, wiring",IITB_COPT_BOQ,90,text
IITB_COPT_BOQ_p90_l8,"4.2 5Megapixel IP IR OUtdoor Bullet Network Camera with required outdoor accesories Supply,",IITB_COPT_BOQ,90,text
IITB_COPT_BOQ_p90_l15,"screws,clamps, wiringetc. tomount the camera should be included as required.Ref Make&",IITB_COPT_BOQ,90,text
IITB_COPT_BOQ_p90_l24,"such as a flashing light, bell, or siren, Events Camera alarm in, (Smart) motion detection,",IITB_COPT_BOQ,90,text
IITB_COPT_BOQ_p90_l34,"4.5 Supply, Installation, Wiring, Programming of i7(or latestavailable atthe timeof supply)Intel",IITB_COPT_BOQ,90,text
IITB_COPT_BOQ_p90_l37,infrared mouse; Work station shall be preloaded with requisite Licensed MS Windows,IITB_COPT_BOQ,90,text
IITB_COPT_BOQ_p90_l58,"wall/ceiling or laid in provided pipe/trench/Cable tray as per drawing and specifications. Mtr1337 146.00 1,95,202.00",IITB_COPT_BOQ,90,text
IITB_COPT_BOQ_p90_l62,"4.17 Supply, laying, testing and commisioning of 25 mm dia Rigid HMS FR PVC conduit in",IITB_COPT_BOQ,90,text
IITB_COPT_BOQ_p90_l63,"wall/ceiling/concealed/open manner. Mtr4082 143.00 5,83,726.00",IITB_COPT_BOQ,90,text
IITB_COPT_BOQ_p90_l66,"including CKT Breaker, Door Trims - Sheet steel, powder coated RAL 7037 Viewing area -",IITB_COPT_BOQ,90,text
IITB_COPT_BOQ_p90_l70,"including CKT Breaker, Door Trims - Sheet steel, powder coated RAL 7037 Viewing area -",IITB_COPT_BOQ,90,text
IITB_COPT_BOQ_p91_l15,5.6Supply Installation Testing & Commissioning of 2 Door (4 Reader) Intelligent Controller with,IITB_COPT_BOQ,91,text
IITB_COPT_BOQ_p91_l20,"Support Anti Pass back (Global & Local with Hard/Soft implementation), Door Control:",IITB_COPT_BOQ,91,text
IITB_COPT_BOQ_p91_l23,"Toggle; 8Credentialformats and 8 sitecodes, 65000accesslevels,255 holidaysand 127time",IITB_COPT_BOQ,91,text
IITB_COPT_BOQ_p91_l26,"4 hrs Battery backup and all necessary accessories & peripheral items for civil, electrical",IITB_COPT_BOQ,91,text
IITB_COPT_BOQ_p91_l38,"Windows® 10 Enterprise 64-bit, RAM - 16GB, Hard Drives - 1 TB 7200RPM SATA3, Video",IITB_COPT_BOQ,91,text
IITB_COPT_BOQ_p91_l43,"sheathed unarmoured Cable in provided PVC conduit, including all accessories complete. Mtr 20 255.00 5,100.00",IITB_COPT_BOQ,91,text
IITB_COPT_BOQ_p91_l45,"sheathed unarmoured cable in provided PVC conduit, including all accessories complete. Mtr 20 156.00 3,120.00",IITB_COPT_BOQ,91,text
IITB_COPT_BOQ_p91_l46,"5.11Supply,laying, testing & comissioning of 25 mm dia Rigid PVC HMC FR conduit including PVC",IITB_COPT_BOQ,91,text
IITB_COPT_BOQ_p91_l47,"junction boxes, couplers, bends etc with all accessories in wall/ceiling/concealed/open",IITB_COPT_BOQ,91,text
IITB_COPT_BOQ_p91_l52,"1.1Supply, Installation, Testing & Commissioning of 320 KVA rating, Standby duty, outdoor",IITB_COPT_BOQ,91,text
IITB_COPT_BOQ_p91_l54,"oil fuel tank as part of enclosure with fuel piping including anti-vibration mounts, spring",IITB_COPT_BOQ,91,text
IITB_COPT_BOQ_p91_l64,"Fuel tank with air breather and drain plug,",IITB_COPT_BOQ,91,text
IITB_COPT_BOQ_p92_l6,Diesel shall be filled fully in tank after testing & commissioning. Tank shall be of maximum,IITB_COPT_BOQ,92,text
IITB_COPT_BOQ_p92_l35,AMF control panel shall be fabricated from steel sheet of 2.0 mm thickness duly pretreated,IITB_COPT_BOQ,92,text
IITB_COPT_BOQ_p92_l36,with 7 tank process and painted with one coat of red oxide and 2 coats of enamel paint of,IITB_COPT_BOQ,92,text
IITB_COPT_BOQ_p92_l37,"Admiralty grey colour The control panel shall be outdoor type totally enclosed, dust and",IITB_COPT_BOQ,92,text
IITB_COPT_BOQ_p92_l38,"vermin proof, floor mounted type with degree of protection IP-56 as per IS / IEC 60947(part",IITB_COPT_BOQ,92,text
IITB_COPT_BOQ_p92_l39,"1) / 2004., Double door with canopy, vision glass, mounting stand etc. Complete.",IITB_COPT_BOQ,92,text
IITB_COPT_BOQ_p93_l2,fault may be provided (All electrical and mechanical alarms and trips to be included).,IITB_COPT_BOQ,93,text
IITB_COPT_BOQ_p93_l7,u) Foundation of AMF panel & DG Set (done as per approval from structural consultant/ DG,IITB_COPT_BOQ,93,text
IITB_COPT_BOQ_p93_l11,Electrical Inspector's Approval/CEIG from PWD-Liasion charges for obtaining approval of,IITB_COPT_BOQ,93,text
IITB_COPT_BOQ_p93_l13,the scope of work: Preparation and submission of drawing to electrical inspector (CEA) and,IITB_COPT_BOQ,93,text
IITB_COPT_BOQ_p93_l14,"obtaining approval of electrical inspector. Inspection Fees (receipt to be submitted to IITB) Job 1 51,750.00 51,750.00",IITB_COPT_BOQ,93,text
IITB_COPT_BOQ_p93_l17,"Providing, fixing & installing MS class-B exhaust pipe/ silencer 6"" dia (for 320 kVA DG set &",IITB_COPT_BOQ,93,text
IITB_COPT_BOQ_p93_l18,approx 2 mtrs of vertical run for standalone outdoor installation) and all necessary supports,IITB_COPT_BOQ,93,text
IITB_COPT_BOQ_p93_l19,"fixing accessories and hardwares , The exhaust pipes be insulated with 75 mm thick mineral",IITB_COPT_BOQ,93,text
IITB_COPT_BOQ_p93_l20,wool (density 150Kg/m3) insulation wrapped in chicken mesh and clad with 26gauge,IITB_COPT_BOQ,93,text
IITB_COPT_BOQ_p93_l21,aluminum sheet including all hot dip galvanized structural support as required. Shall be,IITB_COPT_BOQ,93,text
IITB_COPT_BOQ_p93_l22,"protected from water entering in pipe by providing elbow and damper.Set 1 7,021.00 7,021.00",IITB_COPT_BOQ,93,text
IITB_COPT_BOQ_p93_l25,"1 . All fixing accessories such as brass saddles, brass screws, wall plugs etc",IITB_COPT_BOQ,93,text
IITB_COPT_BOQ_p93_l33,"8. All equipment motors, DB's, panels to be connected on either ends (double earthing) with",IITB_COPT_BOQ,93,text
IITB_COPT_BOQ_p93_l41,connecting 50 x 10 mm. Copper. Flat on two sides. A masonry structure shall be constructed,IITB_COPT_BOQ,93,text
IITB_COPT_BOQ_p93_l42,"to a depth of 750mm.and with 450 x 450 mm (clear) chamber, and a heavy duty Cast Iron",IITB_COPT_BOQ,93,text
IITB_COPT_BOQ_p93_l43,"Cover shall be used to cover the pit. Excavation of Hard Rock, Boring, Drilling, backfilling,",IITB_COPT_BOQ,93,text
IITB_COPT_BOQ_p93_l44,"removal of excess soil/Rock, supply of Back filling compound is included in the scope",IITB_COPT_BOQ,93,text
IITB_COPT_BOQ_p93_l55,earthing/looping earth connections at various floors shall be provided and executed as per,IITB_COPT_BOQ,93,text
IITB_COPT_BOQ_p93_l57,"6) Rate Quoted shall include the 2Bags of (BFC) Back filling compound as required.Nos. 4 33,643.00 1,34,572.00",IITB_COPT_BOQ,93,text
IITB_COPT_BOQ_p93_l58,"6CABLES, TERMINATIONS AND RCC PIPES",IITB_COPT_BOQ,93,text
IITB_COPT_BOQ_p93_l65,Fire retardant paint 1 metre on both side of wall penetration and at termination as per,IITB_COPT_BOQ,93,text
IITB_COPT_BOQ_p93_l67,Buried LT cables to be laid in hume pipes.,IITB_COPT_BOQ,93,text
IITB_COPT_BOQ_p93_l69,"sheathed & flat galvanised (strip) armoured cable and Laying in hume pipe provided,",IITB_COPT_BOQ,93,text
IITB_COPT_BOQ_p93_l70,"existing trench saddling on wall with 25X3mm GI strip/ clamp with SS screws, nut bolts as",IITB_COPT_BOQ,93,text
IITB_COPT_BOQ_p94_l3,6.2Providing & laying non pressure NP2 class (light duty) RCC pipe with collars jointed with stiff,IITB_COPT_BOQ,94,text
IITB_COPT_BOQ_p94_l4,mixture of cement mortar in the propotion of 1:2 (1 cement: 2fine sand) including testing of,IITB_COPT_BOQ,94,text
IITB_COPT_BOQ_p94_l17,7.2Supplyoffivefirebucketdulyfilledwithfinesandandfixedonanangleironframeasperthe,IITB_COPT_BOQ,94,text
IITB_COPT_BOQ_p94_l19,Galvanised mild steel Fire bucket with clean sand & stand in accordance with IS 2546. Fire,IITB_COPT_BOQ,94,text
IITB_COPT_BOQ_p94_l20,"bucket shall have two coats of anti corrosive paint, two coats of red colour conforming to",IITB_COPT_BOQ,94,text
IITB_COPT_BOQ_p94_l21,shade No. 536or 538of IS5. The paint shallconform toIS 2932on itsoutside &two coatsof,IITB_COPT_BOQ,94,text
IITB_COPT_BOQ_p94_l22,"white paint on the inside. The word ""FIRE"" shall be clearly stencilled on it in accordance with",IITB_COPT_BOQ,94,text
IITB_COPT_BOQ_p94_l25,"accessories, consumables, fittings & rigging equipments necessary for the satisfactory",IITB_COPT_BOQ,94,text
IITB_COPT_BOQ_p94_l31,steel enclosure with SS 304 Moon rock finish with contract speed of 1 mps to serve G +6 ( 7,IITB_COPT_BOQ,94,text
IITB_COPT_BOQ_p94_l32,floors) with machine room as per detailed specifications mentioned below:-,IITB_COPT_BOQ,94,text
IITB_COPT_BOQ_p94_l38,Number of Floors served : 7 floors (G + 6),IITB_COPT_BOQ,94,text
IITB_COPT_BOQ_p94_l45,Machine: : Permanent magnet gearless motor with,IITB_COPT_BOQ,94,text
IITB_COPT_BOQ_p94_l50,Car entrance door size,IITB_COPT_BOQ,94,text
IITB_COPT_BOQ_p94_l52,SS doors with SS Honeycomb finish,IITB_COPT_BOQ,94,text
IITB_COPT_BOQ_p94_l53,Type of door - Power operated horizontal sliding centre opening doors,IITB_COPT_BOQ,94,text
IITB_COPT_BOQ_p94_l60,i) Panel : Shall be Stainless Steel of SS 304 doors with SS Honeycomb finish,IITB_COPT_BOQ,94,text
IITB_COPT_BOQ_p94_l61,ii) Flooring : Aluminum chequered plate,IITB_COPT_BOQ,94,text
IITB_COPT_BOQ_p94_l62,iii)Ceiling Finish: Shall be Stainless Steel of SS 304 mirror finish,IITB_COPT_BOQ,94,text
IITB_COPT_BOQ_p94_l66,i) Digital floor position indicator in the car and at all landings TFT/LED type.,IITB_COPT_BOQ,94,text
IITB_COPT_BOQ_p94_l68,car /landing Doors),IITB_COPT_BOQ,94,text
IITB_COPT_BOQ_p95_l1,viii) Firemen’s switch at ground floor,IITB_COPT_BOQ,95,text
IITB_COPT_BOQ_p95_l3,x) Floor announcement in the car.,IITB_COPT_BOQ,95,text
IITB_COPT_BOQ_p95_l4,xi) Lift in use / lift out of order sign: lift out of order indication shall be in-built with floor,IITB_COPT_BOQ,95,text
IITB_COPT_BOQ_p95_l12,Counter weight : Cast iron fillers fitted in steel channel frame of size and numbers as per,IITB_COPT_BOQ,95,text
IITB_COPT_BOQ_p95_l20,Door Close Safety : Full height Infrared light curtain door safety.,IITB_COPT_BOQ,95,text
IITB_COPT_BOQ_p95_l23,Firemen switch for the fire lift shall be provided at ground floor to enable the fire service,IITB_COPT_BOQ,95,text
IITB_COPT_BOQ_p95_l26,lifting cradle in the machine room and Control room with telephone/intercom wiring shall,IITB_COPT_BOQ,95,text
IITB_COPT_BOQ_p95_l32,elevator tothe nearestfloorataslowerspeed thanthe normalrun. Whileproceeding to the,IITB_COPT_BOQ,95,text
IITB_COPT_BOQ_p95_l33,"nearest floor the elevator will detect the zone and stop. After the elevator has stopped, it",IITB_COPT_BOQ,95,text
IITB_COPT_BOQ_p95_l34,automatically opens the doors and parks with door open. After the operation is completed,IITB_COPT_BOQ,95,text
IITB_COPT_BOQ_p95_l38,run in ARD mode until it reaches the nearest landing and the doors are fully opened. If,IITB_COPT_BOQ,95,text
IITB_COPT_BOQ_p95_l44,Voice announcement system in the car to announce the position of the elevator as the car,IITB_COPT_BOQ,95,text
IITB_COPT_BOQ_p95_l45,stops at a floor served by the elevator,IITB_COPT_BOQ,95,text
IITB_COPT_BOQ_p95_l46,Transmission : Steel ropes/belts,IITB_COPT_BOQ,95,text
IITB_COPT_BOQ_p95_l51,"Nudging, Emergency firemen’s service , Emergency car light unit, infrared curtain door",IITB_COPT_BOQ,95,text
IITB_COPT_BOQ_p95_l52,"protection, door time protection, emergency alarm button, extra door time of lobby and",IITB_COPT_BOQ,95,text
IITB_COPT_BOQ_p95_l53,"parking, door open/close button, manual rescue operation, auto fan cut off shall be",IITB_COPT_BOQ,95,text
IITB_COPT_BOQ_p95_l61,"stainless steel enclosure of SS 304 with Honey comb finish, contract speed of 1.5 mps to",IITB_COPT_BOQ,95,text
IITB_COPT_BOQ_p95_l62,"serve G + 6 ( 7 floors) with machine room as per detailed specifications mentioned below:-Nos. 2 29,97,309.00 59,94,618.00",IITB_COPT_BOQ,95,text
IITB_COPT_BOQ_p95_l68,Number of Floors served : 7 floors (G + 6),IITB_COPT_BOQ,95,text
IITB_COPT_BOQ_p96_l1,Machine: : Permanent magnet gearless motor with,IITB_COPT_BOQ,96,text
IITB_COPT_BOQ_p96_l6,Car entrance door Size,IITB_COPT_BOQ,96,text
IITB_COPT_BOQ_p96_l8,SS doors with SS Honeycomb finish,IITB_COPT_BOQ,96,text
IITB_COPT_BOQ_p96_l9,Type of door :Power operated horizontal sliding centre opening doors,IITB_COPT_BOQ,96,text
IITB_COPT_BOQ_p96_l16,i) Panel : Shall be Stainless Steel of SS 304 with Honeycomb finish,IITB_COPT_BOQ,96,text
IITB_COPT_BOQ_p96_l17,ii) Flooring : Minimum 25 mm thick Granite flooring.,IITB_COPT_BOQ,96,text
IITB_COPT_BOQ_p96_l18,iii)Ceiling Finish: Shall be Stainless Steel of SS 304 with Mirror finish.,IITB_COPT_BOQ,96,text
IITB_COPT_BOQ_p96_l22,i) Digital floor position indicator in the car and at all landings TFT/LED type.,IITB_COPT_BOQ,96,text
IITB_COPT_BOQ_p96_l24,car /landing Doors),IITB_COPT_BOQ,96,text
IITB_COPT_BOQ_p96_l32,viii) Firemen’s switch at ground floor,IITB_COPT_BOQ,96,text
IITB_COPT_BOQ_p96_l34,x) Floor announcement in the car.,IITB_COPT_BOQ,96,text
IITB_COPT_BOQ_p96_l35,xi) Lift in use / lift out of order sign: lift out of order indication shall be in-built with floor,IITB_COPT_BOQ,96,text
IITB_COPT_BOQ_p96_l43,Counter weight : Cast iron fillers fitted in steel channel frame of size and numbers as per,IITB_COPT_BOQ,96,text
IITB_COPT_BOQ_p96_l50,Door Close Safety : Full height Infrared light curtain door safety.,IITB_COPT_BOQ,96,text
IITB_COPT_BOQ_p96_l55,ii.Firemen switchfor the fire lift shall be provided at ground floorto enable the fire service,IITB_COPT_BOQ,96,text
IITB_COPT_BOQ_p96_l57,iii.The word‘fire lift’shallbeConspicuouslydisplayed in fluorescent paint on allthe firelifts,IITB_COPT_BOQ,96,text
IITB_COPT_BOQ_p96_l58,landing doors at ground floor .,IITB_COPT_BOQ,96,text
IITB_COPT_BOQ_p96_l60,lifting cradle in the machine room and Control room with telephone/intercom wiring shall,IITB_COPT_BOQ,96,text
IITB_COPT_BOQ_p96_l66,elevator tothe nearestfloorataslowerspeed thanthe normalrun. Whileproceeding to the,IITB_COPT_BOQ,96,text
IITB_COPT_BOQ_p96_l67,"nearest floor the elevator will detect the zone and stop. After the elevator has stopped, it",IITB_COPT_BOQ,96,text
IITB_COPT_BOQ_p96_l68,automatically opens the doors and parks with door open. After the operation is completed,IITB_COPT_BOQ,96,text
IITB_COPT_BOQ_p97_l2,run in ARD mode until it reaches the nearest landing and the doors are fully opened. If,IITB_COPT_BOQ,97,text
IITB_COPT_BOQ_p97_l8,Voice announcement system in the car to announce the position of the elevator as the car,IITB_COPT_BOQ,97,text
IITB_COPT_BOQ_p97_l9,stops at a floor served by the elevator,IITB_COPT_BOQ,97,text
IITB_COPT_BOQ_p97_l10,Hand rail:- At 900 mm above floor level on all sides adjacent COP,IITB_COPT_BOQ,97,text
IITB_COPT_BOQ_p97_l11,Machine: Permanent magnet gearless motor with regenerative drive,IITB_COPT_BOQ,97,text
IITB_COPT_BOQ_p97_l13,Transmission : Steel ropes/belts,IITB_COPT_BOQ,97,text
IITB_COPT_BOQ_p97_l18,"Nudging, Emergency firemen’s service , Emergency car light unit, infrared curtain door",IITB_COPT_BOQ,97,text
IITB_COPT_BOQ_p97_l19,"protection, door time protection, emergency alarm button, extra door time of lobby and",IITB_COPT_BOQ,97,text
IITB_COPT_BOQ_p97_l20,"parking, door open/close button, manual rescue operation, auto fan cut off shall be",IITB_COPT_BOQ,97,text
IITB_COPT_BOQ_p97_l31,"2.Beforetakinguptheworkunderthissubhead,thecontractorshallget theseriesandmake",IITB_COPT_BOQ,97,text
IITB_COPT_BOQ_p97_l36,4. The furnitures are required to place at several floors & locations as per layout / drawings,IITB_COPT_BOQ,97,text
IITB_COPT_BOQ_p97_l42,"7.1. All type of chairs : Godrej,HNI, Rockworth, Steelcase, Featheralite, Spacewood",IITB_COPT_BOQ,97,text
IITB_COPT_BOQ_p97_l43,"7.2. Rest of the furniture: Godrej,HNI, Rockworth, Steelcase, Featheralite, Spacewood",IITB_COPT_BOQ,97,text
IITB_COPT_BOQ_p97_l44,8. Loose furniture vendor to co-ordinate with Electrical and other agencies wherever,IITB_COPT_BOQ,97,text
IITB_COPT_BOQ_p97_l45,required while installation/placement of furniture.,IITB_COPT_BOQ,97,text
IITB_COPT_BOQ_p97_l58,up of slab stack foam with density of 32kg/cum & having minimum thickness of foam,IITB_COPT_BOQ,97,text
IITB_COPT_BOQ_p97_l71,"Location : Ground floor and all Waiting area Type - SF01Nos. 20 18,150.00 3,63,000.00",IITB_COPT_BOQ,97,text
IITB_COPT_BOQ_p98_l3,"Location : Ground floor waiting Type - SF02Nos. 2 25,750.00 51,500.00",IITB_COPT_BOQ,98,text
IITB_COPT_BOQ_p98_l6,Webbingwithspringandnylon beltshallbeplacedonUnderstucture.seatismadeupofslab,IITB_COPT_BOQ,98,text
IITB_COPT_BOQ_p98_l12,Charge 3D woven fabric upholstered on slab stock cushions with tropical hardwood under,IITB_COPT_BOQ,98,text
IITB_COPT_BOQ_p98_l22,Webbingwithspringandnylon beltshallbeplacedonUnderstucture.seatismadeupofslab,IITB_COPT_BOQ,98,text
IITB_COPT_BOQ_p98_l28,upholstered on slab stock cushionswith tropical hardwood under structure and rubberwood,IITB_COPT_BOQ,98,text
IITB_COPT_BOQ_p98_l31,"50 mm,Height : 800mm plus minus 50 mm with 3D woven fabric upholstered on slab stock",IITB_COPT_BOQ,98,text
IITB_COPT_BOQ_p98_l36,"50 mm,Height : 800mm plus minus 50 mm with 3D woven fabric upholstered on slab stock",IITB_COPT_BOQ,98,text
IITB_COPT_BOQ_p98_l38,"Location : Faculty Lounge at 3rd floor Type - SF07Nos. 1 25,750.00 25,750.00",IITB_COPT_BOQ,98,text
IITB_COPT_BOQ_p98_l41,solid pipe buffed and polished / Wooden legs out of BTC 45mm dia at the top tapering to,IITB_COPT_BOQ,98,text
IITB_COPT_BOQ_p98_l50,solid pipe buffed and polished / Wooden legs out of BTC 45mm dia at the top tapering to,IITB_COPT_BOQ,98,text
IITB_COPT_BOQ_p98_l59,up of SS 304 12 mm solid pipe buffed and polished / Wooden legs out of BTC 45mm dia at,IITB_COPT_BOQ,98,text
IITB_COPT_BOQ_p99_l2,indicative image. The structure of table shall be made up of SS 304 12 mm solid pipe buffed,IITB_COPT_BOQ,99,text
IITB_COPT_BOQ_p99_l13,9.9.1 Providing and fixing at all floors and locations modular fully knockdown workstation with,IITB_COPT_BOQ,99,text
IITB_COPT_BOQ_p99_l19,(All the combinations/ some of the combinations may be used as per selection).Tiles should,IITB_COPT_BOQ,99,text
IITB_COPT_BOQ_p99_l20,be slide in to the panels from top before fixing the top horizontal. These tiles should be,IITB_COPT_BOQ,99,text
IITB_COPT_BOQ_p99_l22,extrusion. Bottom tile and leg made of Mild steel,IITB_COPT_BOQ,99,text
IITB_COPT_BOQ_p99_l24,with epoxy powder coated.Fabricated bottom frame as a welded structure of steel,IITB_COPT_BOQ,99,text
IITB_COPT_BOQ_p99_l30,"magnetic tiles are fabric upholstered metal tiles in 0.6 mm thick G.I. Grade, Fabric tack tiles",IITB_COPT_BOQ,99,text
IITB_COPT_BOQ_p99_l31,"are fabric upholstered metal tiles in 0.6 mm thick G.I. Grade, with P.E. Foam in the tile for",IITB_COPT_BOQ,99,text
IITB_COPT_BOQ_p99_l32,"tackability,Whiteboardtilesaremadeof8.0mm thickparticle boardlaminatedwith0.6mm",IITB_COPT_BOQ,99,text
IITB_COPT_BOQ_p99_l35,"havingallitsedgeswithminimum0.5mmthickPVCedging,Glasstiles4mm thicktoughened",IITB_COPT_BOQ,99,text
IITB_COPT_BOQ_p99_l37,from 0.6mm powder coated CRCAsteel Grade D asper IS: 513. PlainMetal tilesare made of,IITB_COPT_BOQ,99,text
IITB_COPT_BOQ_p99_l46,"CRCAsheet forbodyshell,drawer tray,front &rear side stiffner.Top &bottom stiffner shall",IITB_COPT_BOQ,99,text
IITB_COPT_BOQ_p99_l56,Providing and fixing at all floors and locations modular fully knockdown workstation as per,IITB_COPT_BOQ,99,text
IITB_COPT_BOQ_p99_l62,combinations/someofthecombinationsmaybe usedasperselection).Tilesshouldbeslidin,IITB_COPT_BOQ,99,text
IITB_COPT_BOQ_p99_l63,tothe panelsfrom top beforefixing the tophorizontal.Thesetiles should be supported from,IITB_COPT_BOQ,99,text
IITB_COPT_BOQ_p99_l65,"tile and leg made of Mild steel with epoxy powder coated.Nos.136.00 32,550.00 44,26,800.00 9.9.2",IITB_COPT_BOQ,99,text
IITB_COPT_BOQ_p100_l1,Fabricated bottom frame as a welded structure of steel components. The panels and,IITB_COPT_BOQ,100,text
IITB_COPT_BOQ_p100_l6,provided with machine pressed 2 mm thick PVC lipping. Fabric magnetic tiles are fabric,IITB_COPT_BOQ,100,text
IITB_COPT_BOQ_p100_l7,"upholstered metal tiles in 0.6 mm thick G.I. Grade, Fabric tack tiles are fabric upholstered",IITB_COPT_BOQ,100,text
IITB_COPT_BOQ_p100_l8,"metal tiles in 0.6 mm thick G.I. Grade, with P.E. Foam in the tile for tack ability, White board",IITB_COPT_BOQ,100,text
IITB_COPT_BOQ_p100_l9,tiles are made of 8.0 mm thick particle board laminated with 0.6mm thick white glossy high,IITB_COPT_BOQ,100,text
IITB_COPT_BOQ_p100_l11,"havingallitsedgeswithminimum0.5mmthickPVCedging,Glasstiles4mm thicktoughened",IITB_COPT_BOQ,100,text
IITB_COPT_BOQ_p100_l13,from 0.6mm powder coated CRCAsteel Grade D asper IS: 513. PlainMetal tilesare made of,IITB_COPT_BOQ,100,text
IITB_COPT_BOQ_p100_l23,"CRCAsheet forbodyshell,drawer tray,front &rear side stiffner.Top &bottom stiffner shall",IITB_COPT_BOQ,100,text
IITB_COPT_BOQ_p100_l33,Providing and fixing at all floors and locations modular fully knockdown workstation as per,IITB_COPT_BOQ,100,text
IITB_COPT_BOQ_p100_l39,combinations/someofthecombinationsmaybe usedasperselection).Tilesshouldbeslidin,IITB_COPT_BOQ,100,text
IITB_COPT_BOQ_p100_l40,tothe panelsfrom top beforefixing the tophorizontal.Thesetiles should be supported from,IITB_COPT_BOQ,100,text
IITB_COPT_BOQ_p100_l42,"tile and leg made of Mild steel with epoxy powder coated.Fabricated bottom frame asNos.347 20,057.00 69,59,779.00",IITB_COPT_BOQ,100,text
IITB_COPT_BOQ_p100_l43,a welded structure of steel components. The panels and worktops are supported with MS,IITB_COPT_BOQ,100,text
IITB_COPT_BOQ_p100_l48,mmthickPVClipping. Fabricmagnetictilesarefabricupholsteredmetaltilesin0.6mmthick,IITB_COPT_BOQ,100,text
IITB_COPT_BOQ_p100_l49,"G.I.Grade,Fabrictacktiles arefabricupholstered metal tilesin 0.6mm thickG.I. Grade,with",IITB_COPT_BOQ,100,text
IITB_COPT_BOQ_p100_l50,"P.E. Foam in the tile for tack ability, White board tiles are made of 8.0 mm thick particle",IITB_COPT_BOQ,100,text
IITB_COPT_BOQ_p100_l53,"thick PVC edging, Glass tiles",IITB_COPT_BOQ,100,text
IITB_COPT_BOQ_p100_l55,verticalstiffenersmadefrom 0.6mm powder coatedCRCAsteelGrade Das perIS: 513.Plain,IITB_COPT_BOQ,100,text
IITB_COPT_BOQ_p100_l56,Metal tiles are made of 0.6 mm thick M.S. CRCA Grade D as per IS: 513 powder coated with,IITB_COPT_BOQ,100,text
IITB_COPT_BOQ_p101_l2,"CRCAsheet forbodyshell,drawer tray,front &rear side stiffner.Top &bottom stiffner shall",IITB_COPT_BOQ,101,text
IITB_COPT_BOQ_p101_l12,9.9.4 EXECUTIVE TABLE -Providing and fixing at all floors and locations modular fully knockdown,IITB_COPT_BOQ,101,text
IITB_COPT_BOQ_p101_l48,"stainless steel wire manager, complete as per drawing and as directed by Architect/Site in",IITB_COPT_BOQ,101,text
IITB_COPT_BOQ_p101_l57,"bothsides,rested on heavyStainlessSteelpinsincludinghardwarelike75mm highS Sheavy",IITB_COPT_BOQ,101,text
IITB_COPT_BOQ_p102_l7,"bothsides,rested on heavyStainlessSteelpinsincludinghardwarelike75mm highheavy SS",IITB_COPT_BOQ,102,text
IITB_COPT_BOQ_p102_l18,"0.8mm th CRCA sheet for body shell, drawer tray, front & rear side stiffner. Top & bottom",IITB_COPT_BOQ,102,text
IITB_COPT_BOQ_p102_l29,9.11RECEPTION TABLE - Providing and fixing at all floors and locations modular fully knockdown,IITB_COPT_BOQ,102,text
IITB_COPT_BOQ_p102_l34,lam partical board. legs are made of 18m & 25mm thick mdf board with 2 side PU painted,IITB_COPT_BOQ,102,text
IITB_COPT_BOQ_p102_l38,"18m & 25mm thick mdf board with 2 side PU painted finish & hardness 2H. Nos. 2 27,080.00 54,160.00",IITB_COPT_BOQ,102,text
IITB_COPT_BOQ_p102_l39,Size & Location : L:1800 X D:75O X H:750 at Ground floor,IITB_COPT_BOQ,102,text
IITB_COPT_BOQ_p102_l42,a) RECEPTION SIDE TABLE - Providing and fixing at all floors and locations modular Low,IITB_COPT_BOQ,102,text
IITB_COPT_BOQ_p102_l46,unit and is assembled with suitable KD fittings/ metal insert. The shelves and separator,IITB_COPT_BOQ,102,text
IITB_COPT_BOQ_p102_l49,optimizingthespace.Doors:DoorPanelsaemadefrom18mmPLBwith2mmEdgebandon,IITB_COPT_BOQ,102,text
IITB_COPT_BOQ_p102_l51,vertically at the center of the door.,IITB_COPT_BOQ,102,text
IITB_COPT_BOQ_p102_l52,The each door to be provided with minimum 2 nos soft closing hinges or sliding unit,IITB_COPT_BOQ,102,text
IITB_COPT_BOQ_p102_l59,Size & Location : L:1200 X D:450 X H:750 at Ground floor & Director's Cabin,IITB_COPT_BOQ,102,text
IITB_COPT_BOQ_p103_l1,b) RECEPTION BACK TABLE - Providing and fixing at all floors and locations modular Low,IITB_COPT_BOQ,103,text
IITB_COPT_BOQ_p103_l5,unit and is assembled with suitable KD fittings/ metal insert. The shelves and separator,IITB_COPT_BOQ,103,text
IITB_COPT_BOQ_p103_l8,optimizingthespace.Doors:DoorPanelsaemadefrom18mmPLBwith2mmEdgebandon,IITB_COPT_BOQ,103,text
IITB_COPT_BOQ_p103_l10,vertically at the center of the door.,IITB_COPT_BOQ,103,text
IITB_COPT_BOQ_p103_l11,The each door to be provided with minimum 2 nos soft closing hinges or sliding unit,IITB_COPT_BOQ,103,text
IITB_COPT_BOQ_p103_l18,Size & Location : L:1500 X D:450 X H:750 at Ground floor & Director's Cabin,IITB_COPT_BOQ,103,text
IITB_COPT_BOQ_p103_l20,9.12DISCUSSION TABLE - Providing and fixing at all floors and locationsmodular fully knockdown,IITB_COPT_BOQ,103,text
IITB_COPT_BOQ_p103_l30,steel Plates (HR) (As per IS: 2062) & the bottom plate is made of 8mm thk hot rolled steel,IITB_COPT_BOQ,103,text
IITB_COPT_BOQ_p103_l34,60 microns). Cutout for standard 6 Module is provided for electrical fittings.An additional,IITB_COPT_BOQ,103,text
IITB_COPT_BOQ_p103_l40,"Location : Faculty Room at 2nd floor Type - T22Nos. 1 6,072.00 6,072.00",IITB_COPT_BOQ,103,text
IITB_COPT_BOQ_p103_l44,9.14TABLE AT CLASSROOM - L:1200 X D:500 X H:750 Providing and fixing at all floors and,IITB_COPT_BOQ,103,text
IITB_COPT_BOQ_p103_l61,.Provisionforstandardsizeof8moduleelectricalshallbe provided.Accessflapismadefrom,IITB_COPT_BOQ,103,text
IITB_COPT_BOQ_p103_l65,"Location : 3rd & 4th floor Type - T24 Nos. 3 9,500.00 28,500.00",IITB_COPT_BOQ,103,text
IITB_COPT_BOQ_p104_l1,9.15 Providing and fixing atallfloorsandlocations modularfullyknockdownmeetingtable asper,IITB_COPT_BOQ,104,text
IITB_COPT_BOQ_p104_l5,supplyand datacablesat1200mm c/c.The Under-structurelegsandmodestypanel consists,IITB_COPT_BOQ,104,text
IITB_COPT_BOQ_p104_l16,9.16 Providing and fixing at all floors and locations modular Low Height Storage units with 2,IITB_COPT_BOQ,104,text
IITB_COPT_BOQ_p104_l20,suitable KD fittings/ metal insert. The shelves and separator panels made from 18 mm,IITB_COPT_BOQ,104,text
IITB_COPT_BOQ_p104_l22,is fixed and other shelves have one step adjustment for optimizing the space. Doors : Door,IITB_COPT_BOQ,104,text
IITB_COPT_BOQ_p104_l24,handle to be provided as per direction & is to be fitted vertically at the center of the door.,IITB_COPT_BOQ,104,text
IITB_COPT_BOQ_p104_l25,The each door to be provided with minimum 3 nos soft closing hinges or sliding unit,IITB_COPT_BOQ,104,text
IITB_COPT_BOQ_p104_l38,9.17 Providing and fixing at all floors and locations modular fully knockdown back unit credenza,IITB_COPT_BOQ,104,text
IITB_COPT_BOQ_p104_l48,computerized edge polish and fixed with brush Stainless Steel D brackets/ pins. All plywood,IITB_COPT_BOQ,104,text
IITB_COPT_BOQ_p104_l58,"finished with approved laminate on both sides,rested on heavy StainlessSteel pinsincluding",IITB_COPT_BOQ,104,text
IITB_COPT_BOQ_p105_l7,heavy Stainless Steel pins including hardware like 75 mm high heavy S S hinges ( 2 Nos. for,IITB_COPT_BOQ,105,text
IITB_COPT_BOQ_p105_l14,"polish in open space, fixed with brush Stainless Steel D brackets/pins, unit partly finished with",IITB_COPT_BOQ,105,text
IITB_COPT_BOQ_p105_l15,"approved PU paint, complete as per drawing and as directed by Architect/Site in charge.",IITB_COPT_BOQ,105,text
IITB_COPT_BOQ_p105_l30,"finished with approved laminate on both sides,rested on heavy StainlessSteel pinsincluding",IITB_COPT_BOQ,105,text
IITB_COPT_BOQ_p105_l39,"polish in open space, fixed with brush Stainless Steel D brackets/pins, unit partly finished with",IITB_COPT_BOQ,105,text
IITB_COPT_BOQ_p105_l40,"approved PU paint, complete as per drawing and as directed by Architect/Site in charge.",IITB_COPT_BOQ,105,text
IITB_COPT_BOQ_p106_l42,"SIZE/OVERALL DIMENSIONS: 640 mm(W) X 625 mm(D) X 910 mm(Ht), Height from floor to",IITB_COPT_BOQ,106,text
IITB_COPT_BOQ_p106_l43,back: 960mm Height from floor to seat: 500mm and having SEAT/ BACK ASSEMBLY:,IITB_COPT_BOQ,106,text
IITB_COPT_BOQ_p106_l59,INDENTATION HARDNESS: 15.4 3.Understructure - MS pipe duly powder coated Type - CH05,IITB_COPT_BOQ,106,text
IITB_COPT_BOQ_p106_l62,prelam board. Frame struture made of 25*25*1.2mm thick C.R.C.A Steel pipe . All metal,IITB_COPT_BOQ,106,text
IITB_COPT_BOQ_p106_l63,componentsarePretrated withnano technologypowder coatingprocess.25mmsquarepipe,IITB_COPT_BOQ,106,text
IITB_COPT_BOQ_p106_l64,side frame assemblies are connected with 25mm square pipe cross members. Seat and Top,IITB_COPT_BOQ,106,text
IITB_COPT_BOQ_p107_l3,prelam board. Frame struture made of 25*25*1.2mm thick C.R.C.A Steel pipe . All metal,IITB_COPT_BOQ,107,text
IITB_COPT_BOQ_p107_l4,componentsarePretrated withnano technologypowder coatingprocess.25mmsquarepipe,IITB_COPT_BOQ,107,text
IITB_COPT_BOQ_p107_l5,side frame assemblies are connected with 25mm square pipe cross members. Seat and Top,IITB_COPT_BOQ,107,text
